Compound_ID,Original_SMILES,Standardized_SMILES,Predicted_Value,Probability,AD_Status,Leverage_h,Warning_h_star,Nearest_Similarity,Warning_Flags,Model_ID
BRAF_TEST_0001,c1ccccc1C,Cc1ccccc1,4.05550000000001,,IN_DOMAIN,0.3713649942096383,0.9030612244897959,1.0,OK,Extra Trees
BRAF_TEST_0002,c1ccc(cc1)C,Cc1ccccc1,4.05550000000001,,IN_DOMAIN,0.3713649942096383,0.9030612244897959,1.0,OK,Extra Trees
BRAF_TEST_0003,c1ccncc1C,Cc1cccnc1,4.129500000000006,,IN_DOMAIN,0.3282239245079185,0.9030612244897959,1.0,OK,Extra Trees
BRAF_TEST_0004,c1ncccc1C,Cc1cccnc1,4.129500000000006,,IN_DOMAIN,0.3282239245079185,0.9030612244897959,1.0,OK,Extra Trees
BRAF_TEST_0005,c1cccnc1C,Cc1ccccn1,4.184999999999969,,IN_DOMAIN,0.3314586299182121,0.9030612244897959,1.0,OK,Extra Trees
BRAF_TEST_0006,c1ccc2ccccc2c1C,Cc1cccc2ccccc12,4.221999999999984,,IN_DOMAIN,0.4748805207820094,0.9030612244897959,1.0,OK,Extra Trees
BRAF_TEST_0007,c1ccccc1CC,CCc1ccccc1,5.831500000000005,,IN_DOMAIN,0.2700058484240032,0.9030612244897959,1.0,OK,Extra Trees
BRAF_TEST_0008,c1ccc(cc1)CC,CCc1ccccc1,5.831500000000005,,IN_DOMAIN,0.2700058484240032,0.9030612244897959,1.0,OK,Extra Trees
BRAF_TEST_0009,c1ccncc1CC,CCc1cccnc1,5.905500000000022,,IN_DOMAIN,0.2639772301210886,0.9030612244897959,1.0,OK,Extra Trees
BRAF_TEST_0010,c1ncccc1CC,CCc1cccnc1,5.905500000000022,,IN_DOMAIN,0.2639772301210886,0.9030612244897959,1.0,OK,Extra Trees
BRAF_TEST_0011,c1cccnc1CC,CCc1ccccn1,5.397986666666673,,IN_DOMAIN,0.2609771355100222,0.9030612244897959,0.6666666666666666,OK,Extra Trees
BRAF_TEST_0012,c1ccc2ccccc2c1CC,CCc1cccc2ccccc12,5.998000000000031,,IN_DOMAIN,0.2709937772927704,0.9030612244897959,1.0,OK,Extra Trees
BRAF_TEST_0013,c1ccccc1CCC,CCCc1ccccc1,6.053499999999987,,IN_DOMAIN,0.1987887028662295,0.9030612244897959,1.0,OK,Extra Trees
BRAF_TEST_0014,c1ccc(cc1)CCC,CCCc1ccccc1,6.053499999999987,,IN_DOMAIN,0.1987887028662295,0.9030612244897959,1.0,OK,Extra Trees
BRAF_TEST_0015,c1ccncc1CCC,CCCc1cccnc1,4.573499999999983,,IN_DOMAIN,0.170019831249082,0.9030612244897959,1.0,OK,Extra Trees
BRAF_TEST_0016,c1ncccc1CCC,CCCc1cccnc1,4.573499999999983,,IN_DOMAIN,0.170019831249082,0.9030612244897959,1.0,OK,Extra Trees
BRAF_TEST_0017,c1cccnc1CCC,CCCc1ccccn1,4.628999999999985,,IN_DOMAIN,0.1770456625993136,0.9030612244897959,1.0,OK,Extra Trees
BRAF_TEST_0018,c1ccc2ccccc2c1CCC,CCCc1cccc2ccccc12,4.666000000000003,,IN_DOMAIN,0.1890668376949763,0.9030612244897959,1.0,OK,Extra Trees
BRAF_TEST_0019,c1ccccc1Cl,Clc1ccccc1,4.721500000000025,,IN_DOMAIN,0.5079361919347058,0.9030612244897959,1.0,OK,Extra Trees
BRAF_TEST_0020,c1ccc(cc1)Cl,Clc1ccccc1,4.721500000000025,,IN_DOMAIN,0.5079361919347058,0.9030612244897959,1.0,OK,Extra Trees
BRAF_TEST_0021,c1ccncc1Cl,Clc1cccnc1,4.795499999999968,,IN_DOMAIN,0.5245624859080974,0.9030612244897959,1.0,OK,Extra Trees
BRAF_TEST_0022,c1ncccc1Cl,Clc1cccnc1,4.795499999999968,,IN_DOMAIN,0.5245624859080974,0.9030612244897959,1.0,OK,Extra Trees
BRAF_TEST_0023,c1cccnc1Cl,Clc1ccccn1,4.851000000000033,,OUT_OF_DOMAIN,0.9996648785307652,0.9030612244897959,1.0,HIGH_LEVERAGE_EXTRAPOLATION,Extra Trees
BRAF_TEST_0024,c1ccc2ccccc2c1Cl,Clc1cccc2ccccc12,4.887999999999985,,IN_DOMAIN,0.6048380619650602,0.9030612244897959,1.0,OK,Extra Trees
BRAF_TEST_0025,c1ccccc1F,Fc1ccccc1,4.943500000000012,,IN_DOMAIN,0.474274513367818,0.9030612244897959,1.0,OK,Extra Trees
BRAF_TEST_0026,c1ccc(cc1)F,Fc1ccccc1,4.943500000000012,,IN_DOMAIN,0.474274513367818,0.9030612244897959,1.0,OK,Extra Trees
BRAF_TEST_0027,c1ccncc1F,Fc1cccnc1,5.017499999999989,,IN_DOMAIN,0.4863013025006702,0.9030612244897959,1.0,OK,Extra Trees
BRAF_TEST_0028,c1ncccc1F,Fc1cccnc1,5.017499999999989,,IN_DOMAIN,0.4863013025006702,0.9030612244897959,1.0,OK,Extra Trees
BRAF_TEST_0029,c1cccnc1F,Fc1ccccn1,5.499559999999989,,OUT_OF_DOMAIN,2.093333293521714,0.9030612244897959,0.4583333333333333,HIGH_LEVERAGE_EXTRAPOLATION,Extra Trees
BRAF_TEST_0030,c1ccc2ccccc2c1F,Fc1cccc2ccccc12,5.109999999999975,,IN_DOMAIN,0.6073238670967803,0.9030612244897959,1.0,OK,Extra Trees
BRAF_TEST_0031,c1ccccc1Br,Brc1ccccc1,5.165500000000008,,IN_DOMAIN,0.5255321289817073,0.9030612244897959,1.0,OK,Extra Trees
BRAF_TEST_0032,c1ccc(cc1)Br,Brc1ccccc1,5.165500000000008,,IN_DOMAIN,0.5255321289817073,0.9030612244897959,1.0,OK,Extra Trees
BRAF_TEST_0033,c1ccncc1Br,Brc1cccnc1,5.239499999999977,,IN_DOMAIN,0.4778577792238831,0.9030612244897959,1.0,OK,Extra Trees
BRAF_TEST_0034,c1ncccc1Br,Brc1cccnc1,5.239499999999977,,IN_DOMAIN,0.4778577792238831,0.9030612244897959,1.0,OK,Extra Trees
BRAF_TEST_0035,c1cccnc1Br,Brc1ccccn1,5.295000000000014,,IN_DOMAIN,0.6159488854649187,0.9030612244897959,1.0,OK,Extra Trees
BRAF_TEST_0036,c1ccc2ccccc2c1Br,Brc1cccc2ccccc12,5.471486666666672,,IN_DOMAIN,0.8041961370152177,0.9030612244897959,0.4782608695652174,OK,Extra Trees
BRAF_TEST_0037,c1ccccc1OC,COc1ccccc1,5.387500000000028,,IN_DOMAIN,0.2353711076495708,0.9030612244897959,1.0,OK,Extra Trees
BRAF_TEST_0038,c1ccc(cc1)OC,COc1ccccc1,5.387500000000028,,IN_DOMAIN,0.2353711076495708,0.9030612244897959,1.0,OK,Extra Trees
BRAF_TEST_0039,c1ccncc1OC,COc1cccnc1,5.461499999999957,,IN_DOMAIN,0.2226136693367624,0.9030612244897959,1.0,OK,Extra Trees
BRAF_TEST_0040,c1ncccc1OC,COc1cccnc1,5.461499999999957,,IN_DOMAIN,0.2226136693367624,0.9030612244897959,1.0,OK,Extra Trees
BRAF_TEST_0041,c1cccnc1OC,COc1ccccn1,5.517000000000035,,IN_DOMAIN,0.2359813974543615,0.9030612244897959,1.0,OK,Extra Trees
BRAF_TEST_0042,c1ccc2ccccc2c1OC,COc1cccc2ccccc12,5.554000000000022,,IN_DOMAIN,0.2860525758858463,0.9030612244897959,1.0,OK,Extra Trees
BRAF_TEST_0043,c1ccccc1CN,NCc1ccccc1,8.142000000000005,,IN_DOMAIN,0.1985267106829323,0.9030612244897959,1.0,OK,Extra Trees
BRAF_TEST_0044,c1ccc(cc1)CN,NCc1ccccc1,8.142000000000005,,IN_DOMAIN,0.1985267106829323,0.9030612244897959,1.0,OK,Extra Trees
BRAF_TEST_0045,c1ccncc1CN,NCc1cccnc1,4.865500000000031,,IN_DOMAIN,0.1830583340347519,0.9030612244897959,1.0,OK,Extra Trees
BRAF_TEST_0046,c1ncccc1CN,NCc1cccnc1,4.865500000000031,,IN_DOMAIN,0.1830583340347519,0.9030612244897959,1.0,OK,Extra Trees
BRAF_TEST_0047,c1cccnc1CN,NCc1ccccn1,4.92100000000003,,IN_DOMAIN,0.1783197244970079,0.9030612244897959,1.0,OK,Extra Trees
BRAF_TEST_0048,c1ccc2ccccc2c1CN,NCc1cccc2ccccc12,4.95800000000002,,IN_DOMAIN,0.1928273839957119,0.9030612244897959,1.0,OK,Extra Trees
BRAF_TEST_0049,c1ccccc1N,Nc1ccccc1,5.831500000000005,,IN_DOMAIN,0.4365167693998129,0.9030612244897959,1.0,OK,Extra Trees
BRAF_TEST_0050,c1ccc(cc1)N,Nc1ccccc1,5.831500000000005,,IN_DOMAIN,0.4365167693998129,0.9030612244897959,1.0,OK,Extra Trees
BRAF_TEST_0051,c1ccncc1N,Nc1cccnc1,5.905500000000022,,IN_DOMAIN,0.4022336804767048,0.9030612244897959,1.0,OK,Extra Trees
BRAF_TEST_0052,c1ncccc1N,Nc1cccnc1,5.905500000000022,,IN_DOMAIN,0.4022336804767048,0.9030612244897959,1.0,OK,Extra Trees
BRAF_TEST_0053,c1cccnc1N,Nc1ccccn1,5.961000000000011,,IN_DOMAIN,0.4121476921256523,0.9030612244897959,1.0,OK,Extra Trees
BRAF_TEST_0054,c1ccc2ccccc2c1N,Nc1cccc2ccccc12,5.907803333333336,,IN_DOMAIN,0.8042089437164065,0.9030612244897959,0.48,OK,Extra Trees
BRAF_TEST_0055,c1ccccc1C#N,N#Cc1ccccc1,6.053499999999987,,IN_DOMAIN,0.2866955756770657,0.9030612244897959,1.0,OK,Extra Trees
BRAF_TEST_0056,c1ccc(cc1)C#N,N#Cc1ccccc1,6.053499999999987,,IN_DOMAIN,0.2866955756770657,0.9030612244897959,1.0,OK,Extra Trees
BRAF_TEST_0057,c1ccncc1C#N,N#Cc1cccnc1,6.127500000000039,,IN_DOMAIN,0.2694788648808428,0.9030612244897959,1.0,OK,Extra Trees
BRAF_TEST_0058,c1ncccc1C#N,N#Cc1cccnc1,6.127500000000039,,IN_DOMAIN,0.2694788648808428,0.9030612244897959,1.0,OK,Extra Trees
BRAF_TEST_0059,c1cccnc1C#N,N#Cc1ccccn1,6.182999999999994,,IN_DOMAIN,0.3293710891809086,0.9030612244897959,1.0,OK,Extra Trees
BRAF_TEST_0060,c1ccc2ccccc2c1C#N,N#Cc1cccc2ccccc12,6.220000000000024,,IN_DOMAIN,0.33670670119133,0.9030612244897959,1.0,OK,Extra Trees
BRAF_TEST_0061,c1ccccc1C(F)(F)F,FC(F)(F)c1ccccc1,6.275499999999978,,IN_DOMAIN,0.5167679416474792,0.9030612244897959,1.0,OK,Extra Trees
BRAF_TEST_0062,c1ccc(cc1)C(F)(F)F,FC(F)(F)c1ccccc1,6.275499999999978,,IN_DOMAIN,0.5167679416474792,0.9030612244897959,1.0,OK,Extra Trees
BRAF_TEST_0063,c1ccncc1C(F)(F)F,FC(F)(F)c1cccnc1,6.349500000000022,,IN_DOMAIN,0.4150843931810815,0.9030612244897959,1.0,OK,Extra Trees
BRAF_TEST_0064,c1ncccc1C(F)(F)F,FC(F)(F)c1cccnc1,6.349500000000022,,IN_DOMAIN,0.4150843931810815,0.9030612244897959,1.0,OK,Extra Trees
BRAF_TEST_0065,c1cccnc1C(F)(F)F,FC(F)(F)c1ccccn1,6.404999999999976,,IN_DOMAIN,0.4484649448454712,0.9030612244897959,1.0,OK,Extra Trees
BRAF_TEST_0066,c1ccc2ccccc2c1C(F)(F)F,FC(F)(F)c1cccc2ccccc12,6.442000000000006,,IN_DOMAIN,0.739700500002576,0.9030612244897959,1.0,OK,Extra Trees
BRAF_TEST_0067,c1ccccc1CCO,OCCc1ccccc1,5.305499999999993,,IN_DOMAIN,0.162960302674739,0.9030612244897959,1.0,OK,Extra Trees
BRAF_TEST_0068,c1ccc(cc1)CCO,OCCc1ccccc1,5.305499999999993,,IN_DOMAIN,0.162960302674739,0.9030612244897959,1.0,OK,Extra Trees
BRAF_TEST_0069,c1ccncc1CCO,OCCc1cccnc1,5.379500000000006,,IN_DOMAIN,0.1848880967751722,0.9030612244897959,1.0,OK,Extra Trees
BRAF_TEST_0070,c1ncccc1CCO,OCCc1cccnc1,5.379500000000006,,IN_DOMAIN,0.1848880967751722,0.9030612244897959,1.0,OK,Extra Trees
BRAF_TEST_0071,c1cccnc1CCO,OCCc1ccccn1,5.434999999999963,,IN_DOMAIN,0.199288214685599,0.9030612244897959,1.0,OK,Extra Trees
BRAF_TEST_0072,c1ccc2ccccc2c1CCO,OCCc1cccc2ccccc12,5.471999999999984,,IN_DOMAIN,0.1953611524933989,0.9030612244897959,1.0,OK,Extra Trees
BRAF_TEST_0073,c1ccccc1C(=O)N,NC(=O)c1ccccc1,6.719499999999972,,IN_DOMAIN,0.3992442990919674,0.9030612244897959,1.0,OK,Extra Trees
BRAF_TEST_0074,c1ccc(cc1)C(=O)N,NC(=O)c1ccccc1,6.719499999999972,,IN_DOMAIN,0.3992442990919674,0.9030612244897959,1.0,OK,Extra Trees
BRAF_TEST_0075,c1ccncc1C(=O)N,NC(=O)c1cccnc1,6.793499999999995,,IN_DOMAIN,0.4576789386126269,0.9030612244897959,1.0,OK,Extra Trees
BRAF_TEST_0076,c1ncccc1C(=O)N,NC(=O)c1cccnc1,6.793499999999995,,IN_DOMAIN,0.4576789386126269,0.9030612244897959,1.0,OK,Extra Trees
BRAF_TEST_0077,c1cccnc1C(=O)N,NC(=O)c1ccccn1,6.848999999999976,,IN_DOMAIN,0.5171913126295711,0.9030612244897959,1.0,OK,Extra Trees
BRAF_TEST_0078,c1ccc2ccccc2c1C(=O)N,NC(=O)c1cccc2ccccc12,7.13143333333332,,IN_DOMAIN,0.5335024209717046,0.9030612244897959,0.6538461538461539,OK,Extra Trees
BRAF_TEST_0079,c1ccccc1C(=O)O,O=C(O)c1ccccc1,6.941499999999959,,IN_DOMAIN,0.3259954293371394,0.9030612244897959,1.0,OK,Extra Trees
BRAF_TEST_0080,c1ccc(cc1)C(=O)O,O=C(O)c1ccccc1,6.941499999999959,,IN_DOMAIN,0.3259954293371394,0.9030612244897959,1.0,OK,Extra Trees
BRAF_TEST_0081,c1ccncc1C(=O)O,O=C(O)c1cccnc1,7.015499999999979,,IN_DOMAIN,0.3165378867458994,0.9030612244897959,1.0,OK,Extra Trees
BRAF_TEST_0082,c1ncccc1C(=O)O,O=C(O)c1cccnc1,7.015499999999979,,IN_DOMAIN,0.3165378867458994,0.9030612244897959,1.0,OK,Extra Trees
BRAF_TEST_0083,c1cccnc1C(=O)O,O=C(O)c1ccccn1,7.070999999999964,,IN_DOMAIN,0.3158367915020905,0.9030612244897959,1.0,OK,Extra Trees
BRAF_TEST_0084,c1ccc2ccccc2c1C(=O)O,O=C(O)c1cccc2ccccc12,7.10799999999997,,IN_DOMAIN,0.3639762559834923,0.9030612244897959,1.0,OK,Extra Trees
BRAF_TEST_0085,c1ccccc1S,Sc1ccccc1,7.163500000000059,,IN_DOMAIN,0.3862794289366446,0.9030612244897959,1.0,OK,Extra Trees
BRAF_TEST_0086,c1ccc(cc1)S,Sc1ccccc1,7.163500000000059,,IN_DOMAIN,0.3862794289366446,0.9030612244897959,1.0,OK,Extra Trees
BRAF_TEST_0087,c1ccncc1S,Sc1cccnc1,7.23749999999998,,IN_DOMAIN,0.3485127548051706,0.9030612244897959,1.0,OK,Extra Trees
BRAF_TEST_0088,c1ncccc1S,Sc1cccnc1,7.23749999999998,,IN_DOMAIN,0.3485127548051706,0.9030612244897959,1.0,OK,Extra Trees
BRAF_TEST_0089,c1cccnc1S,Sc1ccccn1,7.292999999999961,,IN_DOMAIN,0.4634732434323579,0.9030612244897959,1.0,OK,Extra Trees
BRAF_TEST_0090,c1ccc2ccccc2c1S,Sc1cccc2ccccc12,7.32999999999997,,IN_DOMAIN,0.4575138530280106,0.9030612244897959,1.0,OK,Extra Trees
BRAF_TEST_0091,c1ccccc1CC,CCc1ccccc1,5.831500000000005,,IN_DOMAIN,0.2700058484240032,0.9030612244897959,1.0,OK,Extra Trees
BRAF_TEST_0092,c1ccc(cc1)CC,CCc1ccccc1,5.831500000000005,,IN_DOMAIN,0.2700058484240032,0.9030612244897959,1.0,OK,Extra Trees
BRAF_TEST_0093,c1ccncc1CC,CCc1cccnc1,5.905500000000022,,IN_DOMAIN,0.2639772301210886,0.9030612244897959,1.0,OK,Extra Trees
BRAF_TEST_0094,c1ncccc1CC,CCc1cccnc1,5.905500000000022,,IN_DOMAIN,0.2639772301210886,0.9030612244897959,1.0,OK,Extra Trees
BRAF_TEST_0095,c1cccnc1CC,CCc1ccccn1,5.397986666666673,,IN_DOMAIN,0.2609771355100222,0.9030612244897959,0.6666666666666666,OK,Extra Trees
BRAF_TEST_0096,c1ccc2ccccc2c1CC,CCc1cccc2ccccc12,5.998000000000031,,IN_DOMAIN,0.2709937772927704,0.9030612244897959,1.0,OK,Extra Trees
BRAF_TEST_0097,c1ccccc1CCC,CCCc1ccccc1,6.053499999999987,,IN_DOMAIN,0.1987887028662295,0.9030612244897959,1.0,OK,Extra Trees
BRAF_TEST_0098,c1ccc(cc1)CCC,CCCc1ccccc1,6.053499999999987,,IN_DOMAIN,0.1987887028662295,0.9030612244897959,1.0,OK,Extra Trees
BRAF_TEST_0099,c1ccncc1CCC,CCCc1cccnc1,4.573499999999983,,IN_DOMAIN,0.170019831249082,0.9030612244897959,1.0,OK,Extra Trees
BRAF_TEST_0100,c1ncccc1CCC,CCCc1cccnc1,4.573499999999983,,IN_DOMAIN,0.170019831249082,0.9030612244897959,1.0,OK,Extra Trees
BRAF_TEST_0101,c1cccnc1CCC,CCCc1ccccn1,4.628999999999985,,IN_DOMAIN,0.1770456625993136,0.9030612244897959,1.0,OK,Extra Trees
BRAF_TEST_0102,c1ccc2ccccc2c1CCC,CCCc1cccc2ccccc12,4.666000000000003,,IN_DOMAIN,0.1890668376949763,0.9030612244897959,1.0,OK,Extra Trees
BRAF_TEST_0103,c1ccccc1CCCC,CCCCc1ccccc1,7.344499999999985,,IN_DOMAIN,0.1701039004734307,0.9030612244897959,1.0,OK,Extra Trees
BRAF_TEST_0104,c1ccc(cc1)CCCC,CCCCc1ccccc1,7.344499999999985,,IN_DOMAIN,0.1701039004733569,0.9030612244897959,1.0,OK,Extra Trees
BRAF_TEST_0105,c1ccncc1CCCC,CCCCc1cccnc1,6.577719999999986,,IN_DOMAIN,0.1965265104966165,0.9030612244897959,0.8518518518518519,OK,Extra Trees
BRAF_TEST_0106,c1ncccc1CCCC,CCCCc1cccnc1,6.577719999999986,,IN_DOMAIN,0.1965265104966165,0.9030612244897959,0.8518518518518519,OK,Extra Trees
BRAF_TEST_0107,c1cccnc1CCCC,CCCCc1ccccn1,6.467159999999988,,IN_DOMAIN,0.1566422539468875,0.9030612244897959,0.88,OK,Extra Trees
BRAF_TEST_0108,c1ccc2ccccc2c1CCCC,CCCCc1cccc2ccccc12,7.510999999999978,,IN_DOMAIN,0.1703849556414519,0.9030612244897959,1.0,OK,Extra Trees
BRAF_TEST_0127,c1ccccc1OCC,CCOc1ccccc1,6.406536666666684,,IN_DOMAIN,0.2247423930482749,0.9030612244897959,0.6363636363636364,OK,Extra Trees
BRAF_TEST_0128,c1ccc(cc1)OCC,CCOc1ccccc1,6.406536666666684,,IN_DOMAIN,0.2247423930482749,0.9030612244897959,0.6363636363636364,OK,Extra Trees
BRAF_TEST_0129,c1ccncc1OCC,CCOc1cccnc1,6.814300000000001,,IN_DOMAIN,0.207029584938243,0.9030612244897959,0.7142857142857143,OK,Extra Trees
BRAF_TEST_0130,c1ncccc1OCC,CCOc1cccnc1,6.814300000000001,,IN_DOMAIN,0.207029584938243,0.9030612244897959,0.7142857142857143,OK,Extra Trees
BRAF_TEST_0131,c1cccnc1OCC,CCOc1ccccn1,8.847000000000035,,IN_DOMAIN,0.2243956509071172,0.9030612244897959,1.0,OK,Extra Trees
BRAF_TEST_0132,c1ccc2ccccc2c1OCC,CCOc1cccc2ccccc12,6.050613333333323,,IN_DOMAIN,0.2512778589997187,0.9030612244897959,0.7142857142857143,OK,Extra Trees
BRAF_TEST_0133,c1ccccc1CNC,CNCc1ccccc1,8.199785000000007,,IN_DOMAIN,0.1687209190636737,0.9030612244897959,0.6363636363636364,OK,Extra Trees
BRAF_TEST_0134,c1ccc(cc1)CNC,CNCc1ccccc1,8.199785000000007,,IN_DOMAIN,0.1687209190636737,0.9030612244897959,0.6363636363636364,OK,Extra Trees
BRAF_TEST_0135,c1ccncc1CNC,CNCc1cccnc1,8.19549999999999,,IN_DOMAIN,0.1636110613061819,0.9030612244897959,1.0,OK,Extra Trees
BRAF_TEST_0136,c1ncccc1CNC,CNCc1cccnc1,8.19549999999999,,IN_DOMAIN,0.1636110613061819,0.9030612244897959,1.0,OK,Extra Trees
BRAF_TEST_0137,c1cccnc1CNC,CNCc1ccccn1,8.251000000000019,,IN_DOMAIN,0.1820662545246842,0.9030612244897959,1.0,OK,Extra Trees
BRAF_TEST_0138,c1ccc2ccccc2c1CNC,CNCc1cccc2ccccc12,8.28800000000001,,IN_DOMAIN,0.1815779577162963,0.9030612244897959,1.0,OK,Extra Trees
BRAF_TEST_0139,c1ccccc1NC,CNc1ccccc1,9.161500000000023,,IN_DOMAIN,0.2919548339039066,0.9030612244897959,1.0,OK,Extra Trees
BRAF_TEST_0140,c1ccc(cc1)NC,CNc1ccccc1,9.161500000000023,,IN_DOMAIN,0.2919548339039066,0.9030612244897959,1.0,OK,Extra Trees
BRAF_TEST_0141,c1ccncc1NC,CNc1cccnc1,9.166481666666687,,IN_DOMAIN,0.2297026142380802,0.9030612244897959,0.68,OK,Extra Trees
BRAF_TEST_0142,c1ncccc1NC,CNc1cccnc1,9.166481666666687,,IN_DOMAIN,0.2297026142380802,0.9030612244897959,0.68,OK,Extra Trees
BRAF_TEST_0143,c1cccnc1NC,CNc1ccccn1,9.291000000000032,,IN_DOMAIN,0.2562431814490276,0.9030612244897959,1.0,OK,Extra Trees
BRAF_TEST_0144,c1ccc2ccccc2c1NC,CNc1cccc2ccccc12,9.327999999999978,,IN_DOMAIN,0.3335757562061273,0.9030612244897959,1.0,OK,Extra Trees
BRAF_TEST_0157,c1ccccc1CCOC,COCCc1ccccc1,8.635500000000004,,IN_DOMAIN,0.1309372611287819,0.9030612244897959,1.0,OK,Extra Trees
BRAF_TEST_0158,c1ccc(cc1)CCOC,COCCc1ccccc1,8.635500000000004,,IN_DOMAIN,0.1309372611287819,0.9030612244897959,1.0,OK,Extra Trees
BRAF_TEST_0159,c1ccncc1CCOC,COCCc1cccnc1,8.709499999999968,,IN_DOMAIN,0.1385081871201194,0.9030612244897959,1.0,OK,Extra Trees
BRAF_TEST_0160,c1ncccc1CCOC,COCCc1cccnc1,8.709499999999968,,IN_DOMAIN,0.1385081871201194,0.9030612244897959,1.0,OK,Extra Trees
BRAF_TEST_0161,c1cccnc1CCOC,COCCc1ccccn1,8.765000000000006,,IN_DOMAIN,0.1499074147936285,0.9030612244897959,1.0,OK,Extra Trees
BRAF_TEST_0162,c1ccc2ccccc2c1CCOC,COCCc1cccc2ccccc12,8.802,,IN_DOMAIN,0.1567486659592442,0.9030612244897959,1.0,OK,Extra Trees
BRAF_TEST_0163,c1ccccc1C(=O)NC,CNC(=O)c1ccccc1,10.04950000000005,,IN_DOMAIN,0.2243504808465977,0.9030612244897959,1.0,OK,Extra Trees
BRAF_TEST_0164,c1ccc(cc1)C(=O)NC,CNC(=O)c1ccccc1,10.04950000000005,,IN_DOMAIN,0.2243504808465977,0.9030612244897959,1.0,OK,Extra Trees
BRAF_TEST_0165,c1ccncc1C(=O)NC,CNC(=O)c1cccnc1,10.12350000000003,,IN_DOMAIN,0.214163106159556,0.9030612244897959,1.0,OK,Extra Trees
BRAF_TEST_0166,c1ncccc1C(=O)NC,CNC(=O)c1cccnc1,10.12350000000003,,IN_DOMAIN,0.214163106159556,0.9030612244897959,1.0,OK,Extra Trees
BRAF_TEST_0167,c1cccnc1C(=O)NC,CNC(=O)c1ccccn1,10.1187316666667,,IN_DOMAIN,0.2747321886085537,0.9030612244897959,0.7241379310344828,OK,Extra Trees
BRAF_TEST_0168,c1ccc2ccccc2c1C(=O)NC,CNC(=O)c1cccc2ccccc12,9.946923333333372,,IN_DOMAIN,0.3317586184753604,0.9030612244897959,0.6896551724137931,OK,Extra Trees
BRAF_TEST_0169,c1ccccc1C(=O)OC,COC(=O)c1ccccc1,10.27149999999996,,IN_DOMAIN,0.2150477058753756,0.9030612244897959,1.0,OK,Extra Trees
BRAF_TEST_0170,c1ccc(cc1)C(=O)OC,COC(=O)c1ccccc1,10.27149999999996,,IN_DOMAIN,0.2150477058753756,0.9030612244897959,1.0,OK,Extra Trees
BRAF_TEST_0171,c1ccncc1C(=O)OC,COC(=O)c1cccnc1,10.34549999999994,,IN_DOMAIN,0.229257968410408,0.9030612244897959,1.0,OK,Extra Trees
BRAF_TEST_0172,c1ncccc1C(=O)OC,COC(=O)c1cccnc1,10.34549999999994,,IN_DOMAIN,0.229257968410408,0.9030612244897959,1.0,OK,Extra Trees
BRAF_TEST_0173,c1cccnc1C(=O)OC,COC(=O)c1ccccn1,10.40099999999996,,IN_DOMAIN,0.2657196370285372,0.9030612244897959,1.0,OK,Extra Trees
BRAF_TEST_0174,c1ccc2ccccc2c1C(=O)OC,COC(=O)c1cccc2ccccc12,10.43800000000007,,IN_DOMAIN,0.2524818361075438,0.9030612244897959,1.0,OK,Extra Trees
BRAF_TEST_0175,c1ccccc1SC,CSc1ccccc1,10.32611333333335,,IN_DOMAIN,0.5074956771100003,0.9030612244897959,0.4782608695652174,OK,Extra Trees
BRAF_TEST_0176,c1ccc(cc1)SC,CSc1ccccc1,10.32611333333335,,IN_DOMAIN,0.5074956771100003,0.9030612244897959,0.4782608695652174,OK,Extra Trees
BRAF_TEST_0177,c1ccncc1SC,CSc1cccnc1,10.56750000000007,,IN_DOMAIN,0.3981286693622227,0.9030612244897959,1.0,OK,Extra Trees
BRAF_TEST_0178,c1ncccc1SC,CSc1cccnc1,10.56750000000007,,IN_DOMAIN,0.3981286693622227,0.9030612244897959,1.0,OK,Extra Trees
BRAF_TEST_0179,c1cccnc1SC,CSc1ccccn1,10.62300000000004,,IN_DOMAIN,0.4059296718889174,0.9030612244897959,1.0,OK,Extra Trees
BRAF_TEST_0180,c1ccc2ccccc2c1SC,CSc1cccc2ccccc12,10.65999999999997,,IN_DOMAIN,0.452769275208309,0.9030612244897959,1.0,OK,Extra Trees
BRAF_TEST_0181,c1ccccc1CCC,CCCc1ccccc1,6.053499999999987,,IN_DOMAIN,0.1987887028662295,0.9030612244897959,1.0,OK,Extra Trees
BRAF_TEST_0182,c1ccc(cc1)CCC,CCCc1ccccc1,6.053499999999987,,IN_DOMAIN,0.1987887028662295,0.9030612244897959,1.0,OK,Extra Trees
BRAF_TEST_0183,c1ccncc1CCC,CCCc1cccnc1,4.573499999999983,,IN_DOMAIN,0.170019831249082,0.9030612244897959,1.0,OK,Extra Trees
BRAF_TEST_0184,c1ncccc1CCC,CCCc1cccnc1,4.573499999999983,,IN_DOMAIN,0.170019831249082,0.9030612244897959,1.0,OK,Extra Trees
BRAF_TEST_0185,c1cccnc1CCC,CCCc1ccccn1,4.628999999999985,,IN_DOMAIN,0.1770456625993136,0.9030612244897959,1.0,OK,Extra Trees
BRAF_TEST_0186,c1ccc2ccccc2c1CCC,CCCc1cccc2ccccc12,4.666000000000003,,IN_DOMAIN,0.1890668376949763,0.9030612244897959,1.0,OK,Extra Trees
BRAF_TEST_0187,c1ccccc1CCCC,CCCCc1ccccc1,7.344499999999985,,IN_DOMAIN,0.1701039004734307,0.9030612244897959,1.0,OK,Extra Trees
BRAF_TEST_0188,c1ccc(cc1)CCCC,CCCCc1ccccc1,7.344499999999985,,IN_DOMAIN,0.1701039004734307,0.9030612244897959,1.0,OK,Extra Trees
BRAF_TEST_0189,c1ccncc1CCCC,CCCCc1cccnc1,6.577719999999986,,IN_DOMAIN,0.1965265104966165,0.9030612244897959,0.8518518518518519,OK,Extra Trees
BRAF_TEST_0190,c1ncccc1CCCC,CCCCc1cccnc1,6.577719999999986,,IN_DOMAIN,0.1965265104966165,0.9030612244897959,0.8518518518518519,OK,Extra Trees
BRAF_TEST_0191,c1cccnc1CCCC,CCCCc1ccccn1,6.467159999999988,,IN_DOMAIN,0.1566422539468875,0.9030612244897959,0.88,OK,Extra Trees
BRAF_TEST_0192,c1ccc2ccccc2c1CCCC,CCCCc1cccc2ccccc12,7.510999999999978,,IN_DOMAIN,0.1703849556414519,0.9030612244897959,1.0,OK,Extra Trees
BRAF_TEST_0193,c1ccccc1CCCCC,CCCCCc1ccccc1,6.407835000000025,,IN_DOMAIN,0.1680174898730023,0.9030612244897959,0.95,OK,Extra Trees
BRAF_TEST_0194,c1ccc(cc1)CCCCC,CCCCCc1ccccc1,6.407835000000025,,IN_DOMAIN,0.1680174898730023,0.9030612244897959,0.95,OK,Extra Trees
BRAF_TEST_0195,c1ccncc1CCCCC,CCCCCc1cccnc1,6.168610000000029,,IN_DOMAIN,0.1939357892491149,0.9030612244897959,0.9615384615384616,OK,Extra Trees
BRAF_TEST_0196,c1ncccc1CCCCC,CCCCCc1cccnc1,6.168610000000029,,IN_DOMAIN,0.1939357892491149,0.9030612244897959,0.9615384615384616,OK,Extra Trees
BRAF_TEST_0197,c1cccnc1CCCCC,CCCCCc1ccccn1,6.142000000000037,,IN_DOMAIN,0.1633195196210316,0.9030612244897959,1.0,OK,Extra Trees
BRAF_TEST_0198,c1ccc2ccccc2c1CCCCC,CCCCCc1cccc2ccccc12,6.179000000000028,,IN_DOMAIN,0.1919830770943878,0.9030612244897959,1.0,OK,Extra Trees
BRAF_TEST_0217,c1ccccc1OCCC,CCCOc1ccccc1,5.346500000000034,,IN_DOMAIN,0.1525421121084801,0.9030612244897959,1.0,OK,Extra Trees
BRAF_TEST_0218,c1ccc(cc1)OCCC,CCCOc1ccccc1,5.346500000000034,,IN_DOMAIN,0.1525421121084801,0.9030612244897959,1.0,OK,Extra Trees
BRAF_TEST_0219,c1ccncc1OCCC,CCCOc1cccnc1,5.420499999999965,,IN_DOMAIN,0.155465336882572,0.9030612244897959,1.0,OK,Extra Trees
BRAF_TEST_0220,c1ncccc1OCCC,CCCOc1cccnc1,5.420499999999965,,IN_DOMAIN,0.155465336882572,0.9030612244897959,1.0,OK,Extra Trees
BRAF_TEST_0221,c1cccnc1OCCC,CCCOc1ccccn1,5.476000000000043,,IN_DOMAIN,0.1706799930435972,0.9030612244897959,1.0,OK,Extra Trees
BRAF_TEST_0222,c1ccc2ccccc2c1OCCC,CCCOc1cccc2ccccc12,5.512999999999977,,IN_DOMAIN,0.1639370906148086,0.9030612244897959,1.0,OK,Extra Trees
BRAF_TEST_0223,c1ccccc1CNCC,CCNCc1ccccc1,5.568500000000021,,IN_DOMAIN,0.1745200766835981,0.9030612244897959,1.0,OK,Extra Trees
BRAF_TEST_0224,c1ccc(cc1)CNCC,CCNCc1ccccc1,5.568500000000021,,IN_DOMAIN,0.1745200766835981,0.9030612244897959,1.0,OK,Extra Trees
BRAF_TEST_0225,c1ccncc1CNCC,CCNCc1cccnc1,5.642499999999981,,IN_DOMAIN,0.1361818195772035,0.9030612244897959,1.0,OK,Extra Trees
BRAF_TEST_0226,c1ncccc1CNCC,CCNCc1cccnc1,5.642499999999981,,IN_DOMAIN,0.1361818195772035,0.9030612244897959,1.0,OK,Extra Trees
BRAF_TEST_0227,c1cccnc1CNCC,CCNCc1ccccn1,5.698000000000029,,IN_DOMAIN,0.1401268858469026,0.9030612244897959,1.0,OK,Extra Trees
BRAF_TEST_0228,c1ccc2ccccc2c1CNCC,CCNCc1cccc2ccccc12,6.688080000000017,,IN_DOMAIN,0.201766925394961,0.9030612244897959,0.7333333333333333,OK,Extra Trees
BRAF_TEST_0229,c1ccccc1NCC,CCNc1ccccc1,5.790500000000015,,IN_DOMAIN,0.1765315988589077,0.9030612244897959,1.0,OK,Extra Trees
BRAF_TEST_0230,c1ccc(cc1)NCC,CCNc1ccccc1,5.790500000000015,,IN_DOMAIN,0.1765315988589077,0.9030612244897959,1.0,OK,Extra Trees
BRAF_TEST_0231,c1ccncc1NCC,CCNc1cccnc1,6.204248333333353,,IN_DOMAIN,0.1888480125718243,0.9030612244897959,0.7142857142857143,OK,Extra Trees
BRAF_TEST_0232,c1ncccc1NCC,CCNc1cccnc1,6.204248333333353,,IN_DOMAIN,0.1888480125718243,0.9030612244897959,0.7142857142857143,OK,Extra Trees
BRAF_TEST_0233,c1cccnc1NCC,CCNc1ccccn1,5.92000000000002,,IN_DOMAIN,0.2211239634783086,0.9030612244897959,1.0,OK,Extra Trees
BRAF_TEST_0234,c1ccc2ccccc2c1NCC,CCNc1cccc2ccccc12,5.957000000000042,,IN_DOMAIN,0.1921838691886395,0.9030612244897959,1.0,OK,Extra Trees
BRAF_TEST_0247,c1ccccc1CCOCC,CCOCCc1ccccc1,6.456500000000005,,IN_DOMAIN,0.1643439923128588,0.9030612244897959,1.0,OK,Extra Trees
BRAF_TEST_0248,c1ccc(cc1)CCOCC,CCOCCc1ccccc1,6.456500000000005,,IN_DOMAIN,0.1643439923128588,0.9030612244897959,1.0,OK,Extra Trees
BRAF_TEST_0249,c1ccncc1CCOCC,CCOCCc1cccnc1,6.530500000000028,,IN_DOMAIN,0.1911464835578548,0.9030612244897959,1.0,OK,Extra Trees
BRAF_TEST_0250,c1ncccc1CCOCC,CCOCCc1cccnc1,6.530500000000028,,IN_DOMAIN,0.1911464835578548,0.9030612244897959,1.0,OK,Extra Trees
BRAF_TEST_0251,c1cccnc1CCOCC,CCOCCc1ccccn1,6.714798333333354,,IN_DOMAIN,0.2270954829222804,0.9030612244897959,0.7666666666666667,OK,Extra Trees
BRAF_TEST_0252,c1ccc2ccccc2c1CCOCC,CCOCCc1cccc2ccccc12,7.627004999999994,,IN_DOMAIN,0.2185082920749226,0.9030612244897959,0.7741935483870968,OK,Extra Trees
BRAF_TEST_0253,c1ccccc1C(=O)NCC,CCNC(=O)c1ccccc1,6.678499999999987,,IN_DOMAIN,0.1928809979649125,0.9030612244897959,1.0,OK,Extra Trees
BRAF_TEST_0254,c1ccc(cc1)C(=O)NCC,CCNC(=O)c1ccccc1,6.678499999999987,,IN_DOMAIN,0.1928809979649125,0.9030612244897959,1.0,OK,Extra Trees
BRAF_TEST_0255,c1ccncc1C(=O)NCC,CCNC(=O)c1cccnc1,6.790041666666658,,IN_DOMAIN,0.1478690059149232,0.9030612244897959,0.7575757575757576,OK,Extra Trees
BRAF_TEST_0256,c1ncccc1C(=O)NCC,CCNC(=O)c1cccnc1,6.790041666666658,,IN_DOMAIN,0.1478690059149232,0.9030612244897959,0.7575757575757576,OK,Extra Trees
BRAF_TEST_0257,c1cccnc1C(=O)NCC,CCNC(=O)c1ccccn1,6.807999999999994,,IN_DOMAIN,0.1570888250101538,0.9030612244897959,1.0,OK,Extra Trees
BRAF_TEST_0258,c1ccc2ccccc2c1C(=O)NCC,CCNC(=O)c1cccc2ccccc12,6.845000000000023,,IN_DOMAIN,0.2097797852902502,0.9030612244897959,1.0,OK,Extra Trees
BRAF_TEST_0259,c1ccccc1C(=O)OCC,CCOC(=O)c1ccccc1,6.900499999999979,,IN_DOMAIN,0.1556275952913673,0.9030612244897959,1.0,OK,Extra Trees
BRAF_TEST_0260,c1ccc(cc1)C(=O)OCC,CCOC(=O)c1ccccc1,6.900499999999979,,IN_DOMAIN,0.1556275952913673,0.9030612244897959,1.0,OK,Extra Trees
BRAF_TEST_0261,c1ccncc1C(=O)OCC,CCOC(=O)c1cccnc1,6.974500000000019,,IN_DOMAIN,0.149072210517542,0.9030612244897959,1.0,OK,Extra Trees
BRAF_TEST_0262,c1ncccc1C(=O)OCC,CCOC(=O)c1cccnc1,6.974500000000019,,IN_DOMAIN,0.149072210517542,0.9030612244897959,1.0,OK,Extra Trees
BRAF_TEST_0263,c1cccnc1C(=O)OCC,CCOC(=O)c1ccccn1,7.029999999999983,,IN_DOMAIN,0.1772676876434446,0.9030612244897959,1.0,OK,Extra Trees
BRAF_TEST_0264,c1ccc2ccccc2c1C(=O)OCC,CCOC(=O)c1cccc2ccccc12,7.067000000000005,,IN_DOMAIN,0.1887442233264319,0.9030612244897959,1.0,OK,Extra Trees
BRAF_TEST_0265,c1ccccc1SCC,CCSc1ccccc1,10.06608333333334,,IN_DOMAIN,0.4634885578223766,0.9030612244897959,0.6363636363636364,OK,Extra Trees
BRAF_TEST_0266,c1ccc(cc1)SCC,CCSc1ccccc1,10.06608333333334,,IN_DOMAIN,0.4634885578223766,0.9030612244897959,0.6363636363636364,OK,Extra Trees
BRAF_TEST_0267,c1ccncc1SCC,CCSc1cccnc1,10.10168500000001,,IN_DOMAIN,0.3199212818601711,0.9030612244897959,0.7142857142857143,OK,Extra Trees
BRAF_TEST_0268,c1ncccc1SCC,CCSc1cccnc1,10.10168500000001,,IN_DOMAIN,0.3199212818601711,0.9030612244897959,0.7142857142857143,OK,Extra Trees
BRAF_TEST_0269,c1cccnc1SCC,CCSc1ccccn1,10.17951333333335,,IN_DOMAIN,0.422587903046925,0.9030612244897959,0.7037037037037037,OK,Extra Trees
BRAF_TEST_0270,c1ccc2ccccc2c1SCC,CCSc1cccc2ccccc12,10.29117166666667,,IN_DOMAIN,0.4397114480910992,0.9030612244897959,0.7142857142857143,OK,Extra Trees
BRAF_TEST_0271,c1ccccc1CCCC,CCCCc1ccccc1,7.344499999999985,,IN_DOMAIN,0.1701039004734307,0.9030612244897959,1.0,OK,Extra Trees
BRAF_TEST_0272,c1ccc(cc1)CCCC,CCCCc1ccccc1,7.344499999999985,,IN_DOMAIN,0.1701039004734307,0.9030612244897959,1.0,OK,Extra Trees
BRAF_TEST_0273,c1ccncc1CCCC,CCCCc1cccnc1,6.577719999999986,,IN_DOMAIN,0.1965265104966165,0.9030612244897959,0.8518518518518519,OK,Extra Trees
BRAF_TEST_0274,c1ncccc1CCCC,CCCCc1cccnc1,6.577719999999986,,IN_DOMAIN,0.1965265104966165,0.9030612244897959,0.8518518518518519,OK,Extra Trees
BRAF_TEST_0275,c1cccnc1CCCC,CCCCc1ccccn1,6.467159999999988,,IN_DOMAIN,0.1566422539468875,0.9030612244897959,0.88,OK,Extra Trees
BRAF_TEST_0276,c1ccc2ccccc2c1CCCC,CCCCc1cccc2ccccc12,7.510999999999978,,IN_DOMAIN,0.1703849556414519,0.9030612244897959,1.0,OK,Extra Trees
BRAF_TEST_0277,c1ccccc1CCCCC,CCCCCc1ccccc1,6.407835000000025,,IN_DOMAIN,0.1680174898730023,0.9030612244897959,0.95,OK,Extra Trees
BRAF_TEST_0278,c1ccc(cc1)CCCCC,CCCCCc1ccccc1,6.407835000000025,,IN_DOMAIN,0.1680174898730023,0.9030612244897959,0.95,OK,Extra Trees
BRAF_TEST_0279,c1ccncc1CCCCC,CCCCCc1cccnc1,6.168610000000029,,IN_DOMAIN,0.1939357892491149,0.9030612244897959,0.9615384615384616,OK,Extra Trees
BRAF_TEST_0280,c1ncccc1CCCCC,CCCCCc1cccnc1,6.168610000000029,,IN_DOMAIN,0.1939357892491149,0.9030612244897959,0.9615384615384616,OK,Extra Trees
BRAF_TEST_0281,c1cccnc1CCCCC,CCCCCc1ccccn1,6.142000000000037,,IN_DOMAIN,0.1633195196210316,0.9030612244897959,1.0,OK,Extra Trees
BRAF_TEST_0282,c1ccc2ccccc2c1CCCCC,CCCCCc1cccc2ccccc12,6.179000000000028,,IN_DOMAIN,0.1919830770943878,0.9030612244897959,1.0,OK,Extra Trees
BRAF_TEST_0283,c1ccccc1CCCCCC,CCCCCCc1ccccc1,7.788500000000063,,IN_DOMAIN,0.2318976476215882,0.9030612244897959,1.0,OK,Extra Trees
BRAF_TEST_0284,c1ccc(cc1)CCCCCC,CCCCCCc1ccccc1,7.788500000000063,,IN_DOMAIN,0.2318976476215882,0.9030612244897959,1.0,OK,Extra Trees
BRAF_TEST_0285,c1ccncc1CCCCCC,CCCCCCc1cccnc1,7.862499999999997,,IN_DOMAIN,0.2546069287872811,0.9030612244897959,1.0,OK,Extra Trees
BRAF_TEST_0286,c1ncccc1CCCCCC,CCCCCCc1cccnc1,7.862499999999997,,IN_DOMAIN,0.2546069287872811,0.9030612244897959,1.0,OK,Extra Trees
BRAF_TEST_0287,c1cccnc1CCCCCC,CCCCCCc1ccccn1,7.917999999999973,,IN_DOMAIN,0.2496279081061466,0.9030612244897959,1.0,OK,Extra Trees
BRAF_TEST_0288,c1ccc2ccccc2c1CCCCCC,CCCCCCc1cccc2ccccc12,7.954999999999966,,IN_DOMAIN,0.3324595808617781,0.9030612244897959,1.0,OK,Extra Trees
BRAF_TEST_0307,c1ccccc1OCCCC,CCCCOc1ccccc1,8.676500000000024,,IN_DOMAIN,0.2003474031192624,0.9030612244897959,1.0,OK,Extra Trees
BRAF_TEST_0308,c1ccc(cc1)OCCCC,CCCCOc1ccccc1,8.676500000000024,,IN_DOMAIN,0.2003474031192624,0.9030612244897959,1.0,OK,Extra Trees
BRAF_TEST_0309,c1ccncc1OCCCC,CCCCOc1cccnc1,8.754921666666691,,IN_DOMAIN,0.1800682105019803,0.9030612244897959,0.8214285714285714,OK,Extra Trees
BRAF_TEST_0310,c1ncccc1OCCCC,CCCCOc1cccnc1,8.754921666666691,,IN_DOMAIN,0.1800682105019803,0.9030612244897959,0.8214285714285714,OK,Extra Trees
BRAF_TEST_0311,c1cccnc1OCCCC,CCCCOc1ccccn1,8.806000000000031,,IN_DOMAIN,0.2648107975240618,0.9030612244897959,1.0,OK,Extra Trees
BRAF_TEST_0312,c1ccc2ccccc2c1OCCCC,CCCCOc1cccc2ccccc12,8.842999999999988,,IN_DOMAIN,0.2130463665638604,0.9030612244897959,1.0,OK,Extra Trees
BRAF_TEST_0313,c1ccccc1CNCCC,CCCNCc1ccccc1,8.89849999999996,,IN_DOMAIN,0.1536867226569379,0.9030612244897959,1.0,OK,Extra Trees
BRAF_TEST_0314,c1ccc(cc1)CNCCC,CCCNCc1ccccc1,8.89849999999996,,IN_DOMAIN,0.1536867226569379,0.9030612244897959,1.0,OK,Extra Trees
BRAF_TEST_0315,c1ccncc1CNCCC,CCCNCc1cccnc1,8.972499999999993,,IN_DOMAIN,0.1781839354491394,0.9030612244897959,1.0,OK,Extra Trees
BRAF_TEST_0316,c1ncccc1CNCCC,CCCNCc1cccnc1,8.972499999999993,,IN_DOMAIN,0.1781839354491394,0.9030612244897959,1.0,OK,Extra Trees
BRAF_TEST_0317,c1cccnc1CNCCC,CCCNCc1ccccn1,9.027999999999963,,IN_DOMAIN,0.1639930593639493,0.9030612244897959,1.0,OK,Extra Trees
BRAF_TEST_0318,c1ccc2ccccc2c1CNCCC,CCCNCc1cccc2ccccc12,9.065000000000044,,IN_DOMAIN,0.1743581178163185,0.9030612244897959,1.0,OK,Extra Trees
BRAF_TEST_0319,c1ccccc1NCCC,CCCNc1ccccc1,9.120499999999995,,IN_DOMAIN,0.1838654457698737,0.9030612244897959,1.0,OK,Extra Trees
BRAF_TEST_0320,c1ccc(cc1)NCCC,CCCNc1ccccc1,9.120499999999995,,IN_DOMAIN,0.1838654457688569,0.9030612244897959,1.0,OK,Extra Trees
BRAF_TEST_0321,c1ccncc1NCCC,CCCNc1cccnc1,9.19450000000003,,IN_DOMAIN,0.1790260072617579,0.9030612244897959,1.0,OK,Extra Trees
BRAF_TEST_0322,c1ncccc1NCCC,CCCNc1cccnc1,9.19450000000003,,IN_DOMAIN,0.1790260072617579,0.9030612244897959,1.0,OK,Extra Trees
BRAF_TEST_0323,c1cccnc1NCCC,CCCNc1ccccn1,8.303513333333356,,IN_DOMAIN,0.2497333408628658,0.9030612244897959,0.7037037037037037,OK,Extra Trees
BRAF_TEST_0324,c1ccc2ccccc2c1NCCC,CCCNc1cccc2ccccc12,9.286999999999967,,IN_DOMAIN,0.1665477962453623,0.9030612244897959,1.0,OK,Extra Trees
BRAF_TEST_0337,c1ccccc1CCOCCC,CCCOCCc1ccccc1,9.78650000000003,,IN_DOMAIN,0.2093622620469689,0.9030612244897959,1.0,OK,Extra Trees
BRAF_TEST_0338,c1ccc(cc1)CCOCCC,CCCOCCc1ccccc1,9.78650000000003,,IN_DOMAIN,0.2093622620469689,0.9030612244897959,1.0,OK,Extra Trees
BRAF_TEST_0339,c1ccncc1CCOCCC,CCCOCCc1cccnc1,9.862531666666692,,IN_DOMAIN,0.2271678718280744,0.9030612244897959,0.7741935483870968,OK,Extra Trees
BRAF_TEST_0340,c1ncccc1CCOCCC,CCCOCCc1cccnc1,9.862531666666692,,IN_DOMAIN,0.2271678718280744,0.9030612244897959,0.7741935483870968,OK,Extra Trees
BRAF_TEST_0341,c1cccnc1CCOCCC,CCCOCCc1ccccn1,9.91600000000004,,IN_DOMAIN,0.2325010434334677,0.9030612244897959,1.0,OK,Extra Trees
BRAF_TEST_0342,c1ccc2ccccc2c1CCOCCC,CCCOCCc1cccc2ccccc12,9.952999999999978,,IN_DOMAIN,0.2598352109953034,0.9030612244897959,1.0,OK,Extra Trees
BRAF_TEST_0343,c1ccccc1C(=O)NCCC,CCCNC(=O)c1ccccc1,10.00849999999995,,IN_DOMAIN,0.241526208351401,0.9030612244897959,1.0,OK,Extra Trees
BRAF_TEST_0344,c1ccc(cc1)C(=O)NCCC,CCCNC(=O)c1ccccc1,10.00849999999995,,IN_DOMAIN,0.241526208351401,0.9030612244897959,1.0,OK,Extra Trees
BRAF_TEST_0345,c1ccncc1C(=O)NCCC,CCCNC(=O)c1cccnc1,10.08249999999999,,IN_DOMAIN,0.186328046453768,0.9030612244897959,1.0,OK,Extra Trees
BRAF_TEST_0346,c1ncccc1C(=O)NCCC,CCCNC(=O)c1cccnc1,10.08249999999999,,IN_DOMAIN,0.186328046453768,0.9030612244897959,1.0,OK,Extra Trees
BRAF_TEST_0347,c1cccnc1C(=O)NCCC,CCCNC(=O)c1ccccn1,10.13799999999995,,IN_DOMAIN,0.1979518132283191,0.9030612244897959,1.0,OK,Extra Trees
BRAF_TEST_0348,c1ccc2ccccc2c1C(=O)NCCC,CCCNC(=O)c1cccc2ccccc12,10.17500000000004,,IN_DOMAIN,0.2549319541204191,0.9030612244897959,1.0,OK,Extra Trees
BRAF_TEST_0349,c1ccccc1C(=O)OCCC,CCCOC(=O)c1ccccc1,10.21786,,IN_DOMAIN,0.1859250950424194,0.9030612244897959,0.7037037037037037,OK,Extra Trees
BRAF_TEST_0350,c1ccc(cc1)C(=O)OCCC,CCCOC(=O)c1ccccc1,10.21786,,IN_DOMAIN,0.1859250950424194,0.9030612244897959,0.7037037037037037,OK,Extra Trees
BRAF_TEST_0351,c1ccncc1C(=O)OCCC,CCCOC(=O)c1cccnc1,10.30450000000005,,IN_DOMAIN,0.1623564570827048,0.9030612244897959,1.0,OK,Extra Trees
BRAF_TEST_0352,c1ncccc1C(=O)OCCC,CCCOC(=O)c1cccnc1,10.30450000000005,,IN_DOMAIN,0.1623564570827048,0.9030612244897959,1.0,OK,Extra Trees
BRAF_TEST_0353,c1cccnc1C(=O)OCCC,CCCOC(=O)c1ccccn1,10.36000000000001,,IN_DOMAIN,0.1987171643010954,0.9030612244897959,1.0,OK,Extra Trees
BRAF_TEST_0354,c1ccc2ccccc2c1C(=O)OCCC,CCCOC(=O)c1cccc2ccccc12,10.39699999999996,,IN_DOMAIN,0.2295267965122005,0.9030612244897959,1.0,OK,Extra Trees
BRAF_TEST_0355,c1ccccc1SCCC,CCCSc1ccccc1,10.45249999999998,,IN_DOMAIN,0.3173340116251334,0.9030612244897959,1.0,OK,Extra Trees
BRAF_TEST_0356,c1ccc(cc1)SCCC,CCCSc1ccccc1,10.45249999999998,,IN_DOMAIN,0.3173340116251334,0.9030612244897959,1.0,OK,Extra Trees
BRAF_TEST_0357,c1ccncc1SCCC,CCCSc1cccnc1,10.52649999999997,,IN_DOMAIN,0.2675661276172923,0.9030612244897959,1.0,OK,Extra Trees
BRAF_TEST_0358,c1ncccc1SCCC,CCCSc1cccnc1,10.52649999999997,,IN_DOMAIN,0.2675661276172923,0.9030612244897959,1.0,OK,Extra Trees
BRAF_TEST_0359,c1cccnc1SCCC,CCCSc1ccccn1,10.58199999999999,,IN_DOMAIN,0.3148854645710432,0.9030612244897959,1.0,OK,Extra Trees
BRAF_TEST_0360,c1ccc2ccccc2c1SCCC,CCCSc1cccc2ccccc12,10.61900000000003,,IN_DOMAIN,0.3252410213412458,0.9030612244897959,1.0,OK,Extra Trees
BRAF_TEST_0361,c1ccccc1CN,NCc1ccccc1,8.142000000000005,,IN_DOMAIN,0.1985267106829323,0.9030612244897959,1.0,OK,Extra Trees
BRAF_TEST_0362,c1ccc(cc1)CN,NCc1ccccc1,8.142000000000005,,IN_DOMAIN,0.1985267106829323,0.9030612244897959,1.0,OK,Extra Trees
BRAF_TEST_0363,c1ccncc1CN,NCc1cccnc1,4.865500000000031,,IN_DOMAIN,0.1830583340347519,0.9030612244897959,1.0,OK,Extra Trees
BRAF_TEST_0364,c1ncccc1CN,NCc1cccnc1,4.865500000000031,,IN_DOMAIN,0.1830583340347519,0.9030612244897959,1.0,OK,Extra Trees
BRAF_TEST_0365,c1cccnc1CN,NCc1ccccn1,4.92100000000003,,IN_DOMAIN,0.1783197244970079,0.9030612244897959,1.0,OK,Extra Trees
BRAF_TEST_0366,c1ccc2ccccc2c1CN,NCc1cccc2ccccc12,4.95800000000002,,IN_DOMAIN,0.1928273839957119,0.9030612244897959,1.0,OK,Extra Trees
BRAF_TEST_0367,c1ccccc1CCN,NCCc1ccccc1,7.414500000000023,,IN_DOMAIN,0.181178790165124,0.9030612244897959,1.0,OK,Extra Trees
BRAF_TEST_0368,c1ccc(cc1)CCN,NCCc1ccccc1,7.414500000000023,,IN_DOMAIN,0.181178790165124,0.9030612244897959,1.0,OK,Extra Trees
BRAF_TEST_0369,c1ccncc1CCN,NCCc1cccnc1,4.269500000000017,,IN_DOMAIN,0.1776358278871951,0.9030612244897959,1.0,OK,Extra Trees
BRAF_TEST_0370,c1ncccc1CCN,NCCc1cccnc1,4.269500000000017,,IN_DOMAIN,0.1776358278871951,0.9030612244897959,1.0,OK,Extra Trees
BRAF_TEST_0371,c1cccnc1CCN,NCCc1ccccn1,5.084638333333356,,IN_DOMAIN,0.1862519349124844,0.9030612244897959,0.76,OK,Extra Trees
BRAF_TEST_0372,c1ccc2ccccc2c1CCN,NCCc1cccc2ccccc12,5.416430000000023,,IN_DOMAIN,0.2306515958877475,0.9030612244897959,0.7692307692307693,OK,Extra Trees
BRAF_TEST_0373,c1ccccc1CCCN,NCCCc1ccccc1,4.417500000000014,,IN_DOMAIN,0.1391675115524846,0.9030612244897959,1.0,OK,Extra Trees
BRAF_TEST_0374,c1ccc(cc1)CCCN,NCCCc1ccccc1,4.417500000000014,,IN_DOMAIN,0.1391675115524846,0.9030612244897959,1.0,OK,Extra Trees
BRAF_TEST_0375,c1ccncc1CCCN,NCCCc1cccnc1,4.491500000000006,,IN_DOMAIN,0.1134226137875935,0.9030612244897959,1.0,OK,Extra Trees
BRAF_TEST_0376,c1ncccc1CCCN,NCCCc1cccnc1,4.491500000000006,,IN_DOMAIN,0.1134226137875935,0.9030612244897959,1.0,OK,Extra Trees
BRAF_TEST_0377,c1cccnc1CCCN,NCCCc1ccccn1,4.54700000000002,,IN_DOMAIN,0.1294421003557233,0.9030612244897959,1.0,OK,Extra Trees
BRAF_TEST_0378,c1ccc2ccccc2c1CCCN,NCCCc1cccc2ccccc12,4.583999999999996,,IN_DOMAIN,0.1645378757452377,0.9030612244897959,1.0,OK,Extra Trees
BRAF_TEST_0397,c1ccccc1OCN,NCOc1ccccc1,5.305499999999993,,IN_DOMAIN,0.2241840688739624,0.9030612244897959,1.0,OK,Extra Trees
BRAF_TEST_0398,c1ccc(cc1)OCN,NCOc1ccccc1,5.305499999999993,,IN_DOMAIN,0.2241840688739624,0.9030612244897959,1.0,OK,Extra Trees
BRAF_TEST_0399,c1ccncc1OCN,NCOc1cccnc1,5.379500000000006,,IN_DOMAIN,0.2286659006770358,0.9030612244897959,1.0,OK,Extra Trees
BRAF_TEST_0400,c1ncccc1OCN,NCOc1cccnc1,5.379500000000006,,IN_DOMAIN,0.2286659006770358,0.9030612244897959,1.0,OK,Extra Trees
BRAF_TEST_0401,c1cccnc1OCN,NCOc1ccccn1,5.560836666666666,,IN_DOMAIN,0.260069563022945,0.9030612244897959,0.6923076923076923,OK,Extra Trees
BRAF_TEST_0402,c1ccc2ccccc2c1OCN,NCOc1cccc2ccccc12,5.471999999999984,,IN_DOMAIN,0.2230529344839861,0.9030612244897959,1.0,OK,Extra Trees
BRAF_TEST_0403,c1ccccc1CNN,NNCc1ccccc1,5.527499999999975,,IN_DOMAIN,0.44071562024529,0.9030612244897959,1.0,OK,Extra Trees
BRAF_TEST_0404,c1ccc(cc1)CNN,NNCc1ccccc1,5.527499999999975,,IN_DOMAIN,0.44071562024529,0.9030612244897959,1.0,OK,Extra Trees
BRAF_TEST_0405,c1ccncc1CNN,NNCc1cccnc1,5.67832999999999,,IN_DOMAIN,0.4739123560328745,0.9030612244897959,0.6551724137931034,OK,Extra Trees
BRAF_TEST_0406,c1ncccc1CNN,NNCc1cccnc1,5.67832999999999,,IN_DOMAIN,0.4739123560328745,0.9030612244897959,0.6551724137931034,OK,Extra Trees
BRAF_TEST_0407,c1cccnc1CNN,NNCc1ccccn1,5.65699999999998,,IN_DOMAIN,0.4438381367387324,0.9030612244897959,1.0,OK,Extra Trees
BRAF_TEST_0408,c1ccc2ccccc2c1CNN,NNCc1cccc2ccccc12,5.665271666666672,,IN_DOMAIN,0.5694544608613479,0.9030612244897959,0.6551724137931034,OK,Extra Trees
BRAF_TEST_0409,c1ccccc1NN,NNc1ccccc1,5.749499999999965,,IN_DOMAIN,0.2945816243081427,0.9030612244897959,1.0,OK,Extra Trees
BRAF_TEST_0410,c1ccc(cc1)NN,NNc1ccccc1,5.749499999999965,,IN_DOMAIN,0.2945816243081427,0.9030612244897959,1.0,OK,Extra Trees
BRAF_TEST_0411,c1ccncc1NN,NNc1cccnc1,5.823499999999981,,IN_DOMAIN,0.3001020530377232,0.9030612244897959,1.0,OK,Extra Trees
BRAF_TEST_0412,c1ncccc1NN,NNc1cccnc1,5.823499999999981,,IN_DOMAIN,0.3001020530377232,0.9030612244897959,1.0,OK,Extra Trees
BRAF_TEST_0413,c1cccnc1NN,NNc1ccccn1,5.878999999999968,,IN_DOMAIN,0.3067618397359768,0.9030612244897959,1.0,OK,Extra Trees
BRAF_TEST_0414,c1ccc2ccccc2c1NN,NNc1cccc2ccccc12,5.915999999999989,,IN_DOMAIN,0.3431305307889019,0.9030612244897959,1.0,OK,Extra Trees
BRAF_TEST_0427,c1ccccc1CCON,NOCCc1ccccc1,6.415500000000019,,IN_DOMAIN,0.2852073966658589,0.9030612244897959,1.0,OK,Extra Trees
BRAF_TEST_0428,c1ccc(cc1)CCON,NOCCc1ccccc1,6.415500000000019,,IN_DOMAIN,0.2852073966658589,0.9030612244897959,1.0,OK,Extra Trees
BRAF_TEST_0429,c1ccncc1CCON,NOCCc1cccnc1,6.53783666666669,,IN_DOMAIN,0.3121040940079873,0.9030612244897959,0.7333333333333333,OK,Extra Trees
BRAF_TEST_0430,c1ncccc1CCON,NOCCc1cccnc1,6.53783666666669,,IN_DOMAIN,0.3121040940079873,0.9030612244897959,0.7333333333333333,OK,Extra Trees
BRAF_TEST_0431,c1cccnc1CCON,NOCCc1ccccn1,6.545000000000026,,IN_DOMAIN,0.2995849328335369,0.9030612244897959,1.0,OK,Extra Trees
BRAF_TEST_0432,c1ccc2ccccc2c1CCON,NOCCc1cccc2ccccc12,6.460050000000007,,IN_DOMAIN,0.3556826359173088,0.9030612244897959,0.7333333333333333,OK,Extra Trees
BRAF_TEST_0433,c1ccccc1C(=O)NN,NNC(=O)c1ccccc1,6.637500000000032,,IN_DOMAIN,0.2824728546769809,0.9030612244897959,1.0,OK,Extra Trees
BRAF_TEST_0434,c1ccc(cc1)C(=O)NN,NNC(=O)c1ccccc1,6.637500000000032,,IN_DOMAIN,0.2824728546769809,0.9030612244897959,1.0,OK,Extra Trees
BRAF_TEST_0435,c1ccncc1C(=O)NN,NNC(=O)c1cccnc1,6.711499999999945,,IN_DOMAIN,0.2916232644723814,0.9030612244897959,1.0,OK,Extra Trees
BRAF_TEST_0436,c1ncccc1C(=O)NN,NNC(=O)c1cccnc1,6.711499999999945,,IN_DOMAIN,0.2916232644723814,0.9030612244897959,1.0,OK,Extra Trees
BRAF_TEST_0437,c1cccnc1C(=O)NN,NNC(=O)c1ccccn1,6.712526666666636,,IN_DOMAIN,0.3338099821228953,0.9030612244897959,0.7,OK,Extra Trees
BRAF_TEST_0438,c1ccc2ccccc2c1C(=O)NN,NNC(=O)c1cccc2ccccc12,6.804000000000033,,IN_DOMAIN,0.3416852142833867,0.9030612244897959,1.0,OK,Extra Trees
BRAF_TEST_0439,c1ccccc1C(=O)ON,NOC(=O)c1ccccc1,6.859500000000021,,IN_DOMAIN,0.2351914376774224,0.9030612244897959,1.0,OK,Extra Trees
BRAF_TEST_0440,c1ccc(cc1)C(=O)ON,NOC(=O)c1ccccc1,6.859500000000021,,IN_DOMAIN,0.2351914376774224,0.9030612244897959,1.0,OK,Extra Trees
BRAF_TEST_0441,c1ccncc1C(=O)ON,NOC(=O)c1cccnc1,6.933500000000041,,IN_DOMAIN,0.2397069450585751,0.9030612244897959,1.0,OK,Extra Trees
BRAF_TEST_0442,c1ncccc1C(=O)ON,NOC(=O)c1cccnc1,6.933500000000041,,IN_DOMAIN,0.2397069450585751,0.9030612244897959,1.0,OK,Extra Trees
BRAF_TEST_0443,c1cccnc1C(=O)ON,NOC(=O)c1ccccn1,6.989000000000022,,IN_DOMAIN,0.2812154357811468,0.9030612244897959,1.0,OK,Extra Trees
BRAF_TEST_0444,c1ccc2ccccc2c1C(=O)ON,NOC(=O)c1cccc2ccccc12,7.026000000000018,,IN_DOMAIN,0.3087285188753279,0.9030612244897959,1.0,OK,Extra Trees
BRAF_TEST_0445,c1ccccc1SN,NSc1ccccc1,7.081499999999997,,IN_DOMAIN,0.4094394637577458,0.9030612244897959,1.0,OK,Extra Trees
BRAF_TEST_0446,c1ccc(cc1)SN,NSc1ccccc1,7.081499999999997,,IN_DOMAIN,0.4094394637577458,0.9030612244897959,1.0,OK,Extra Trees
BRAF_TEST_0447,c1ccncc1SN,NSc1cccnc1,7.112866666666672,,IN_DOMAIN,0.4409760649842375,0.9030612244897959,0.6,OK,Extra Trees
BRAF_TEST_0448,c1ncccc1SN,NSc1cccnc1,7.112866666666672,,IN_DOMAIN,0.4409760649842375,0.9030612244897959,0.6,OK,Extra Trees
BRAF_TEST_0449,c1cccnc1SN,NSc1ccccn1,7.211,,IN_DOMAIN,0.4655320722167253,0.9030612244897959,1.0,OK,Extra Trees
BRAF_TEST_0450,c1ccc2ccccc2c1SN,NSc1cccc2ccccc12,7.248000000000034,,IN_DOMAIN,0.4535094754649189,0.9030612244897959,1.0,OK,Extra Trees
BRAF_TEST_0451,c1ccccc1CNC,CNCc1ccccc1,8.199785000000007,,IN_DOMAIN,0.1687209190636737,0.9030612244897959,0.6363636363636364,OK,Extra Trees
BRAF_TEST_0452,c1ccc(cc1)CNC,CNCc1ccccc1,8.199785000000007,,IN_DOMAIN,0.1687209190636737,0.9030612244897959,0.6363636363636364,OK,Extra Trees
BRAF_TEST_0453,c1ccncc1CNC,CNCc1cccnc1,8.19549999999999,,IN_DOMAIN,0.1636110613061819,0.9030612244897959,1.0,OK,Extra Trees
BRAF_TEST_0454,c1ncccc1CNC,CNCc1cccnc1,8.19549999999999,,IN_DOMAIN,0.1636110613061819,0.9030612244897959,1.0,OK,Extra Trees
BRAF_TEST_0455,c1cccnc1CNC,CNCc1ccccn1,8.251000000000019,,IN_DOMAIN,0.1820662545246842,0.9030612244897959,1.0,OK,Extra Trees
BRAF_TEST_0456,c1ccc2ccccc2c1CNC,CNCc1cccc2ccccc12,8.28800000000001,,IN_DOMAIN,0.1815779577162963,0.9030612244897959,1.0,OK,Extra Trees
BRAF_TEST_0457,c1ccccc1CCNC,CNCCc1ccccc1,7.719878333333331,,IN_DOMAIN,0.4023957015164141,0.9030612244897959,0.7391304347826086,OK,Extra Trees
BRAF_TEST_0458,c1ccc(cc1)CCNC,CNCCc1ccccc1,7.719878333333331,,IN_DOMAIN,0.4023957015164141,0.9030612244897959,0.7391304347826086,OK,Extra Trees
BRAF_TEST_0459,c1ccncc1CCNC,CNCCc1cccnc1,7.599500000000001,,IN_DOMAIN,0.3747037049689513,0.9030612244897959,1.0,OK,Extra Trees
BRAF_TEST_0460,c1ncccc1CCNC,CNCCc1cccnc1,7.599500000000001,,IN_DOMAIN,0.3747037049689513,0.9030612244897959,1.0,OK,Extra Trees
BRAF_TEST_0461,c1cccnc1CCNC,CNCCc1ccccn1,7.655,,IN_DOMAIN,0.4007338909075429,0.9030612244897959,1.0,OK,Extra Trees
BRAF_TEST_0462,c1ccc2ccccc2c1CCNC,CNCCc1cccc2ccccc12,7.692000000000005,,IN_DOMAIN,0.3922844138131485,0.9030612244897959,1.0,OK,Extra Trees
BRAF_TEST_0463,c1ccccc1CCCNC,CNCCCc1ccccc1,7.747499999999959,,IN_DOMAIN,0.2193618552117572,0.9030612244897959,1.0,OK,Extra Trees
BRAF_TEST_0464,c1ccc(cc1)CCCNC,CNCCCc1ccccc1,7.747499999999959,,IN_DOMAIN,0.2193618552117572,0.9030612244897959,1.0,OK,Extra Trees
BRAF_TEST_0465,c1ccncc1CCCNC,CNCCCc1cccnc1,7.821500000000013,,IN_DOMAIN,0.2219279132127492,0.9030612244897959,1.0,OK,Extra Trees
BRAF_TEST_0466,c1ncccc1CCCNC,CNCCCc1cccnc1,7.821500000000013,,IN_DOMAIN,0.2219279132127492,0.9030612244897959,1.0,OK,Extra Trees
BRAF_TEST_0467,c1cccnc1CCCNC,CNCCCc1ccccn1,7.80403000000001,,IN_DOMAIN,0.2064331803382014,0.9030612244897959,0.7857142857142857,OK,Extra Trees
BRAF_TEST_0468,c1ccc2ccccc2c1CCCNC,CNCCCc1cccc2ccccc12,7.914000000000019,,IN_DOMAIN,0.2149652055099093,0.9030612244897959,1.0,OK,Extra Trees
BRAF_TEST_0487,c1ccccc1OCNC,CNCOc1ccccc1,8.635500000000004,,IN_DOMAIN,0.2089270365052511,0.9030612244897959,1.0,OK,Extra Trees
BRAF_TEST_0488,c1ccc(cc1)OCNC,CNCOc1ccccc1,8.635500000000004,,IN_DOMAIN,0.2089270365052511,0.9030612244897959,1.0,OK,Extra Trees
BRAF_TEST_0489,c1ccncc1OCNC,CNCOc1cccnc1,8.70949999999997,,IN_DOMAIN,0.2054141244485752,0.9030612244897959,1.0,OK,Extra Trees
BRAF_TEST_0490,c1ncccc1OCNC,CNCOc1cccnc1,8.70949999999997,,IN_DOMAIN,0.2054141244485752,0.9030612244897959,1.0,OK,Extra Trees
BRAF_TEST_0491,c1cccnc1OCNC,CNCOc1ccccn1,8.765000000000006,,IN_DOMAIN,0.2454741195626347,0.9030612244897959,1.0,OK,Extra Trees
BRAF_TEST_0492,c1ccc2ccccc2c1OCNC,CNCOc1cccc2ccccc12,8.802,,IN_DOMAIN,0.2227601536385421,0.9030612244897959,1.0,OK,Extra Trees
BRAF_TEST_0493,c1ccccc1CNNC,CNNCc1ccccc1,8.857500000000037,,IN_DOMAIN,0.2345910585411484,0.9030612244897959,1.0,OK,Extra Trees
BRAF_TEST_0494,c1ccc(cc1)CNNC,CNNCc1ccccc1,8.857500000000037,,IN_DOMAIN,0.2345910585411484,0.9030612244897959,1.0,OK,Extra Trees
BRAF_TEST_0495,c1ccncc1CNNC,CNNCc1cccnc1,8.931500000000009,,IN_DOMAIN,0.221289830835635,0.9030612244897959,1.0,OK,Extra Trees
BRAF_TEST_0496,c1ncccc1CNNC,CNNCc1cccnc1,8.931500000000009,,IN_DOMAIN,0.221289830835635,0.9030612244897959,1.0,OK,Extra Trees
BRAF_TEST_0497,c1cccnc1CNNC,CNNCc1ccccn1,8.987000000000045,,IN_DOMAIN,0.2575764086982163,0.9030612244897959,1.0,OK,Extra Trees
BRAF_TEST_0498,c1ccc2ccccc2c1CNNC,CNNCc1cccc2ccccc12,9.02399999999993,,IN_DOMAIN,0.272577987752862,0.9030612244897959,1.0,OK,Extra Trees
BRAF_TEST_0499,c1ccccc1NNC,CNNc1ccccc1,9.079499999999985,,IN_DOMAIN,0.2564346231096762,0.9030612244897959,1.0,OK,Extra Trees
BRAF_TEST_0500,c1ccc(cc1)NNC,CNNc1ccccc1,9.079499999999985,,IN_DOMAIN,0.2564346231096762,0.9030612244897959,1.0,OK,Extra Trees
BRAF_TEST_0501,c1ccncc1NNC,CNNc1cccnc1,9.153499999999937,,IN_DOMAIN,0.2399332525181327,0.9030612244897959,1.0,OK,Extra Trees
BRAF_TEST_0502,c1ncccc1NNC,CNNc1cccnc1,9.153499999999937,,IN_DOMAIN,0.2399332525181327,0.9030612244897959,1.0,OK,Extra Trees
BRAF_TEST_0503,c1cccnc1NNC,CNNc1ccccn1,9.20899999999997,,IN_DOMAIN,0.2662392502823945,0.9030612244897959,1.0,OK,Extra Trees
BRAF_TEST_0504,c1ccc2ccccc2c1NNC,CNNc1cccc2ccccc12,9.246000000000056,,IN_DOMAIN,0.2655032369177937,0.9030612244897959,1.0,OK,Extra Trees
BRAF_TEST_0517,c1ccccc1CCONC,CNOCCc1ccccc1,9.745499999999995,,IN_DOMAIN,0.1932994159443579,0.9030612244897959,1.0,OK,Extra Trees
BRAF_TEST_0518,c1ccc(cc1)CCONC,CNOCCc1ccccc1,9.745499999999995,,IN_DOMAIN,0.1932994159443579,0.9030612244897959,1.0,OK,Extra Trees
BRAF_TEST_0519,c1ccncc1CCONC,CNOCCc1cccnc1,9.819500000000032,,IN_DOMAIN,0.1937319420384603,0.9030612244897959,1.0,OK,Extra Trees
BRAF_TEST_0520,c1ncccc1CCONC,CNOCCc1cccnc1,9.819500000000032,,IN_DOMAIN,0.1937319420384603,0.9030612244897959,1.0,OK,Extra Trees
BRAF_TEST_0521,c1cccnc1CCONC,CNOCCc1ccccn1,9.875,,IN_DOMAIN,0.2038045054690005,0.9030612244897959,1.0,OK,Extra Trees
BRAF_TEST_0522,c1ccc2ccccc2c1CCONC,CNOCCc1cccc2ccccc12,9.911999999999956,,IN_DOMAIN,0.2419811212944245,0.9030612244897959,1.0,OK,Extra Trees
BRAF_TEST_0523,c1ccccc1C(=O)NNC,CNNC(=O)c1ccccc1,9.967500000000047,,IN_DOMAIN,0.2082111088975801,0.9030612244897959,1.0,OK,Extra Trees
BRAF_TEST_0524,c1ccc(cc1)C(=O)NNC,CNNC(=O)c1ccccc1,9.967500000000047,,IN_DOMAIN,0.2082111088975801,0.9030612244897959,1.0,OK,Extra Trees
BRAF_TEST_0525,c1ccncc1C(=O)NNC,CNNC(=O)c1cccnc1,10.04149999999996,,IN_DOMAIN,0.2048011836762674,0.9030612244897959,1.0,OK,Extra Trees
BRAF_TEST_0526,c1ncccc1C(=O)NNC,CNNC(=O)c1cccnc1,10.04149999999996,,IN_DOMAIN,0.2048011836762674,0.9030612244897959,1.0,OK,Extra Trees
BRAF_TEST_0527,c1cccnc1C(=O)NNC,CNNC(=O)c1ccccn1,10.09700000000006,,IN_DOMAIN,0.247907594018808,0.9030612244897959,1.0,OK,Extra Trees
BRAF_TEST_0528,c1ccc2ccccc2c1C(=O)NNC,CNNC(=O)c1cccc2ccccc12,9.993373333333365,,IN_DOMAIN,0.2813928701169458,0.9030612244897959,0.6451612903225806,OK,Extra Trees
BRAF_TEST_0529,c1ccccc1C(=O)ONC,CNOC(=O)c1ccccc1,10.30665666666667,,IN_DOMAIN,0.3190070324286703,0.9030612244897959,0.64,OK,Extra Trees
BRAF_TEST_0530,c1ccc(cc1)C(=O)ONC,CNOC(=O)c1ccccc1,10.30665666666667,,IN_DOMAIN,0.3190070324286703,0.9030612244897959,0.64,OK,Extra Trees
BRAF_TEST_0531,c1ccncc1C(=O)ONC,CNOC(=O)c1cccnc1,10.26350000000002,,IN_DOMAIN,0.2204975798797932,0.9030612244897959,1.0,OK,Extra Trees
BRAF_TEST_0532,c1ncccc1C(=O)ONC,CNOC(=O)c1cccnc1,10.26350000000002,,IN_DOMAIN,0.2204975798797932,0.9030612244897959,1.0,OK,Extra Trees
BRAF_TEST_0533,c1cccnc1C(=O)ONC,CNOC(=O)c1ccccn1,10.31899999999997,,IN_DOMAIN,0.2913517695593427,0.9030612244897959,1.0,OK,Extra Trees
BRAF_TEST_0534,c1ccc2ccccc2c1C(=O)ONC,CNOC(=O)c1cccc2ccccc12,10.35600000000007,,IN_DOMAIN,0.3245184534075972,0.9030612244897959,1.0,OK,Extra Trees
BRAF_TEST_0535,c1ccccc1SNC,CNSc1ccccc1,10.41150000000004,,IN_DOMAIN,0.5175433647045937,0.9030612244897959,1.0,OK,Extra Trees
BRAF_TEST_0536,c1ccc(cc1)SNC,CNSc1ccccc1,10.41150000000004,,IN_DOMAIN,0.5175433647045937,0.9030612244897959,1.0,OK,Extra Trees
BRAF_TEST_0537,c1ccncc1SNC,CNSc1cccnc1,10.48549999999992,,IN_DOMAIN,0.512125941901493,0.9030612244897959,1.0,OK,Extra Trees
BRAF_TEST_0538,c1ncccc1SNC,CNSc1cccnc1,10.48549999999992,,IN_DOMAIN,0.512125941901493,0.9030612244897959,1.0,OK,Extra Trees
BRAF_TEST_0539,c1cccnc1SNC,CNSc1ccccn1,10.42384333333331,,IN_DOMAIN,0.810465511732932,0.9030612244897959,0.5769230769230769,OK,Extra Trees
BRAF_TEST_0540,c1ccc2ccccc2c1SNC,CNSc1cccc2ccccc12,10.36395833333335,,IN_DOMAIN,0.7125990187624165,0.9030612244897959,0.5925925925925926,OK,Extra Trees
BRAF_TEST_0541,c1ccccc1CCN,NCCc1ccccc1,7.414500000000023,,IN_DOMAIN,0.181178790165124,0.9030612244897959,1.0,OK,Extra Trees
BRAF_TEST_0542,c1ccc(cc1)CCN,NCCc1ccccc1,7.414500000000023,,IN_DOMAIN,0.181178790165124,0.9030612244897959,1.0,OK,Extra Trees
BRAF_TEST_0543,c1ccncc1CCN,NCCc1cccnc1,4.269500000000017,,IN_DOMAIN,0.1776358278871951,0.9030612244897959,1.0,OK,Extra Trees
BRAF_TEST_0544,c1ncccc1CCN,NCCc1cccnc1,4.269500000000017,,IN_DOMAIN,0.1776358278871951,0.9030612244897959,1.0,OK,Extra Trees
BRAF_TEST_0545,c1cccnc1CCN,NCCc1ccccn1,5.084638333333356,,IN_DOMAIN,0.1862519349124844,0.9030612244897959,0.76,OK,Extra Trees
BRAF_TEST_0546,c1ccc2ccccc2c1CCN,NCCc1cccc2ccccc12,5.416430000000023,,IN_DOMAIN,0.2306515958877475,0.9030612244897959,0.7692307692307693,OK,Extra Trees
BRAF_TEST_0547,c1ccccc1CCCN,NCCCc1ccccc1,4.417500000000014,,IN_DOMAIN,0.1391675115524846,0.9030612244897959,1.0,OK,Extra Trees
BRAF_TEST_0548,c1ccc(cc1)CCCN,NCCCc1ccccc1,4.417500000000014,,IN_DOMAIN,0.1391675115524846,0.9030612244897959,1.0,OK,Extra Trees
BRAF_TEST_0549,c1ccncc1CCCN,NCCCc1cccnc1,4.491500000000006,,IN_DOMAIN,0.1134226137875935,0.9030612244897959,1.0,OK,Extra Trees
BRAF_TEST_0550,c1ncccc1CCCN,NCCCc1cccnc1,4.491500000000006,,IN_DOMAIN,0.1134226137875935,0.9030612244897959,1.0,OK,Extra Trees
BRAF_TEST_0551,c1cccnc1CCCN,NCCCc1ccccn1,4.54700000000002,,IN_DOMAIN,0.1294421003557233,0.9030612244897959,1.0,OK,Extra Trees
BRAF_TEST_0552,c1ccc2ccccc2c1CCCN,NCCCc1cccc2ccccc12,4.583999999999996,,IN_DOMAIN,0.1645378757452377,0.9030612244897959,1.0,OK,Extra Trees
BRAF_TEST_0553,c1ccccc1CCCCN,NCCCCc1ccccc1,5.930499999999987,,IN_DOMAIN,0.1432593285180779,0.9030612244897959,1.0,OK,Extra Trees
BRAF_TEST_0554,c1ccc(cc1)CCCCN,NCCCCc1ccccc1,5.930499999999987,,IN_DOMAIN,0.1432593285180779,0.9030612244897959,1.0,OK,Extra Trees
BRAF_TEST_0555,c1ccncc1CCCCN,NCCCCc1cccnc1,6.004500000000006,,IN_DOMAIN,0.1280615731440597,0.9030612244897959,1.0,OK,Extra Trees
BRAF_TEST_0556,c1ncccc1CCCCN,NCCCCc1cccnc1,6.004500000000006,,IN_DOMAIN,0.1280615731440597,0.9030612244897959,1.0,OK,Extra Trees
BRAF_TEST_0557,c1cccnc1CCCCN,NCCCCc1ccccn1,6.059999999999961,,IN_DOMAIN,0.1364872576467948,0.9030612244897959,1.0,OK,Extra Trees
BRAF_TEST_0558,c1ccc2ccccc2c1CCCCN,NCCCCc1cccc2ccccc12,5.880633333333334,,IN_DOMAIN,0.1934447085910292,0.9030612244897959,0.9615384615384616,OK,Extra Trees
BRAF_TEST_0577,c1ccccc1OCCN,NCCOc1ccccc1,5.264499999999999,,IN_DOMAIN,0.1523259552981562,0.9030612244897959,1.0,OK,Extra Trees
BRAF_TEST_0578,c1ccc(cc1)OCCN,NCCOc1ccccc1,5.264499999999999,,IN_DOMAIN,0.1523259552981562,0.9030612244897959,1.0,OK,Extra Trees
BRAF_TEST_0579,c1ccncc1OCCN,NCCOc1cccnc1,5.338500000000012,,IN_DOMAIN,0.1570985979595562,0.9030612244897959,1.0,OK,Extra Trees
BRAF_TEST_0580,c1ncccc1OCCN,NCCOc1cccnc1,5.338500000000012,,IN_DOMAIN,0.1570985979595562,0.9030612244897959,1.0,OK,Extra Trees
BRAF_TEST_0581,c1cccnc1OCCN,NCCOc1ccccn1,5.394000000000005,,IN_DOMAIN,0.2155555969964893,0.9030612244897959,1.0,OK,Extra Trees
BRAF_TEST_0582,c1ccc2ccccc2c1OCCN,NCCOc1cccc2ccccc12,5.431000000000026,,IN_DOMAIN,0.1721229873427927,0.9030612244897959,1.0,OK,Extra Trees
BRAF_TEST_0583,c1ccccc1CNCN,NCNCc1ccccc1,5.486499999999983,,IN_DOMAIN,0.1379422221639762,0.9030612244897959,1.0,OK,Extra Trees
BRAF_TEST_0584,c1ccc(cc1)CNCN,NCNCc1ccccc1,5.486499999999983,,IN_DOMAIN,0.1379422221639762,0.9030612244897959,1.0,OK,Extra Trees
BRAF_TEST_0585,c1ccncc1CNCN,NCNCc1cccnc1,5.56050000000003,,IN_DOMAIN,0.1510094886887332,0.9030612244897959,1.0,OK,Extra Trees
BRAF_TEST_0586,c1ncccc1CNCN,NCNCc1cccnc1,5.56050000000003,,IN_DOMAIN,0.1510094886887332,0.9030612244897959,1.0,OK,Extra Trees
BRAF_TEST_0587,c1cccnc1CNCN,NCNCc1ccccn1,5.615999999999987,,IN_DOMAIN,0.2228011827714865,0.9030612244897959,1.0,OK,Extra Trees
BRAF_TEST_0588,c1ccc2ccccc2c1CNCN,NCNCc1cccc2ccccc12,5.653000000000016,,IN_DOMAIN,0.1833123577635081,0.9030612244897959,1.0,OK,Extra Trees
BRAF_TEST_0589,c1ccccc1NCN,NCNc1ccccc1,5.708499999999974,,IN_DOMAIN,0.1738978649401802,0.9030612244897959,1.0,OK,Extra Trees
BRAF_TEST_0590,c1ccc(cc1)NCN,NCNc1ccccc1,5.708499999999974,,IN_DOMAIN,0.1738978649401802,0.9030612244897959,1.0,OK,Extra Trees
BRAF_TEST_0591,c1ccncc1NCN,NCNc1cccnc1,5.782500000000023,,IN_DOMAIN,0.1800379558692741,0.9030612244897959,1.0,OK,Extra Trees
BRAF_TEST_0592,c1ncccc1NCN,NCNc1cccnc1,5.782500000000023,,IN_DOMAIN,0.1800379558692741,0.9030612244897959,1.0,OK,Extra Trees
BRAF_TEST_0593,c1cccnc1NCN,NCNc1ccccn1,5.837999999999979,,IN_DOMAIN,0.2064094051075979,0.9030612244897959,1.0,OK,Extra Trees
BRAF_TEST_0594,c1ccc2ccccc2c1NCN,NCNc1cccc2ccccc12,5.875,,IN_DOMAIN,0.1756625149561588,0.9030612244897959,1.0,OK,Extra Trees
BRAF_TEST_0607,c1ccccc1CCOCN,NCOCCc1ccccc1,6.374499999999958,,IN_DOMAIN,0.1836046550184623,0.9030612244897959,1.0,OK,Extra Trees
BRAF_TEST_0608,c1ccc(cc1)CCOCN,NCOCCc1ccccc1,6.374499999999958,,IN_DOMAIN,0.1836046550184623,0.9030612244897959,1.0,OK,Extra Trees
BRAF_TEST_0609,c1ccncc1CCOCN,NCOCCc1cccnc1,6.448499999999979,,IN_DOMAIN,0.1949595075953493,0.9030612244897959,1.0,OK,Extra Trees
BRAF_TEST_0610,c1ncccc1CCOCN,NCOCCc1cccnc1,6.448499999999979,,IN_DOMAIN,0.1949595075953493,0.9030612244897959,1.0,OK,Extra Trees
BRAF_TEST_0611,c1cccnc1CCOCN,NCOCCc1ccccn1,6.57544833333332,,IN_DOMAIN,0.2285936970486651,0.9030612244897959,0.7666666666666667,OK,Extra Trees
BRAF_TEST_0612,c1ccc2ccccc2c1CCOCN,NCOCCc1cccc2ccccc12,6.540999999999984,,IN_DOMAIN,0.2190791647969002,0.9030612244897959,1.0,OK,Extra Trees
BRAF_TEST_0613,c1ccccc1C(=O)NCN,NCNC(=O)c1ccccc1,6.596500000000047,,IN_DOMAIN,0.1955705495241666,0.9030612244897959,1.0,OK,Extra Trees
BRAF_TEST_0614,c1ccc(cc1)C(=O)NCN,NCNC(=O)c1ccccc1,6.596500000000047,,IN_DOMAIN,0.1955705495241666,0.9030612244897959,1.0,OK,Extra Trees
BRAF_TEST_0615,c1ccncc1C(=O)NCN,NCNC(=O)c1cccnc1,6.670499999999961,,IN_DOMAIN,0.1928753974259642,0.9030612244897959,1.0,OK,Extra Trees
BRAF_TEST_0616,c1ncccc1C(=O)NCN,NCNC(=O)c1cccnc1,6.670499999999961,,IN_DOMAIN,0.1928753974259642,0.9030612244897959,1.0,OK,Extra Trees
BRAF_TEST_0617,c1cccnc1C(=O)NCN,NCNC(=O)c1ccccn1,6.726000000000055,,IN_DOMAIN,0.2279704152821642,0.9030612244897959,1.0,OK,Extra Trees
BRAF_TEST_0618,c1ccc2ccccc2c1C(=O)NCN,NCNC(=O)c1cccc2ccccc12,6.762999999999966,,IN_DOMAIN,0.223565275817351,0.9030612244897959,1.0,OK,Extra Trees
BRAF_TEST_0619,c1ccccc1C(=O)OCN,NCOC(=O)c1ccccc1,6.818500000000032,,IN_DOMAIN,0.2252171513168384,0.9030612244897959,1.0,OK,Extra Trees
BRAF_TEST_0620,c1ccc(cc1)C(=O)OCN,NCOC(=O)c1ccccc1,6.818500000000032,,IN_DOMAIN,0.2252171513168384,0.9030612244897959,1.0,OK,Extra Trees
BRAF_TEST_0621,c1ccncc1C(=O)OCN,NCOC(=O)c1cccnc1,6.892499999999973,,IN_DOMAIN,0.2459701588991511,0.9030612244897959,1.0,OK,Extra Trees
BRAF_TEST_0622,c1ncccc1C(=O)OCN,NCOC(=O)c1cccnc1,6.892499999999973,,IN_DOMAIN,0.2459701588991511,0.9030612244897959,1.0,OK,Extra Trees
BRAF_TEST_0623,c1cccnc1C(=O)OCN,NCOC(=O)c1ccccn1,6.948000000000037,,IN_DOMAIN,0.2623936413176832,0.9030612244897959,1.0,OK,Extra Trees
BRAF_TEST_0624,c1ccc2ccccc2c1C(=O)OCN,NCOC(=O)c1cccc2ccccc12,6.984999999999959,,IN_DOMAIN,0.2087772659570363,0.9030612244897959,1.0,OK,Extra Trees
BRAF_TEST_0625,c1ccccc1SCN,NCSc1ccccc1,7.040500000000023,,IN_DOMAIN,0.2608128899571376,0.9030612244897959,1.0,OK,Extra Trees
BRAF_TEST_0626,c1ccc(cc1)SCN,NCSc1ccccc1,7.040500000000023,,IN_DOMAIN,0.2608128899571376,0.9030612244897959,1.0,OK,Extra Trees
BRAF_TEST_0627,c1ccncc1SCN,NCSc1cccnc1,7.114499999999968,,IN_DOMAIN,0.2647066277645879,0.9030612244897959,1.0,OK,Extra Trees
BRAF_TEST_0628,c1ncccc1SCN,NCSc1cccnc1,7.114499999999968,,IN_DOMAIN,0.2647066277645879,0.9030612244897959,1.0,OK,Extra Trees
BRAF_TEST_0629,c1cccnc1SCN,NCSc1ccccn1,7.170000000000029,,OUT_OF_DOMAIN,0.9999471291273477,0.9030612244897959,1.0,HIGH_LEVERAGE_EXTRAPOLATION,Extra Trees
BRAF_TEST_0630,c1ccc2ccccc2c1SCN,NCSc1cccc2ccccc12,7.207000000000042,,IN_DOMAIN,0.3416862370187718,0.9030612244897959,1.0,OK,Extra Trees
BRAF_TEST_0631,c1ccccc1CCCN,NCCCc1ccccc1,4.417500000000014,,IN_DOMAIN,0.1391675115524846,0.9030612244897959,1.0,OK,Extra Trees
BRAF_TEST_0632,c1ccc(cc1)CCCN,NCCCc1ccccc1,4.417500000000014,,IN_DOMAIN,0.1391675115524846,0.9030612244897959,1.0,OK,Extra Trees
BRAF_TEST_0633,c1ccncc1CCCN,NCCCc1cccnc1,4.491500000000006,,IN_DOMAIN,0.1134226137875935,0.9030612244897959,1.0,OK,Extra Trees
BRAF_TEST_0634,c1ncccc1CCCN,NCCCc1cccnc1,4.491500000000006,,IN_DOMAIN,0.1134226137875935,0.9030612244897959,1.0,OK,Extra Trees
BRAF_TEST_0635,c1cccnc1CCCN,NCCCc1ccccn1,4.54700000000002,,IN_DOMAIN,0.1294421003557233,0.9030612244897959,1.0,OK,Extra Trees
BRAF_TEST_0636,c1ccc2ccccc2c1CCCN,NCCCc1cccc2ccccc12,4.583999999999996,,IN_DOMAIN,0.1645378757452377,0.9030612244897959,1.0,OK,Extra Trees
BRAF_TEST_0637,c1ccccc1CCCCN,NCCCCc1ccccc1,5.930499999999987,,IN_DOMAIN,0.1432593285180779,0.9030612244897959,1.0,OK,Extra Trees
BRAF_TEST_0638,c1ccc(cc1)CCCCN,NCCCCc1ccccc1,5.930499999999987,,IN_DOMAIN,0.1432593285180779,0.9030612244897959,1.0,OK,Extra Trees
BRAF_TEST_0639,c1ccncc1CCCCN,NCCCCc1cccnc1,6.004500000000006,,IN_DOMAIN,0.1280615731440597,0.9030612244897959,1.0,OK,Extra Trees
BRAF_TEST_0640,c1ncccc1CCCCN,NCCCCc1cccnc1,6.004500000000006,,IN_DOMAIN,0.1280615731440597,0.9030612244897959,1.0,OK,Extra Trees
BRAF_TEST_0641,c1cccnc1CCCCN,NCCCCc1ccccn1,6.059999999999961,,IN_DOMAIN,0.1364872576467948,0.9030612244897959,1.0,OK,Extra Trees
BRAF_TEST_0642,c1ccc2ccccc2c1CCCCN,NCCCCc1cccc2ccccc12,5.880633333333334,,IN_DOMAIN,0.1934447085910292,0.9030612244897959,0.9615384615384616,OK,Extra Trees
BRAF_TEST_0643,c1ccccc1CCCCCN,NCCCCCc1ccccc1,7.706499999999978,,IN_DOMAIN,0.1795665566807164,0.9030612244897959,1.0,OK,Extra Trees
BRAF_TEST_0644,c1ccc(cc1)CCCCCN,NCCCCCc1ccccc1,7.706499999999978,,IN_DOMAIN,0.1795665566807164,0.9030612244897959,1.0,OK,Extra Trees
BRAF_TEST_0645,c1ccncc1CCCCCN,NCCCCCc1cccnc1,7.780500000000008,,IN_DOMAIN,0.1619657405085,0.9030612244897959,1.0,OK,Extra Trees
BRAF_TEST_0646,c1ncccc1CCCCCN,NCCCCCc1cccnc1,7.780500000000008,,IN_DOMAIN,0.1619657405085,0.9030612244897959,1.0,OK,Extra Trees
BRAF_TEST_0647,c1cccnc1CCCCCN,NCCCCCc1ccccn1,7.835999999999983,,IN_DOMAIN,0.1711431744189073,0.9030612244897959,1.0,OK,Extra Trees
BRAF_TEST_0648,c1ccc2ccccc2c1CCCCCN,NCCCCCc1cccc2ccccc12,7.873000000000035,,IN_DOMAIN,0.2957957662292353,0.9030612244897959,1.0,OK,Extra Trees
BRAF_TEST_0667,c1ccccc1OCCCN,NCCCOc1ccccc1,8.594500000000009,,IN_DOMAIN,0.206012548157454,0.9030612244897959,1.0,OK,Extra Trees
BRAF_TEST_0668,c1ccc(cc1)OCCCN,NCCCOc1ccccc1,8.594500000000009,,IN_DOMAIN,0.206012548157454,0.9030612244897959,1.0,OK,Extra Trees
BRAF_TEST_0669,c1ccncc1OCCCN,NCCCOc1cccnc1,8.668500000000043,,IN_DOMAIN,0.2000988426808478,0.9030612244897959,1.0,OK,Extra Trees
BRAF_TEST_0670,c1ncccc1OCCCN,NCCCOc1cccnc1,8.668500000000043,,IN_DOMAIN,0.2000988426808478,0.9030612244897959,1.0,OK,Extra Trees
BRAF_TEST_0671,c1cccnc1OCCCN,NCCCOc1ccccn1,8.09454833333335,,IN_DOMAIN,0.2975543552740855,0.9030612244897959,0.8076923076923077,OK,Extra Trees
BRAF_TEST_0672,c1ccc2ccccc2c1OCCCN,NCCCOc1cccc2ccccc12,8.760999999999976,,IN_DOMAIN,0.1935046382829719,0.9030612244897959,1.0,OK,Extra Trees
BRAF_TEST_0673,c1ccccc1CNCCN,NCCNCc1ccccc1,8.816499999999948,,IN_DOMAIN,0.206114935868659,0.9030612244897959,1.0,OK,Extra Trees
BRAF_TEST_0674,c1ccc(cc1)CNCCN,NCCNCc1ccccc1,8.816499999999948,,IN_DOMAIN,0.206114935868659,0.9030612244897959,1.0,OK,Extra Trees
BRAF_TEST_0675,c1ccncc1CNCCN,NCCNCc1cccnc1,8.606756666666639,,IN_DOMAIN,0.2371097452996106,0.9030612244897959,0.7333333333333333,OK,Extra Trees
BRAF_TEST_0676,c1ncccc1CNCCN,NCCNCc1cccnc1,8.606756666666639,,IN_DOMAIN,0.2371097452996106,0.9030612244897959,0.7333333333333333,OK,Extra Trees
BRAF_TEST_0677,c1cccnc1CNCCN,NCCNCc1ccccn1,8.465144999999977,,IN_DOMAIN,0.2471325030480598,0.9030612244897959,0.7241379310344828,OK,Extra Trees
BRAF_TEST_0678,c1ccc2ccccc2c1CNCCN,NCCNCc1cccc2ccccc12,8.540936666666651,,IN_DOMAIN,0.2449616047164958,0.9030612244897959,0.7333333333333333,OK,Extra Trees
BRAF_TEST_0679,c1ccccc1NCCN,NCCNc1ccccc1,9.03850000000007,,IN_DOMAIN,0.1831989516053575,0.9030612244897959,1.0,OK,Extra Trees
BRAF_TEST_0680,c1ccc(cc1)NCCN,NCCNc1ccccc1,9.03850000000007,,IN_DOMAIN,0.1831989516053575,0.9030612244897959,1.0,OK,Extra Trees
BRAF_TEST_0681,c1ccncc1NCCN,NCCNc1cccnc1,9.112500000000022,,IN_DOMAIN,0.1608380946889139,0.9030612244897959,1.0,OK,Extra Trees
BRAF_TEST_0682,c1ncccc1NCCN,NCCNc1cccnc1,9.112500000000022,,IN_DOMAIN,0.1608380946889139,0.9030612244897959,1.0,OK,Extra Trees
BRAF_TEST_0683,c1cccnc1NCCN,NCCNc1ccccn1,9.167999999999992,,IN_DOMAIN,0.18812709113416,0.9030612244897959,1.0,OK,Extra Trees
BRAF_TEST_0684,c1ccc2ccccc2c1NCCN,NCCNc1cccc2ccccc12,9.204999999999963,,IN_DOMAIN,0.1793633384514019,0.9030612244897959,1.0,OK,Extra Trees
BRAF_TEST_0697,c1ccccc1CCOCCN,NCCOCCc1ccccc1,9.704499999999975,,IN_DOMAIN,0.182833280864797,0.9030612244897959,1.0,OK,Extra Trees
BRAF_TEST_0698,c1ccc(cc1)CCOCCN,NCCOCCc1ccccc1,9.704499999999975,,IN_DOMAIN,0.182833280864797,0.9030612244897959,1.0,OK,Extra Trees
BRAF_TEST_0699,c1ccncc1CCOCCN,NCCOCCc1cccnc1,9.812926666666646,,IN_DOMAIN,0.1983327649087816,0.9030612244897959,0.7741935483870968,OK,Extra Trees
BRAF_TEST_0700,c1ncccc1CCOCCN,NCCOCCc1cccnc1,9.812926666666646,,IN_DOMAIN,0.1983327649087816,0.9030612244897959,0.7741935483870968,OK,Extra Trees
BRAF_TEST_0701,c1cccnc1CCOCCN,NCCOCCc1ccccn1,9.833999999999962,,IN_DOMAIN,0.2228484602227195,0.9030612244897959,1.0,OK,Extra Trees
BRAF_TEST_0702,c1ccc2ccccc2c1CCOCCN,NCCOCCc1cccc2ccccc12,9.871000000000057,,IN_DOMAIN,0.2745900666052699,0.9030612244897959,1.0,OK,Extra Trees
BRAF_TEST_0703,c1ccccc1C(=O)NCCN,NCCNC(=O)c1ccccc1,9.820835000000015,,IN_DOMAIN,0.2615010384848738,0.9030612244897959,0.7037037037037037,OK,Extra Trees
BRAF_TEST_0704,c1ccc(cc1)C(=O)NCCN,NCCNC(=O)c1ccccc1,9.820835000000015,,IN_DOMAIN,0.2615010384848738,0.9030612244897959,0.7037037037037037,OK,Extra Trees
BRAF_TEST_0705,c1ccncc1C(=O)NCCN,NCCNC(=O)c1cccnc1,10.00050000000006,,IN_DOMAIN,0.2210919759585158,0.9030612244897959,1.0,OK,Extra Trees
BRAF_TEST_0706,c1ncccc1C(=O)NCCN,NCCNC(=O)c1cccnc1,10.00050000000006,,IN_DOMAIN,0.2210919759585158,0.9030612244897959,1.0,OK,Extra Trees
BRAF_TEST_0707,c1cccnc1C(=O)NCCN,NCCNC(=O)c1ccccn1,10.03658833333336,,IN_DOMAIN,0.2867809110761819,0.9030612244897959,0.75,OK,Extra Trees
BRAF_TEST_0708,c1ccc2ccccc2c1C(=O)NCCN,NCCNC(=O)c1cccc2ccccc12,9.295923333333345,,IN_DOMAIN,0.3168166306293509,0.9030612244897959,0.7575757575757576,OK,Extra Trees
BRAF_TEST_0709,c1ccccc1C(=O)OCCN,NCCOC(=O)c1ccccc1,10.14849999999994,,IN_DOMAIN,0.2151331083222183,0.9030612244897959,1.0,OK,Extra Trees
BRAF_TEST_0710,c1ccc(cc1)C(=O)OCCN,NCCOC(=O)c1ccccc1,10.14849999999994,,IN_DOMAIN,0.2151331083222183,0.9030612244897959,1.0,OK,Extra Trees
BRAF_TEST_0711,c1ccncc1C(=O)OCCN,NCCOC(=O)c1cccnc1,10.22249999999998,,IN_DOMAIN,0.180636690492113,0.9030612244897959,1.0,OK,Extra Trees
BRAF_TEST_0712,c1ncccc1C(=O)OCCN,NCCOC(=O)c1cccnc1,10.22249999999998,,IN_DOMAIN,0.180636690492113,0.9030612244897959,1.0,OK,Extra Trees
BRAF_TEST_0713,c1cccnc1C(=O)OCCN,NCCOC(=O)c1ccccn1,10.27799999999994,,IN_DOMAIN,0.2873711284079963,0.9030612244897959,1.0,OK,Extra Trees
BRAF_TEST_0714,c1ccc2ccccc2c1C(=O)OCCN,NCCOC(=O)c1cccc2ccccc12,9.52264499999997,,IN_DOMAIN,0.3099163933724648,0.9030612244897959,0.7575757575757576,OK,Extra Trees
BRAF_TEST_0715,c1ccccc1SCCN,NCCSc1ccccc1,10.41668166666667,,IN_DOMAIN,0.318688147411009,0.9030612244897959,0.6363636363636364,OK,Extra Trees
BRAF_TEST_0716,c1ccc(cc1)SCCN,NCCSc1ccccc1,10.41668166666667,,IN_DOMAIN,0.318688147411009,0.9030612244897959,0.6363636363636364,OK,Extra Trees
BRAF_TEST_0717,c1ccncc1SCCN,NCCSc1cccnc1,10.44450000000003,,IN_DOMAIN,0.2771107640000354,0.9030612244897959,1.0,OK,Extra Trees
BRAF_TEST_0718,c1ncccc1SCCN,NCCSc1cccnc1,10.44450000000003,,IN_DOMAIN,0.2771107640000354,0.9030612244897959,1.0,OK,Extra Trees
BRAF_TEST_0719,c1cccnc1SCCN,NCCSc1ccccn1,10.5,,IN_DOMAIN,0.3065899088718964,0.9030612244897959,1.0,OK,Extra Trees
BRAF_TEST_0720,c1ccc2ccccc2c1SCCN,NCCSc1cccc2ccccc12,10.53699999999995,,IN_DOMAIN,0.3236395181538739,0.9030612244897959,1.0,OK,Extra Trees
BRAF_TEST_0721,c1ccccc1CO,OCc1ccccc1,4.60904499999999,,IN_DOMAIN,0.2830493201565004,0.9030612244897959,0.5789473684210527,OK,Extra Trees
BRAF_TEST_0722,c1ccc(cc1)CO,OCc1ccccc1,4.60904499999999,,IN_DOMAIN,0.2830493201565004,0.9030612244897959,0.5789473684210527,OK,Extra Trees
BRAF_TEST_0723,c1ccncc1CO,OCc1cccnc1,4.184614999999982,,IN_DOMAIN,0.2822316083863632,0.9030612244897959,0.68,OK,Extra Trees
BRAF_TEST_0724,c1ncccc1CO,OCc1cccnc1,4.184614999999982,,IN_DOMAIN,0.2822316083863632,0.9030612244897959,0.68,OK,Extra Trees
BRAF_TEST_0725,c1cccnc1CO,OCc1ccccn1,4.020999999999978,,IN_DOMAIN,0.2765622340225759,0.9030612244897959,1.0,OK,Extra Trees
BRAF_TEST_0726,c1ccc2ccccc2c1CO,OCc1cccc2ccccc12,4.057999999999994,,IN_DOMAIN,0.2501008502801335,0.9030612244897959,1.0,OK,Extra Trees
BRAF_TEST_0727,c1ccccc1CCO,OCCc1ccccc1,5.305499999999993,,IN_DOMAIN,0.162960302674739,0.9030612244897959,1.0,OK,Extra Trees
BRAF_TEST_0728,c1ccc(cc1)CCO,OCCc1ccccc1,5.305499999999993,,IN_DOMAIN,0.162960302674739,0.9030612244897959,1.0,OK,Extra Trees
BRAF_TEST_0729,c1ccncc1CCO,OCCc1cccnc1,5.379500000000006,,IN_DOMAIN,0.1848880967751722,0.9030612244897959,1.0,OK,Extra Trees
BRAF_TEST_0730,c1ncccc1CCO,OCCc1cccnc1,5.379500000000006,,IN_DOMAIN,0.1848880967751722,0.9030612244897959,1.0,OK,Extra Trees
BRAF_TEST_0731,c1cccnc1CCO,OCCc1ccccn1,5.434999999999963,,IN_DOMAIN,0.199288214685599,0.9030612244897959,1.0,OK,Extra Trees
BRAF_TEST_0732,c1ccc2ccccc2c1CCO,OCCc1cccc2ccccc12,5.471999999999984,,IN_DOMAIN,0.1953611524933989,0.9030612244897959,1.0,OK,Extra Trees
BRAF_TEST_0733,c1ccccc1CCCO,OCCCc1ccccc1,4.335499999999995,,IN_DOMAIN,0.1549852710251788,0.9030612244897959,1.0,OK,Extra Trees
BRAF_TEST_0734,c1ccc(cc1)CCCO,OCCCc1ccccc1,4.335499999999995,,IN_DOMAIN,0.1549852710251788,0.9030612244897959,1.0,OK,Extra Trees
BRAF_TEST_0735,c1ccncc1CCCO,OCCCc1cccnc1,4.409499999999984,,IN_DOMAIN,0.1570773501606048,0.9030612244897959,1.0,OK,Extra Trees
BRAF_TEST_0736,c1ncccc1CCCO,OCCCc1cccnc1,4.409499999999984,,IN_DOMAIN,0.1570773501606048,0.9030612244897959,1.0,OK,Extra Trees
BRAF_TEST_0737,c1cccnc1CCCO,OCCCc1ccccn1,4.464999999999988,,IN_DOMAIN,0.152119694636116,0.9030612244897959,1.0,OK,Extra Trees
BRAF_TEST_0738,c1ccc2ccccc2c1CCCO,OCCCc1cccc2ccccc12,4.501999999999973,,IN_DOMAIN,0.1826552117418799,0.9030612244897959,1.0,OK,Extra Trees
BRAF_TEST_0757,c1ccccc1OCO,OCOc1ccccc1,5.223500000000002,,IN_DOMAIN,0.2470993375492574,0.9030612244897959,1.0,OK,Extra Trees
BRAF_TEST_0758,c1ccc(cc1)OCO,OCOc1ccccc1,5.223500000000002,,IN_DOMAIN,0.2470993375492574,0.9030612244897959,1.0,OK,Extra Trees
BRAF_TEST_0759,c1ccncc1OCO,OCOc1cccnc1,5.297499999999972,,IN_DOMAIN,0.2716564222465275,0.9030612244897959,1.0,OK,Extra Trees
BRAF_TEST_0760,c1ncccc1OCO,OCOc1cccnc1,5.297499999999972,,IN_DOMAIN,0.2716564222465275,0.9030612244897959,1.0,OK,Extra Trees
BRAF_TEST_0761,c1cccnc1OCO,OCOc1ccccn1,5.35300000000001,,IN_DOMAIN,0.3308063055404734,0.9030612244897959,1.0,OK,Extra Trees
BRAF_TEST_0762,c1ccc2ccccc2c1OCO,OCOc1cccc2ccccc12,5.358164999999993,,IN_DOMAIN,0.3377899667843977,0.9030612244897959,0.6428571428571429,OK,Extra Trees
BRAF_TEST_0763,c1ccccc1CNO,ONCc1ccccc1,5.445500000000024,,IN_DOMAIN,0.3342585133291259,0.9030612244897959,1.0,OK,Extra Trees
BRAF_TEST_0764,c1ccc(cc1)CNO,ONCc1ccccc1,5.445500000000024,,IN_DOMAIN,0.3342585133291259,0.9030612244897959,1.0,OK,Extra Trees
BRAF_TEST_0765,c1ccncc1CNO,ONCc1cccnc1,5.606526666666686,,IN_DOMAIN,0.3366682573890048,0.9030612244897959,0.6428571428571429,OK,Extra Trees
BRAF_TEST_0766,c1ncccc1CNO,ONCc1cccnc1,5.606526666666686,,IN_DOMAIN,0.3366682573890048,0.9030612244897959,0.6428571428571429,OK,Extra Trees
BRAF_TEST_0767,c1cccnc1CNO,ONCc1ccccn1,5.575000000000029,,IN_DOMAIN,0.4060627882885415,0.9030612244897959,1.0,OK,Extra Trees
BRAF_TEST_0768,c1ccc2ccccc2c1CNO,ONCc1cccc2ccccc12,5.612000000000024,,IN_DOMAIN,0.3394694417569683,0.9030612244897959,1.0,OK,Extra Trees
BRAF_TEST_0769,c1ccccc1NO,ONc1ccccc1,5.849153333333328,,IN_DOMAIN,0.3540184911450263,0.9030612244897959,0.4782608695652174,OK,Extra Trees
BRAF_TEST_0770,c1ccc(cc1)NO,ONc1ccccc1,5.849153333333328,,IN_DOMAIN,0.3540184911450263,0.9030612244897959,0.4782608695652174,OK,Extra Trees
BRAF_TEST_0771,c1ccncc1NO,ONc1cccnc1,5.741500000000023,,IN_DOMAIN,0.3143334922275549,0.9030612244897959,1.0,OK,Extra Trees
BRAF_TEST_0772,c1ncccc1NO,ONc1cccnc1,5.741500000000023,,IN_DOMAIN,0.3143334922275549,0.9030612244897959,1.0,OK,Extra Trees
BRAF_TEST_0773,c1cccnc1NO,ONc1ccccn1,5.797000000000021,,IN_DOMAIN,0.3440703750051123,0.9030612244897959,1.0,OK,Extra Trees
BRAF_TEST_0774,c1ccc2ccccc2c1NO,ONc1cccc2ccccc12,5.83400000000001,,IN_DOMAIN,0.3182133082583622,0.9030612244897959,1.0,OK,Extra Trees
BRAF_TEST_0787,c1ccccc1CCOO,OOCCc1ccccc1,6.333499999999972,,IN_DOMAIN,0.2967526298994443,0.9030612244897959,1.0,OK,Extra Trees
BRAF_TEST_0788,c1ccc(cc1)CCOO,OOCCc1ccccc1,6.333499999999972,,IN_DOMAIN,0.2967526298994443,0.9030612244897959,1.0,OK,Extra Trees
BRAF_TEST_0789,c1ccncc1CCOO,OOCCc1cccnc1,6.612713333333335,,IN_DOMAIN,0.3489301652338982,0.9030612244897959,0.6666666666666666,OK,Extra Trees
BRAF_TEST_0790,c1ncccc1CCOO,OOCCc1cccnc1,6.612713333333335,,IN_DOMAIN,0.3489301652338982,0.9030612244897959,0.6666666666666666,OK,Extra Trees
BRAF_TEST_0791,c1cccnc1CCOO,OOCCc1ccccn1,6.586531666666668,,IN_DOMAIN,0.3397802100392764,0.9030612244897959,0.6551724137931034,OK,Extra Trees
BRAF_TEST_0792,c1ccc2ccccc2c1CCOO,OOCCc1cccc2ccccc12,6.5,,IN_DOMAIN,0.3221631901698899,0.9030612244897959,1.0,OK,Extra Trees
BRAF_TEST_0793,c1ccccc1C(=O)NO,O=C(NO)c1ccccc1,6.609293333333339,,IN_DOMAIN,0.3624123746039203,0.9030612244897959,0.6086956521739131,OK,Extra Trees
BRAF_TEST_0794,c1ccc(cc1)C(=O)NO,O=C(NO)c1ccccc1,6.609293333333339,,IN_DOMAIN,0.3624123746039203,0.9030612244897959,0.6086956521739131,OK,Extra Trees
BRAF_TEST_0795,c1ccncc1C(=O)NO,O=C(NO)c1cccnc1,6.629500000000006,,IN_DOMAIN,0.3042226530080145,0.9030612244897959,1.0,OK,Extra Trees
BRAF_TEST_0796,c1ncccc1C(=O)NO,O=C(NO)c1cccnc1,6.629500000000006,,IN_DOMAIN,0.3042226530080145,0.9030612244897959,1.0,OK,Extra Trees
BRAF_TEST_0797,c1cccnc1C(=O)NO,O=C(NO)c1ccccn1,6.68499999999996,,IN_DOMAIN,0.3376961668371914,0.9030612244897959,1.0,OK,Extra Trees
BRAF_TEST_0798,c1ccc2ccccc2c1C(=O)NO,O=C(NO)c1cccc2ccccc12,6.721999999999983,,IN_DOMAIN,0.3386404956167813,0.9030612244897959,1.0,OK,Extra Trees
BRAF_TEST_0799,c1ccccc1C(=O)OO,O=C(OO)c1ccccc1,6.777499999999964,,IN_DOMAIN,0.2964897438872871,0.9030612244897959,1.0,OK,Extra Trees
BRAF_TEST_0800,c1ccc(cc1)C(=O)OO,O=C(OO)c1ccccc1,6.777499999999964,,IN_DOMAIN,0.2964897438872871,0.9030612244897959,1.0,OK,Extra Trees
BRAF_TEST_0801,c1ccncc1C(=O)OO,O=C(OO)c1cccnc1,6.85149999999999,,IN_DOMAIN,0.3343985339015904,0.9030612244897959,1.0,OK,Extra Trees
BRAF_TEST_0802,c1ncccc1C(=O)OO,O=C(OO)c1cccnc1,6.85149999999999,,IN_DOMAIN,0.3343985339015904,0.9030612244897959,1.0,OK,Extra Trees
BRAF_TEST_0803,c1cccnc1C(=O)OO,O=C(OO)c1ccccn1,6.781114999999994,,IN_DOMAIN,0.5846048626721646,0.9030612244897959,0.6785714285714286,OK,Extra Trees
BRAF_TEST_0804,c1ccc2ccccc2c1C(=O)OO,O=C(OO)c1cccc2ccccc12,6.943999999999972,,IN_DOMAIN,0.3100403598620671,0.9030612244897959,1.0,OK,Extra Trees
BRAF_TEST_0805,c1ccccc1SO,OSc1ccccc1,7.02486833333333,,OUT_OF_DOMAIN,1.340653091990934,0.9030612244897959,0.4761904761904762,HIGH_LEVERAGE_EXTRAPOLATION,Extra Trees
BRAF_TEST_0806,c1ccc(cc1)SO,OSc1ccccc1,7.02486833333333,,OUT_OF_DOMAIN,1.340653091990934,0.9030612244897959,0.4761904761904762,HIGH_LEVERAGE_EXTRAPOLATION,Extra Trees
BRAF_TEST_0807,c1ccncc1SO,OSc1cccnc1,7.135851666666672,,OUT_OF_DOMAIN,1.388482101736408,0.9030612244897959,0.6,HIGH_LEVERAGE_EXTRAPOLATION,Extra Trees
BRAF_TEST_0808,c1ncccc1SO,OSc1cccnc1,7.135851666666672,,OUT_OF_DOMAIN,1.388482101736408,0.9030612244897959,0.6,HIGH_LEVERAGE_EXTRAPOLATION,Extra Trees
BRAF_TEST_0809,c1cccnc1SO,OSc1ccccn1,7.17830833333334,,OUT_OF_DOMAIN,1.701444376212939,0.9030612244897959,0.5833333333333334,HIGH_LEVERAGE_EXTRAPOLATION,Extra Trees
BRAF_TEST_0810,c1ccc2ccccc2c1SO,OSc1cccc2ccccc12,7.165999999999991,,OUT_OF_DOMAIN,0.9591074157068439,0.9030612244897959,1.0,HIGH_LEVERAGE_EXTRAPOLATION,Extra Trees
BRAF_TEST_0811,c1ccccc1COC,COCc1ccccc1,7.221500000000052,,IN_DOMAIN,0.1952124372550313,0.9030612244897959,1.0,OK,Extra Trees
BRAF_TEST_0812,c1ccc(cc1)COC,COCc1ccccc1,7.221500000000052,,IN_DOMAIN,0.1952124372550313,0.9030612244897959,1.0,OK,Extra Trees
BRAF_TEST_0813,c1ccncc1COC,COCc1cccnc1,7.295499999999976,,IN_DOMAIN,0.1892172564481729,0.9030612244897959,1.0,OK,Extra Trees
BRAF_TEST_0814,c1ncccc1COC,COCc1cccnc1,7.295499999999976,,IN_DOMAIN,0.1892172564481729,0.9030612244897959,1.0,OK,Extra Trees
BRAF_TEST_0815,c1cccnc1COC,COCc1ccccn1,7.351000000000059,,IN_DOMAIN,0.1690081252963197,0.9030612244897959,1.0,OK,Extra Trees
BRAF_TEST_0816,c1ccc2ccccc2c1COC,COCc1cccc2ccccc12,7.557516666666698,,IN_DOMAIN,0.2175209608486511,0.9030612244897959,0.6551724137931034,OK,Extra Trees
BRAF_TEST_0817,c1ccccc1CCOC,COCCc1ccccc1,8.635500000000004,,IN_DOMAIN,0.1309372611287819,0.9030612244897959,1.0,OK,Extra Trees
BRAF_TEST_0818,c1ccc(cc1)CCOC,COCCc1ccccc1,8.635500000000004,,IN_DOMAIN,0.1309372611287819,0.9030612244897959,1.0,OK,Extra Trees
BRAF_TEST_0819,c1ccncc1CCOC,COCCc1cccnc1,8.709499999999968,,IN_DOMAIN,0.1385081871201194,0.9030612244897959,1.0,OK,Extra Trees
BRAF_TEST_0820,c1ncccc1CCOC,COCCc1cccnc1,8.709499999999968,,IN_DOMAIN,0.1385081871201194,0.9030612244897959,1.0,OK,Extra Trees
BRAF_TEST_0821,c1cccnc1CCOC,COCCc1ccccn1,8.765000000000006,,IN_DOMAIN,0.1499074147936285,0.9030612244897959,1.0,OK,Extra Trees
BRAF_TEST_0822,c1ccc2ccccc2c1CCOC,COCCc1cccc2ccccc12,8.802,,IN_DOMAIN,0.1567486659592442,0.9030612244897959,1.0,OK,Extra Trees
BRAF_TEST_0823,c1ccccc1CCCOC,COCCCc1ccccc1,7.665500000000026,,IN_DOMAIN,0.1669749314242642,0.9030612244897959,1.0,OK,Extra Trees
BRAF_TEST_0824,c1ccc(cc1)CCCOC,COCCCc1ccccc1,7.665500000000026,,IN_DOMAIN,0.1669749314242642,0.9030612244897959,1.0,OK,Extra Trees
BRAF_TEST_0825,c1ccncc1CCCOC,COCCCc1cccnc1,7.739499999999982,,IN_DOMAIN,0.1502219529281339,0.9030612244897959,1.0,OK,Extra Trees
BRAF_TEST_0826,c1ncccc1CCCOC,COCCCc1cccnc1,7.739499999999982,,IN_DOMAIN,0.1502219529281339,0.9030612244897959,1.0,OK,Extra Trees
BRAF_TEST_0827,c1cccnc1CCCOC,COCCCc1ccccn1,7.795000000000034,,IN_DOMAIN,0.1678937102520595,0.9030612244897959,1.0,OK,Extra Trees
BRAF_TEST_0828,c1ccc2ccccc2c1CCCOC,COCCCc1cccc2ccccc12,7.832000000000028,,IN_DOMAIN,0.1698829711012972,0.9030612244897959,1.0,OK,Extra Trees
BRAF_TEST_0847,c1ccccc1OCOC,COCOc1ccccc1,8.553499999999987,,IN_DOMAIN,0.2710076477861929,0.9030612244897959,1.0,OK,Extra Trees
BRAF_TEST_0848,c1ccc(cc1)OCOC,COCOc1ccccc1,8.553499999999987,,IN_DOMAIN,0.2710076477861929,0.9030612244897959,1.0,OK,Extra Trees
BRAF_TEST_0849,c1ccncc1OCOC,COCOc1cccnc1,8.627500000000042,,IN_DOMAIN,0.2519652372912727,0.9030612244897959,1.0,OK,Extra Trees
BRAF_TEST_0850,c1ncccc1OCOC,COCOc1cccnc1,8.627500000000042,,IN_DOMAIN,0.2519652372912727,0.9030612244897959,1.0,OK,Extra Trees
BRAF_TEST_0851,c1cccnc1OCOC,COCOc1ccccn1,8.682999999999995,,IN_DOMAIN,0.288864206787546,0.9030612244897959,1.0,OK,Extra Trees
BRAF_TEST_0852,c1ccc2ccccc2c1OCOC,COCOc1cccc2ccccc12,8.719999999999974,,IN_DOMAIN,0.2667852592663369,0.9030612244897959,1.0,OK,Extra Trees
BRAF_TEST_0853,c1ccccc1CNOC,CONCc1ccccc1,8.775500000000024,,IN_DOMAIN,0.2809511494675,0.9030612244897959,1.0,OK,Extra Trees
BRAF_TEST_0854,c1ccc(cc1)CNOC,CONCc1ccccc1,8.775500000000024,,IN_DOMAIN,0.2809511494675,0.9030612244897959,1.0,OK,Extra Trees
BRAF_TEST_0855,c1ccncc1CNOC,CONCc1cccnc1,8.849499999999974,,IN_DOMAIN,0.2684212277704434,0.9030612244897959,1.0,OK,Extra Trees
BRAF_TEST_0856,c1ncccc1CNOC,CONCc1cccnc1,8.849499999999974,,IN_DOMAIN,0.2684212277704434,0.9030612244897959,1.0,OK,Extra Trees
BRAF_TEST_0857,c1cccnc1CNOC,CONCc1ccccn1,8.90500000000003,,IN_DOMAIN,0.2853869377508985,0.9030612244897959,1.0,OK,Extra Trees
BRAF_TEST_0858,c1ccc2ccccc2c1CNOC,CONCc1cccc2ccccc12,8.942000000000005,,IN_DOMAIN,0.2866592319910123,0.9030612244897959,1.0,OK,Extra Trees
BRAF_TEST_0859,c1ccccc1NOC,CONc1ccccc1,8.997499999999956,,IN_DOMAIN,0.2504817237012679,0.9030612244897959,1.0,OK,Extra Trees
BRAF_TEST_0860,c1ccc(cc1)NOC,CONc1ccccc1,8.997499999999956,,IN_DOMAIN,0.2504817237012679,0.9030612244897959,1.0,OK,Extra Trees
BRAF_TEST_0861,c1ccncc1NOC,CONc1cccnc1,9.071500000000013,,IN_DOMAIN,0.2397466787823979,0.9030612244897959,1.0,OK,Extra Trees
BRAF_TEST_0862,c1ncccc1NOC,CONc1cccnc1,9.071500000000013,,IN_DOMAIN,0.2397466787823979,0.9030612244897959,1.0,OK,Extra Trees
BRAF_TEST_0863,c1cccnc1NOC,CONc1ccccn1,9.126999999999963,,IN_DOMAIN,0.2788784158642843,0.9030612244897959,1.0,OK,Extra Trees
BRAF_TEST_0864,c1ccc2ccccc2c1NOC,CONc1cccc2ccccc12,9.164000000000046,,IN_DOMAIN,0.2826502345861223,0.9030612244897959,1.0,OK,Extra Trees
BRAF_TEST_0877,c1ccccc1CCOOC,COOCCc1ccccc1,9.663500000000074,,IN_DOMAIN,0.2039668124622667,0.9030612244897959,1.0,OK,Extra Trees
BRAF_TEST_0878,c1ccc(cc1)CCOOC,COOCCc1ccccc1,9.663500000000074,,IN_DOMAIN,0.2039668124622667,0.9030612244897959,1.0,OK,Extra Trees
BRAF_TEST_0879,c1ccncc1CCOOC,COOCCc1cccnc1,9.737500000000033,,IN_DOMAIN,0.2341763974532315,0.9030612244897959,1.0,OK,Extra Trees
BRAF_TEST_0880,c1ncccc1CCOOC,COOCCc1cccnc1,9.737500000000033,,IN_DOMAIN,0.2341763974532315,0.9030612244897959,1.0,OK,Extra Trees
BRAF_TEST_0881,c1cccnc1CCOOC,COOCCc1ccccn1,9.793000000000001,,IN_DOMAIN,0.2248070389162707,0.9030612244897959,1.0,OK,Extra Trees
BRAF_TEST_0882,c1ccc2ccccc2c1CCOOC,COOCCc1cccc2ccccc12,9.82999999999996,,IN_DOMAIN,0.27536572296704,0.9030612244897959,1.0,OK,Extra Trees
BRAF_TEST_0883,c1ccccc1C(=O)NOC,CONC(=O)c1ccccc1,10.03228833333335,,IN_DOMAIN,0.4293458853643703,0.9030612244897959,0.5769230769230769,OK,Extra Trees
BRAF_TEST_0884,c1ccc(cc1)C(=O)NOC,CONC(=O)c1ccccc1,10.03228833333335,,IN_DOMAIN,0.4293458853643703,0.9030612244897959,0.5769230769230769,OK,Extra Trees
BRAF_TEST_0885,c1ccncc1C(=O)NOC,CONC(=O)c1cccnc1,10.07282666666667,,IN_DOMAIN,0.4495157967579983,0.9030612244897959,0.65625,OK,Extra Trees
BRAF_TEST_0886,c1ncccc1C(=O)NOC,CONC(=O)c1cccnc1,10.07282666666667,,IN_DOMAIN,0.4495157967579983,0.9030612244897959,0.65625,OK,Extra Trees
BRAF_TEST_0887,c1cccnc1C(=O)NOC,CONC(=O)c1ccccn1,10.09469000000003,,IN_DOMAIN,0.5365887715722377,0.9030612244897959,0.6451612903225806,OK,Extra Trees
BRAF_TEST_0888,c1ccc2ccccc2c1C(=O)NOC,CONC(=O)c1cccc2ccccc12,10.05200000000002,,IN_DOMAIN,0.4330598097834059,0.9030612244897959,1.0,OK,Extra Trees
BRAF_TEST_0889,c1ccccc1C(=O)OOC,COOC(=O)c1ccccc1,10.10750000000004,,IN_DOMAIN,0.2266911583589027,0.9030612244897959,1.0,OK,Extra Trees
BRAF_TEST_0890,c1ccc(cc1)C(=O)OOC,COOC(=O)c1ccccc1,10.10750000000004,,IN_DOMAIN,0.2266911583589027,0.9030612244897959,1.0,OK,Extra Trees
BRAF_TEST_0891,c1ccncc1C(=O)OOC,COOC(=O)c1cccnc1,10.18150000000002,,IN_DOMAIN,0.2294040837552437,0.9030612244897959,1.0,OK,Extra Trees
BRAF_TEST_0892,c1ncccc1C(=O)OOC,COOC(=O)c1cccnc1,10.18150000000002,,IN_DOMAIN,0.2294040837552437,0.9030612244897959,1.0,OK,Extra Trees
BRAF_TEST_0893,c1cccnc1C(=O)OOC,COOC(=O)c1ccccn1,10.23700000000005,,IN_DOMAIN,0.3857005056644528,0.9030612244897959,1.0,OK,Extra Trees
BRAF_TEST_0894,c1ccc2ccccc2c1C(=O)OOC,COOC(=O)c1cccc2ccccc12,10.27399999999992,,IN_DOMAIN,0.2739099732235387,0.9030612244897959,1.0,OK,Extra Trees
BRAF_TEST_0895,c1ccccc1SOC,COSc1ccccc1,10.44699166666667,,IN_DOMAIN,0.4806554607498046,0.9030612244897959,0.5384615384615384,OK,Extra Trees
BRAF_TEST_0896,c1ccc(cc1)SOC,COSc1ccccc1,10.44699166666667,,IN_DOMAIN,0.4806554607498046,0.9030612244897959,0.5384615384615384,OK,Extra Trees
BRAF_TEST_0897,c1ccncc1SOC,COSc1cccnc1,10.40349999999993,,IN_DOMAIN,0.4187602998795587,0.9030612244897959,1.0,OK,Extra Trees
BRAF_TEST_0898,c1ncccc1SOC,COSc1cccnc1,10.40349999999993,,IN_DOMAIN,0.4187602998795587,0.9030612244897959,1.0,OK,Extra Trees
BRAF_TEST_0899,c1cccnc1SOC,COSc1ccccn1,10.45899999999995,,IN_DOMAIN,0.4323213828706098,0.9030612244897959,1.0,OK,Extra Trees
BRAF_TEST_0900,c1ccc2ccccc2c1SOC,COSc1cccc2ccccc12,10.49600000000006,,IN_DOMAIN,0.4443420448903819,0.9030612244897959,1.0,OK,Extra Trees
BRAF_TEST_0901,c1ccccc1CC#N,N#CCc1ccccc1,10.55150000000003,,IN_DOMAIN,0.22952321540061,0.9030612244897959,1.0,OK,Extra Trees
BRAF_TEST_0902,c1ccc(cc1)CC#N,N#CCc1ccccc1,10.55150000000003,,IN_DOMAIN,0.22952321540061,0.9030612244897959,1.0,OK,Extra Trees
BRAF_TEST_0903,c1ccncc1CC#N,N#CCc1cccnc1,10.62550000000007,,IN_DOMAIN,0.1985151553982786,0.9030612244897959,1.0,OK,Extra Trees
BRAF_TEST_0904,c1ncccc1CC#N,N#CCc1cccnc1,10.62550000000007,,IN_DOMAIN,0.1985151553982786,0.9030612244897959,1.0,OK,Extra Trees
BRAF_TEST_0905,c1cccnc1CC#N,N#CCc1ccccn1,9.603016666666713,,IN_DOMAIN,0.2203152961866295,0.9030612244897959,0.6428571428571429,OK,Extra Trees
BRAF_TEST_0906,c1ccc2ccccc2c1CC#N,N#CCc1cccc2ccccc12,4.017000000000029,,IN_DOMAIN,0.2369814676481448,0.9030612244897959,1.0,OK,Extra Trees
BRAF_TEST_0907,c1ccccc1CCC#N,N#CCCc1ccccc1,4.16241166666667,,IN_DOMAIN,0.1967922217676214,0.9030612244897959,0.7391304347826086,OK,Extra Trees
BRAF_TEST_0908,c1ccc(cc1)CCC#N,N#CCCc1ccccc1,4.16241166666667,,IN_DOMAIN,0.1967922217676214,0.9030612244897959,0.7391304347826086,OK,Extra Trees
BRAF_TEST_0909,c1ccncc1CCC#N,N#CCCc1cccnc1,4.14649999999999,,IN_DOMAIN,0.1534602215989474,0.9030612244897959,1.0,OK,Extra Trees
BRAF_TEST_0910,c1ncccc1CCC#N,N#CCCc1cccnc1,4.14649999999999,,IN_DOMAIN,0.1534602215989474,0.9030612244897959,1.0,OK,Extra Trees
BRAF_TEST_0911,c1cccnc1CCC#N,N#CCCc1ccccn1,4.201999999999999,,IN_DOMAIN,0.1895640390198703,0.9030612244897959,1.0,OK,Extra Trees
BRAF_TEST_0912,c1ccc2ccccc2c1CCC#N,N#CCCc1cccc2ccccc12,4.239000000000015,,IN_DOMAIN,0.2267973959782105,0.9030612244897959,1.0,OK,Extra Trees
BRAF_TEST_0913,c1ccccc1CCCC#N,N#CCCCc1ccccc1,4.294499999999977,,IN_DOMAIN,0.2057790629119912,0.9030612244897959,1.0,OK,Extra Trees
BRAF_TEST_0914,c1ccc(cc1)CCCC#N,N#CCCCc1ccccc1,4.294499999999977,,IN_DOMAIN,0.2057790629119912,0.9030612244897959,1.0,OK,Extra Trees
BRAF_TEST_0915,c1ccncc1CCCC#N,N#CCCCc1cccnc1,4.385244999999987,,IN_DOMAIN,0.1950655803325358,0.9030612244897959,0.7931034482758621,OK,Extra Trees
BRAF_TEST_0916,c1ncccc1CCCC#N,N#CCCCc1cccnc1,4.385244999999987,,IN_DOMAIN,0.1950655803325358,0.9030612244897959,0.7931034482758621,OK,Extra Trees
BRAF_TEST_0917,c1cccnc1CCCC#N,N#CCCCc1ccccn1,4.423999999999984,,IN_DOMAIN,0.2499518832348421,0.9030612244897959,1.0,OK,Extra Trees
BRAF_TEST_0918,c1ccc2ccccc2c1CCCC#N,N#CCCCc1cccc2ccccc12,4.461000000000011,,IN_DOMAIN,0.2905133432340014,0.9030612244897959,1.0,OK,Extra Trees
BRAF_TEST_0937,c1ccccc1OCC#N,N#CCOc1ccccc1,5.182499999999965,,IN_DOMAIN,0.261803664594166,0.9030612244897959,1.0,OK,Extra Trees
BRAF_TEST_0938,c1ccc(cc1)OCC#N,N#CCOc1ccccc1,5.182499999999965,,IN_DOMAIN,0.261803664594166,0.9030612244897959,1.0,OK,Extra Trees
BRAF_TEST_0939,c1ccncc1OCC#N,N#CCOc1cccnc1,5.256499999999975,,IN_DOMAIN,0.2493432924153721,0.9030612244897959,1.0,OK,Extra Trees
BRAF_TEST_0940,c1ncccc1OCC#N,N#CCOc1cccnc1,5.256499999999975,,IN_DOMAIN,0.2493432924153721,0.9030612244897959,1.0,OK,Extra Trees
BRAF_TEST_0941,c1cccnc1OCC#N,N#CCOc1ccccn1,5.31199999999997,,IN_DOMAIN,0.2864395849963238,0.9030612244897959,1.0,OK,Extra Trees
BRAF_TEST_0942,c1ccc2ccccc2c1OCC#N,N#CCOc1cccc2ccccc12,5.348999999999988,,IN_DOMAIN,0.3332129986004132,0.9030612244897959,1.0,OK,Extra Trees
BRAF_TEST_0943,c1ccccc1CNC#N,N#CNCc1ccccc1,5.40450000000003,,IN_DOMAIN,0.3094446558617149,0.9030612244897959,1.0,OK,Extra Trees
BRAF_TEST_0944,c1ccc(cc1)CNC#N,N#CNCc1ccccc1,5.40450000000003,,IN_DOMAIN,0.3094446558617149,0.9030612244897959,1.0,OK,Extra Trees
BRAF_TEST_0945,c1ccncc1CNC#N,N#CNCc1cccnc1,5.566206666666696,,IN_DOMAIN,0.2831811954988857,0.9030612244897959,0.6333333333333333,OK,Extra Trees
BRAF_TEST_0946,c1ncccc1CNC#N,N#CNCc1cccnc1,5.566206666666696,,IN_DOMAIN,0.2831811954988857,0.9030612244897959,0.6333333333333333,OK,Extra Trees
BRAF_TEST_0947,c1cccnc1CNC#N,N#CNCc1ccccn1,5.534000000000036,,IN_DOMAIN,0.3098185762866283,0.9030612244897959,1.0,OK,Extra Trees
BRAF_TEST_0948,c1ccc2ccccc2c1CNC#N,N#CNCc1cccc2ccccc12,5.570999999999978,,IN_DOMAIN,0.3293481555540371,0.9030612244897959,1.0,OK,Extra Trees
BRAF_TEST_0949,c1ccccc1NC#N,N#CNc1ccccc1,5.799671666666652,,IN_DOMAIN,0.4386120027319481,0.9030612244897959,0.5384615384615384,OK,Extra Trees
BRAF_TEST_0950,c1ccc(cc1)NC#N,N#CNc1ccccc1,5.799671666666652,,IN_DOMAIN,0.4386120027319481,0.9030612244897959,0.5384615384615384,OK,Extra Trees
BRAF_TEST_0951,c1ccncc1NC#N,N#CNc1cccnc1,5.700499999999975,,IN_DOMAIN,0.3465789797249465,0.9030612244897959,1.0,OK,Extra Trees
BRAF_TEST_0952,c1ncccc1NC#N,N#CNc1cccnc1,5.700499999999975,,IN_DOMAIN,0.3465789797249465,0.9030612244897959,1.0,OK,Extra Trees
BRAF_TEST_0953,c1cccnc1NC#N,N#CNc1ccccn1,5.756000000000022,,IN_DOMAIN,0.2890090324373227,0.9030612244897959,1.0,OK,Extra Trees
BRAF_TEST_0954,c1ccc2ccccc2c1NC#N,N#CNc1cccc2ccccc12,5.792999999999959,,IN_DOMAIN,0.3709011218209914,0.9030612244897959,1.0,OK,Extra Trees
BRAF_TEST_0967,c1ccccc1CCOC#N,N#COCCc1ccccc1,6.292500000000016,,IN_DOMAIN,0.2888371965222714,0.9030612244897959,1.0,OK,Extra Trees
BRAF_TEST_0968,c1ccc(cc1)CCOC#N,N#COCCc1ccccc1,6.292500000000016,,IN_DOMAIN,0.2888371965222714,0.9030612244897959,1.0,OK,Extra Trees
BRAF_TEST_0969,c1ccncc1CCOC#N,N#COCCc1cccnc1,6.36650000000003,,IN_DOMAIN,0.2825024782349538,0.9030612244897959,1.0,OK,Extra Trees
BRAF_TEST_0970,c1ncccc1CCOC#N,N#COCCc1cccnc1,6.36650000000003,,IN_DOMAIN,0.2825024782349538,0.9030612244897959,1.0,OK,Extra Trees
BRAF_TEST_0971,c1cccnc1CCOC#N,N#COCCc1ccccn1,6.422000000000022,,IN_DOMAIN,0.2887024507468148,0.9030612244897959,1.0,OK,Extra Trees
BRAF_TEST_0972,c1ccc2ccccc2c1CCOC#N,N#COCCc1cccc2ccccc12,6.459000000000015,,IN_DOMAIN,0.3813293245131996,0.9030612244897959,1.0,OK,Extra Trees
BRAF_TEST_0973,c1ccccc1C(=O)NC#N,N#CNC(=O)c1ccccc1,6.514499999999999,,IN_DOMAIN,0.2747536166033414,0.9030612244897959,1.0,OK,Extra Trees
BRAF_TEST_0974,c1ccc(cc1)C(=O)NC#N,N#CNC(=O)c1ccccc1,6.514499999999999,,IN_DOMAIN,0.2747536166033414,0.9030612244897959,1.0,OK,Extra Trees
BRAF_TEST_0975,c1ccncc1C(=O)NC#N,N#CNC(=O)c1cccnc1,6.588500000000022,,IN_DOMAIN,0.2792477220992187,0.9030612244897959,1.0,OK,Extra Trees
BRAF_TEST_0976,c1ncccc1C(=O)NC#N,N#CNC(=O)c1cccnc1,6.588500000000022,,IN_DOMAIN,0.2792477220992187,0.9030612244897959,1.0,OK,Extra Trees
BRAF_TEST_0977,c1cccnc1C(=O)NC#N,N#CNC(=O)c1ccccn1,6.644000000000005,,IN_DOMAIN,0.318955626507949,0.9030612244897959,1.0,OK,Extra Trees
BRAF_TEST_0978,c1ccc2ccccc2c1C(=O)NC#N,N#CNC(=O)c1cccc2ccccc12,6.681000000000028,,IN_DOMAIN,0.3242428697911696,0.9030612244897959,1.0,OK,Extra Trees
BRAF_TEST_0979,c1ccccc1C(=O)OC#N,N#COC(=O)c1ccccc1,6.736499999999982,,IN_DOMAIN,0.3080736048385426,0.9030612244897959,1.0,OK,Extra Trees
BRAF_TEST_0980,c1ccc(cc1)C(=O)OC#N,N#COC(=O)c1ccccc1,6.736499999999982,,IN_DOMAIN,0.3080736048385426,0.9030612244897959,1.0,OK,Extra Trees
BRAF_TEST_0981,c1ccncc1C(=O)OC#N,N#COC(=O)c1cccnc1,6.810500000000034,,IN_DOMAIN,0.3136571886905724,0.9030612244897959,1.0,OK,Extra Trees
BRAF_TEST_0982,c1ncccc1C(=O)OC#N,N#COC(=O)c1cccnc1,6.810500000000034,,IN_DOMAIN,0.3136571886905724,0.9030612244897959,1.0,OK,Extra Trees
BRAF_TEST_0983,c1cccnc1C(=O)OC#N,N#COC(=O)c1ccccn1,6.865999999999987,,IN_DOMAIN,0.3111035806837383,0.9030612244897959,1.0,OK,Extra Trees
BRAF_TEST_0984,c1ccc2ccccc2c1C(=O)OC#N,N#COC(=O)c1cccc2ccccc12,6.903000000000014,,IN_DOMAIN,0.3496449672612816,0.9030612244897959,1.0,OK,Extra Trees
BRAF_TEST_0985,c1ccccc1SC#N,N#CSc1ccccc1,6.958499999999975,,IN_DOMAIN,0.3547812121199949,0.9030612244897959,1.0,OK,Extra Trees
BRAF_TEST_0986,c1ccc(cc1)SC#N,N#CSc1ccccc1,6.958499999999975,,IN_DOMAIN,0.3547812121199949,0.9030612244897959,1.0,OK,Extra Trees
BRAF_TEST_0987,c1ccncc1SC#N,N#CSc1cccnc1,7.032500000000017,,IN_DOMAIN,0.3570707896642741,0.9030612244897959,1.0,OK,Extra Trees
BRAF_TEST_0988,c1ncccc1SC#N,N#CSc1cccnc1,7.032500000000017,,IN_DOMAIN,0.3570707896642741,0.9030612244897959,1.0,OK,Extra Trees
BRAF_TEST_0989,c1cccnc1SC#N,N#CSc1ccccn1,7.087999999999985,,IN_DOMAIN,0.4247603024147705,0.9030612244897959,1.0,OK,Extra Trees
BRAF_TEST_0990,c1ccc2ccccc2c1SC#N,N#CSc1cccc2ccccc12,7.125,,IN_DOMAIN,0.440589479755387,0.9030612244897959,1.0,OK,Extra Trees
BRAF_TEST_0991,c1ccccc1CC(=O)N,NC(=O)Cc1ccccc1,7.180499999999979,,IN_DOMAIN,0.2355283461889484,0.9030612244897959,1.0,OK,Extra Trees
BRAF_TEST_0992,c1ccc(cc1)CC(=O)N,NC(=O)Cc1ccccc1,7.180499999999979,,IN_DOMAIN,0.2355283461889484,0.9030612244897959,1.0,OK,Extra Trees
BRAF_TEST_0993,c1ccncc1CC(=O)N,NC(=O)Cc1cccnc1,7.283051666666631,,IN_DOMAIN,0.3046914463996488,0.9030612244897959,0.6896551724137931,OK,Extra Trees
BRAF_TEST_0994,c1ncccc1CC(=O)N,NC(=O)Cc1cccnc1,7.283051666666631,,IN_DOMAIN,0.3046914463996488,0.9030612244897959,0.6896551724137931,OK,Extra Trees
BRAF_TEST_0995,c1cccnc1CC(=O)N,NC(=O)Cc1ccccn1,7.309999999999959,,IN_DOMAIN,0.3051797614728944,0.9030612244897959,1.0,OK,Extra Trees
BRAF_TEST_0996,c1ccc2ccccc2c1CC(=O)N,NC(=O)Cc1cccc2ccccc12,7.480408333333312,,IN_DOMAIN,0.3297638566384231,0.9030612244897959,0.6896551724137931,OK,Extra Trees
BRAF_TEST_0997,c1ccccc1CCC(=O)N,NC(=O)CCc1ccccc1,7.402499999999979,,IN_DOMAIN,0.1853685517153194,0.9030612244897959,1.0,OK,Extra Trees
BRAF_TEST_0998,c1ccc(cc1)CCC(=O)N,NC(=O)CCc1ccccc1,7.402499999999979,,IN_DOMAIN,0.1853685517153194,0.9030612244897959,1.0,OK,Extra Trees
BRAF_TEST_0999,c1ccncc1CCC(=O)N,NC(=O)CCc1cccnc1,7.476500000000009,,IN_DOMAIN,0.1719520795879774,0.9030612244897959,1.0,OK,Extra Trees
BRAF_TEST_1000,c1ncccc1CCC(=O)N,NC(=O)CCc1cccnc1,7.476500000000009,,IN_DOMAIN,0.1719520795879774,0.9030612244897959,1.0,OK,Extra Trees
BRAF_TEST_1001,c1cccnc1CCC(=O)N,NC(=O)CCc1ccccn1,7.531999999999988,,IN_DOMAIN,0.1837546092805431,0.9030612244897959,1.0,OK,Extra Trees
BRAF_TEST_1002,c1ccc2ccccc2c1CCC(=O)N,NC(=O)CCc1cccc2ccccc12,7.568999999999971,,IN_DOMAIN,0.2316454981763656,0.9030612244897959,1.0,OK,Extra Trees
BRAF_TEST_1003,c1ccccc1CCCC(=O)N,NC(=O)CCCc1ccccc1,7.624499999999948,,IN_DOMAIN,0.1725318908780788,0.9030612244897959,1.0,OK,Extra Trees
BRAF_TEST_1004,c1ccc(cc1)CCCC(=O)N,NC(=O)CCCc1ccccc1,7.624499999999948,,IN_DOMAIN,0.1725318908780788,0.9030612244897959,1.0,OK,Extra Trees
BRAF_TEST_1005,c1ccncc1CCCC(=O)N,NC(=O)CCCc1cccnc1,7.698499999999978,,IN_DOMAIN,0.1926296228265013,0.9030612244897959,1.0,OK,Extra Trees
BRAF_TEST_1006,c1ncccc1CCCC(=O)N,NC(=O)CCCc1cccnc1,7.698499999999978,,IN_DOMAIN,0.1926296228265013,0.9030612244897959,1.0,OK,Extra Trees
BRAF_TEST_1007,c1cccnc1CCCC(=O)N,NC(=O)CCCc1ccccn1,7.753999999999954,,IN_DOMAIN,0.2001103129978804,0.9030612244897959,1.0,OK,Extra Trees
BRAF_TEST_1008,c1ccc2ccccc2c1CCCC(=O)N,NC(=O)CCCc1cccc2ccccc12,7.791000000000007,,IN_DOMAIN,0.2486923570162541,0.9030612244897959,1.0,OK,Extra Trees
BRAF_TEST_1027,c1ccccc1OCC(=O)N,NC(=O)COc1ccccc1,8.512499999999989,,IN_DOMAIN,0.2822575098573155,0.9030612244897959,1.0,OK,Extra Trees
BRAF_TEST_1028,c1ccc(cc1)OCC(=O)N,NC(=O)COc1ccccc1,8.512499999999989,,IN_DOMAIN,0.2822575098573155,0.9030612244897959,1.0,OK,Extra Trees
BRAF_TEST_1029,c1ccncc1OCC(=O)N,NC(=O)COc1cccnc1,8.586499999999933,,IN_DOMAIN,0.2656043184819314,0.9030612244897959,1.0,OK,Extra Trees
BRAF_TEST_1030,c1ncccc1OCC(=O)N,NC(=O)COc1cccnc1,8.586499999999933,,IN_DOMAIN,0.2656043184819314,0.9030612244897959,1.0,OK,Extra Trees
BRAF_TEST_1031,c1cccnc1OCC(=O)N,NC(=O)COc1ccccn1,8.641999999999994,,IN_DOMAIN,0.3224469747700001,0.9030612244897959,1.0,OK,Extra Trees
BRAF_TEST_1032,c1ccc2ccccc2c1OCC(=O)N,NC(=O)COc1cccc2ccccc12,8.679000000000045,,IN_DOMAIN,0.3088358836167906,0.9030612244897959,1.0,OK,Extra Trees
BRAF_TEST_1033,c1ccccc1CNC(=O)N,NC(=O)NCc1ccccc1,8.761285000000012,,IN_DOMAIN,0.4211346682835144,0.9030612244897959,0.6129032258064516,OK,Extra Trees
BRAF_TEST_1034,c1ccc(cc1)CNC(=O)N,NC(=O)NCc1ccccc1,8.761285000000012,,IN_DOMAIN,0.4211346682835144,0.9030612244897959,0.6129032258064516,OK,Extra Trees
BRAF_TEST_1035,c1ccncc1CNC(=O)N,NC(=O)NCc1cccnc1,8.808500000000052,,IN_DOMAIN,0.3950415768727043,0.9030612244897959,1.0,OK,Extra Trees
BRAF_TEST_1036,c1ncccc1CNC(=O)N,NC(=O)NCc1cccnc1,8.808500000000052,,IN_DOMAIN,0.3950415768727043,0.9030612244897959,1.0,OK,Extra Trees
BRAF_TEST_1037,c1cccnc1CNC(=O)N,NC(=O)NCc1ccccn1,8.821183333333373,,IN_DOMAIN,0.4788254793663455,0.9030612244897959,0.6060606060606061,OK,Extra Trees
BRAF_TEST_1038,c1ccc2ccccc2c1CNC(=O)N,NC(=O)NCc1cccc2ccccc12,8.90099999999998,,IN_DOMAIN,0.3959917997394781,0.9030612244897959,1.0,OK,Extra Trees
BRAF_TEST_1039,c1ccccc1NC(=O)N,NC(=O)Nc1ccccc1,8.974733333333326,,IN_DOMAIN,0.3888628946711853,0.9030612244897959,0.5714285714285714,OK,Extra Trees
BRAF_TEST_1040,c1ccc(cc1)NC(=O)N,NC(=O)Nc1ccccc1,8.974733333333326,,IN_DOMAIN,0.3888628946711853,0.9030612244897959,0.5714285714285714,OK,Extra Trees
BRAF_TEST_1041,c1ccncc1NC(=O)N,NC(=O)Nc1cccnc1,9.030499999999986,,IN_DOMAIN,0.3131964918496369,0.9030612244897959,1.0,OK,Extra Trees
BRAF_TEST_1042,c1ncccc1NC(=O)N,NC(=O)Nc1cccnc1,9.030499999999986,,IN_DOMAIN,0.3131964918496369,0.9030612244897959,1.0,OK,Extra Trees
BRAF_TEST_1043,c1cccnc1NC(=O)N,NC(=O)Nc1ccccn1,9.085999999999956,,IN_DOMAIN,0.3186332638912519,0.9030612244897959,1.0,OK,Extra Trees
BRAF_TEST_1044,c1ccc2ccccc2c1NC(=O)N,NC(=O)Nc1cccc2ccccc12,9.123000000000037,,IN_DOMAIN,0.3561099528479444,0.9030612244897959,1.0,OK,Extra Trees
BRAF_TEST_1057,c1ccccc1CCOC(=O)N,NC(=O)OCCc1ccccc1,9.622499999999956,,IN_DOMAIN,0.2428907426529134,0.9030612244897959,1.0,OK,Extra Trees
BRAF_TEST_1058,c1ccc(cc1)CCOC(=O)N,NC(=O)OCCc1ccccc1,9.622499999999956,,IN_DOMAIN,0.2428907426529134,0.9030612244897959,1.0,OK,Extra Trees
BRAF_TEST_1059,c1ccncc1CCOC(=O)N,NC(=O)OCCc1cccnc1,9.696500000000013,,IN_DOMAIN,0.2230293135291913,0.9030612244897959,1.0,OK,Extra Trees
BRAF_TEST_1060,c1ncccc1CCOC(=O)N,NC(=O)OCCc1cccnc1,9.696500000000013,,IN_DOMAIN,0.2230293135291913,0.9030612244897959,1.0,OK,Extra Trees
BRAF_TEST_1061,c1cccnc1CCOC(=O)N,NC(=O)OCCc1ccccn1,9.751999999999963,,IN_DOMAIN,0.2726691166043979,0.9030612244897959,1.0,OK,Extra Trees
BRAF_TEST_1062,c1ccc2ccccc2c1CCOC(=O)N,NC(=O)OCCc1cccc2ccccc12,9.789000000000057,,IN_DOMAIN,0.3454588493907237,0.9030612244897959,1.0,OK,Extra Trees
BRAF_TEST_1063,c1ccccc1C(=O)NC(=O)N,NC(=O)NC(=O)c1ccccc1,9.844500000000027,,IN_DOMAIN,0.2755712658163925,0.9030612244897959,1.0,OK,Extra Trees
BRAF_TEST_1064,c1ccc(cc1)C(=O)NC(=O)N,NC(=O)NC(=O)c1ccccc1,9.844500000000027,,IN_DOMAIN,0.2755712658163925,0.9030612244897959,1.0,OK,Extra Trees
BRAF_TEST_1065,c1ccncc1C(=O)NC(=O)N,NC(=O)NC(=O)c1cccnc1,9.918500000000066,,IN_DOMAIN,0.2857290494628243,0.9030612244897959,1.0,OK,Extra Trees
BRAF_TEST_1066,c1ncccc1C(=O)NC(=O)N,NC(=O)NC(=O)c1cccnc1,9.918500000000066,,IN_DOMAIN,0.2857290494628243,0.9030612244897959,1.0,OK,Extra Trees
BRAF_TEST_1067,c1cccnc1C(=O)NC(=O)N,NC(=O)NC(=O)c1ccccn1,9.974000000000034,,IN_DOMAIN,0.2931801432426654,0.9030612244897959,1.0,OK,Extra Trees
BRAF_TEST_1068,c1ccc2ccccc2c1C(=O)NC(=O)N,NC(=O)NC(=O)c1cccc2ccccc12,10.01099999999997,,IN_DOMAIN,0.3851415759086643,0.9030612244897959,1.0,OK,Extra Trees
BRAF_TEST_1069,c1ccccc1C(=O)OC(=O)N,NC(=O)OC(=O)c1ccccc1,10.06649999999994,,IN_DOMAIN,0.2908710651636998,0.9030612244897959,1.0,OK,Extra Trees
BRAF_TEST_1070,c1ccc(cc1)C(=O)OC(=O)N,NC(=O)OC(=O)c1ccccc1,10.06649999999994,,IN_DOMAIN,0.2908710651636998,0.9030612244897959,1.0,OK,Extra Trees
BRAF_TEST_1071,c1ccncc1C(=O)OC(=O)N,NC(=O)OC(=O)c1cccnc1,10.14049999999998,,IN_DOMAIN,0.2588433376317932,0.9030612244897959,1.0,OK,Extra Trees
BRAF_TEST_1072,c1ncccc1C(=O)OC(=O)N,NC(=O)OC(=O)c1cccnc1,10.14049999999998,,IN_DOMAIN,0.2588433376317932,0.9030612244897959,1.0,OK,Extra Trees
BRAF_TEST_1073,c1cccnc1C(=O)OC(=O)N,NC(=O)OC(=O)c1ccccn1,10.19599999999995,,IN_DOMAIN,0.2827683136181882,0.9030612244897959,1.0,OK,Extra Trees
BRAF_TEST_1074,c1ccc2ccccc2c1C(=O)OC(=O)N,NC(=O)OC(=O)c1cccc2ccccc12,10.23300000000003,,IN_DOMAIN,0.3473699653738792,0.9030612244897959,1.0,OK,Extra Trees
BRAF_TEST_1075,c1ccccc1SC(=O)N,NC(=O)Sc1ccccc1,10.28850000000008,,IN_DOMAIN,0.3432560447624148,0.9030612244897959,1.0,OK,Extra Trees
BRAF_TEST_1076,c1ccc(cc1)SC(=O)N,NC(=O)Sc1ccccc1,10.28850000000008,,IN_DOMAIN,0.3432560447624148,0.9030612244897959,1.0,OK,Extra Trees
BRAF_TEST_1077,c1ccncc1SC(=O)N,NC(=O)Sc1cccnc1,10.36250000000004,,IN_DOMAIN,0.3676986163604417,0.9030612244897959,1.0,OK,Extra Trees
BRAF_TEST_1078,c1ncccc1SC(=O)N,NC(=O)Sc1cccnc1,10.36250000000004,,IN_DOMAIN,0.3676986163604417,0.9030612244897959,1.0,OK,Extra Trees
BRAF_TEST_1079,c1cccnc1SC(=O)N,NC(=O)Sc1ccccn1,10.41800000000001,,IN_DOMAIN,0.3954350889638971,0.9030612244897959,1.0,OK,Extra Trees
BRAF_TEST_1080,c1ccc2ccccc2c1SC(=O)N,NC(=O)Sc1cccc2ccccc12,10.45499999999996,,IN_DOMAIN,0.4022488601778967,0.9030612244897959,1.0,OK,Extra Trees
BRAF_TEST_1081,c1ccccc1CC(=O)O,O=C(O)Cc1ccccc1,10.51049999999998,,IN_DOMAIN,0.2353035781637179,0.9030612244897959,1.0,OK,Extra Trees
BRAF_TEST_1082,c1ccc(cc1)CC(=O)O,O=C(O)Cc1ccccc1,10.51049999999998,,IN_DOMAIN,0.2353035781637179,0.9030612244897959,1.0,OK,Extra Trees
BRAF_TEST_1083,c1ccncc1CC(=O)O,O=C(O)Cc1cccnc1,10.58449999999996,,IN_DOMAIN,0.2766557231277845,0.9030612244897959,1.0,OK,Extra Trees
BRAF_TEST_1084,c1ncccc1CC(=O)O,O=C(O)Cc1cccnc1,10.58449999999996,,IN_DOMAIN,0.2766557231277845,0.9030612244897959,1.0,OK,Extra Trees
BRAF_TEST_1085,c1cccnc1CC(=O)O,O=C(O)Cc1ccccn1,10.49844166666663,,IN_DOMAIN,0.3114944226610165,0.9030612244897959,0.6785714285714286,OK,Extra Trees
BRAF_TEST_1086,c1ccc2ccccc2c1CC(=O)O,O=C(O)Cc1cccc2ccccc12,10.67700000000002,,IN_DOMAIN,0.2329989947183408,0.9030612244897959,1.0,OK,Extra Trees
BRAF_TEST_1087,c1ccccc1CCC(=O)O,O=C(O)CCc1ccccc1,4.031500000000028,,IN_DOMAIN,0.2014523210287719,0.9030612244897959,1.0,OK,Extra Trees
BRAF_TEST_1088,c1ccc(cc1)CCC(=O)O,O=C(O)CCc1ccccc1,4.031500000000028,,IN_DOMAIN,0.2014523210287719,0.9030612244897959,1.0,OK,Extra Trees
BRAF_TEST_1089,c1ccncc1CCC(=O)O,O=C(O)CCc1cccnc1,4.105499999999987,,IN_DOMAIN,0.1636234440778475,0.9030612244897959,1.0,OK,Extra Trees
BRAF_TEST_1090,c1ncccc1CCC(=O)O,O=C(O)CCc1cccnc1,4.105499999999987,,IN_DOMAIN,0.1636234440778475,0.9030612244897959,1.0,OK,Extra Trees
BRAF_TEST_1091,c1cccnc1CCC(=O)O,O=C(O)CCc1ccccn1,4.160999999999988,,IN_DOMAIN,0.2173959240627211,0.9030612244897959,1.0,OK,Extra Trees
BRAF_TEST_1092,c1ccc2ccccc2c1CCC(=O)O,O=C(O)CCc1cccc2ccccc12,4.198000000000006,,IN_DOMAIN,0.2054482877763106,0.9030612244897959,1.0,OK,Extra Trees
BRAF_TEST_1093,c1ccccc1CCCC(=O)O,O=C(O)CCCc1ccccc1,4.461278333333333,,IN_DOMAIN,0.191742953616164,0.9030612244897959,0.7391304347826086,OK,Extra Trees
BRAF_TEST_1094,c1ccc(cc1)CCCC(=O)O,O=C(O)CCCc1ccccc1,4.461278333333333,,IN_DOMAIN,0.191742953616164,0.9030612244897959,0.7391304347826086,OK,Extra Trees
BRAF_TEST_1095,c1ccncc1CCCC(=O)O,O=C(O)CCCc1cccnc1,4.327500000000012,,IN_DOMAIN,0.1807754576289984,0.9030612244897959,1.0,OK,Extra Trees
BRAF_TEST_1096,c1ncccc1CCCC(=O)O,O=C(O)CCCc1cccnc1,4.327500000000012,,IN_DOMAIN,0.1807754576289984,0.9030612244897959,1.0,OK,Extra Trees
BRAF_TEST_1097,c1cccnc1CCCC(=O)O,O=C(O)CCCc1ccccn1,4.38300000000002,,IN_DOMAIN,0.197111736413618,0.9030612244897959,1.0,OK,Extra Trees
BRAF_TEST_1098,c1ccc2ccccc2c1CCCC(=O)O,O=C(O)CCCc1cccc2ccccc12,4.420000000000003,,IN_DOMAIN,0.2644509403799789,0.9030612244897959,1.0,OK,Extra Trees
BRAF_TEST_1117,c1ccccc1OCC(=O)O,O=C(O)COc1ccccc1,5.14149999999997,,IN_DOMAIN,0.2516103150717436,0.9030612244897959,1.0,OK,Extra Trees
BRAF_TEST_1118,c1ccc(cc1)OCC(=O)O,O=C(O)COc1ccccc1,5.14149999999997,,IN_DOMAIN,0.2516103150717436,0.9030612244897959,1.0,OK,Extra Trees
BRAF_TEST_1119,c1ccncc1OCC(=O)O,O=C(O)COc1cccnc1,5.215500000000016,,IN_DOMAIN,0.234971940196761,0.9030612244897959,1.0,OK,Extra Trees
BRAF_TEST_1120,c1ncccc1OCC(=O)O,O=C(O)COc1cccnc1,5.215500000000016,,IN_DOMAIN,0.234971940196761,0.9030612244897959,1.0,OK,Extra Trees
BRAF_TEST_1121,c1cccnc1OCC(=O)O,O=C(O)COc1ccccn1,5.270999999999973,,IN_DOMAIN,0.3293183397872689,0.9030612244897959,1.0,OK,Extra Trees
BRAF_TEST_1122,c1ccc2ccccc2c1OCC(=O)O,O=C(O)COc1cccc2ccccc12,5.307999999999994,,IN_DOMAIN,0.262547794350973,0.9030612244897959,1.0,OK,Extra Trees
BRAF_TEST_1123,c1ccccc1CNC(=O)O,O=C(O)NCc1ccccc1,6.109363333333337,,IN_DOMAIN,0.6987617186156325,0.9030612244897959,0.5416666666666666,OK,Extra Trees
BRAF_TEST_1124,c1ccc(cc1)CNC(=O)O,O=C(O)NCc1ccccc1,6.109363333333337,,IN_DOMAIN,0.6987617186156325,0.9030612244897959,0.5416666666666666,OK,Extra Trees
BRAF_TEST_1125,c1ccncc1CNC(=O)O,O=C(O)NCc1cccnc1,6.16021666666667,,IN_DOMAIN,0.6474993453826905,0.9030612244897959,0.71875,OK,Extra Trees
BRAF_TEST_1126,c1ncccc1CNC(=O)O,O=C(O)NCc1cccnc1,6.16021666666667,,IN_DOMAIN,0.6474993453826905,0.9030612244897959,0.71875,OK,Extra Trees
BRAF_TEST_1127,c1cccnc1CNC(=O)O,O=C(O)NCc1ccccn1,6.103685,,IN_DOMAIN,0.678158025337958,0.9030612244897959,0.6,OK,Extra Trees
BRAF_TEST_1128,c1ccc2ccccc2c1CNC(=O)O,O=C(O)NCc1cccc2ccccc12,6.353818333333332,,IN_DOMAIN,0.6402337424163635,0.9030612244897959,0.71875,OK,Extra Trees
BRAF_TEST_1129,c1ccccc1NC(=O)O,O=C(O)Nc1ccccc1,5.811454999999989,,IN_DOMAIN,0.5184900428880133,0.9030612244897959,0.5769230769230769,OK,Extra Trees
BRAF_TEST_1130,c1ccc(cc1)NC(=O)O,O=C(O)Nc1ccccc1,5.811454999999989,,IN_DOMAIN,0.5184900428880133,0.9030612244897959,0.5769230769230769,OK,Extra Trees
BRAF_TEST_1131,c1ccncc1NC(=O)O,O=C(O)Nc1cccnc1,5.659499999999984,,IN_DOMAIN,0.3786463537400542,0.9030612244897959,1.0,OK,Extra Trees
BRAF_TEST_1132,c1ncccc1NC(=O)O,O=C(O)Nc1cccnc1,5.659499999999984,,IN_DOMAIN,0.3786463537400542,0.9030612244897959,1.0,OK,Extra Trees
BRAF_TEST_1133,c1cccnc1NC(=O)O,O=C(O)Nc1ccccn1,5.714999999999973,,IN_DOMAIN,0.3795025415125445,0.9030612244897959,1.0,OK,Extra Trees
BRAF_TEST_1134,c1ccc2ccccc2c1NC(=O)O,O=C(O)Nc1cccc2ccccc12,5.887666666666656,,IN_DOMAIN,0.4735092901640301,0.9030612244897959,0.7142857142857143,OK,Extra Trees
BRAF_TEST_1147,c1ccccc1CCOC(=O)O,O=C(O)OCCc1ccccc1,6.251500000000028,,IN_DOMAIN,0.2416170564176802,0.9030612244897959,1.0,OK,Extra Trees
BRAF_TEST_1148,c1ccc(cc1)CCOC(=O)O,O=C(O)OCCc1ccccc1,6.251500000000028,,IN_DOMAIN,0.2416170564176802,0.9030612244897959,1.0,OK,Extra Trees
BRAF_TEST_1149,c1ccncc1CCOC(=O)O,O=C(O)OCCc1cccnc1,6.325499999999969,,IN_DOMAIN,0.2430973745069059,0.9030612244897959,1.0,OK,Extra Trees
BRAF_TEST_1150,c1ncccc1CCOC(=O)O,O=C(O)OCCc1cccnc1,6.325499999999969,,IN_DOMAIN,0.2430973745069059,0.9030612244897959,1.0,OK,Extra Trees
BRAF_TEST_1151,c1cccnc1CCOC(=O)O,O=C(O)OCCc1ccccn1,6.381000000000029,,IN_DOMAIN,0.2615855050581273,0.9030612244897959,1.0,OK,Extra Trees
BRAF_TEST_1152,c1ccc2ccccc2c1CCOC(=O)O,O=C(O)OCCc1cccc2ccccc12,6.417999999999952,,IN_DOMAIN,0.314526844451368,0.9030612244897959,1.0,OK,Extra Trees
BRAF_TEST_1153,c1ccccc1C(=O)NC(=O)O,O=C(O)NC(=O)c1ccccc1,6.473500000000013,,IN_DOMAIN,0.3979366363725658,0.9030612244897959,1.0,OK,Extra Trees
BRAF_TEST_1154,c1ccc(cc1)C(=O)NC(=O)O,O=C(O)NC(=O)c1ccccc1,6.473500000000013,,IN_DOMAIN,0.3979366363725658,0.9030612244897959,1.0,OK,Extra Trees
BRAF_TEST_1155,c1ccncc1C(=O)NC(=O)O,O=C(O)NC(=O)c1cccnc1,6.547499999999959,,IN_DOMAIN,0.3908172015182334,0.9030612244897959,1.0,OK,Extra Trees
BRAF_TEST_1156,c1ncccc1C(=O)NC(=O)O,O=C(O)NC(=O)c1cccnc1,6.547499999999959,,IN_DOMAIN,0.3908172015182334,0.9030612244897959,1.0,OK,Extra Trees
BRAF_TEST_1157,c1cccnc1C(=O)NC(=O)O,O=C(O)NC(=O)c1ccccn1,6.5647683333333,,IN_DOMAIN,0.4509616001912118,0.9030612244897959,0.7,OK,Extra Trees
BRAF_TEST_1158,c1ccc2ccccc2c1C(=O)NC(=O)O,O=C(O)NC(=O)c1cccc2ccccc12,6.797126666666668,,IN_DOMAIN,0.6252880127417341,0.9030612244897959,0.7096774193548387,OK,Extra Trees
BRAF_TEST_1159,c1ccccc1C(=O)OC(=O)O,O=C(O)OC(=O)c1ccccc1,6.695500000000026,,IN_DOMAIN,0.2909951575995527,0.9030612244897959,1.0,OK,Extra Trees
BRAF_TEST_1160,c1ccc(cc1)C(=O)OC(=O)O,O=C(O)OC(=O)c1ccccc1,6.695500000000026,,IN_DOMAIN,0.2909951575995527,0.9030612244897959,1.0,OK,Extra Trees
BRAF_TEST_1161,c1ccncc1C(=O)OC(=O)O,O=C(O)OC(=O)c1cccnc1,6.76950000000005,,IN_DOMAIN,0.2978326753629404,0.9030612244897959,1.0,OK,Extra Trees
BRAF_TEST_1162,c1ncccc1C(=O)OC(=O)O,O=C(O)OC(=O)c1cccnc1,6.76950000000005,,IN_DOMAIN,0.2978326753629404,0.9030612244897959,1.0,OK,Extra Trees
BRAF_TEST_1163,c1cccnc1C(=O)OC(=O)O,O=C(O)OC(=O)c1ccccn1,6.825000000000032,,IN_DOMAIN,0.3317657244204908,0.9030612244897959,1.0,OK,Extra Trees
BRAF_TEST_1164,c1ccc2ccccc2c1C(=O)OC(=O)O,O=C(O)OC(=O)c1cccc2ccccc12,7.034541666666664,,IN_DOMAIN,0.4571720401371916,0.9030612244897959,0.7096774193548387,OK,Extra Trees
BRAF_TEST_1165,c1ccccc1SC(=O)O,O=C(O)Sc1ccccc1,6.917500000000016,,IN_DOMAIN,0.3522386121420554,0.9030612244897959,1.0,OK,Extra Trees
BRAF_TEST_1166,c1ccc(cc1)SC(=O)O,O=C(O)Sc1ccccc1,6.917500000000016,,IN_DOMAIN,0.3522386121420554,0.9030612244897959,1.0,OK,Extra Trees
BRAF_TEST_1167,c1ccncc1SC(=O)O,O=C(O)Sc1cccnc1,6.991500000000034,,IN_DOMAIN,0.3385214871853996,0.9030612244897959,1.0,OK,Extra Trees
BRAF_TEST_1168,c1ncccc1SC(=O)O,O=C(O)Sc1cccnc1,6.991500000000034,,IN_DOMAIN,0.3385214871853996,0.9030612244897959,1.0,OK,Extra Trees
BRAF_TEST_1169,c1cccnc1SC(=O)O,O=C(O)Sc1ccccn1,7.047000000000021,,IN_DOMAIN,0.5109126333569819,0.9030612244897959,1.0,OK,Extra Trees
BRAF_TEST_1170,c1ccc2ccccc2c1SC(=O)O,O=C(O)Sc1cccc2ccccc12,7.040539999999999,,IN_DOMAIN,0.6925101654721008,0.9030612244897959,0.6896551724137931,OK,Extra Trees
BRAF_TEST_1171,c1ccccc1CC(F)(F)F,FC(F)(F)Cc1ccccc1,7.125275000000011,,IN_DOMAIN,0.4545975411926826,0.9030612244897959,0.5652173913043478,OK,Extra Trees
BRAF_TEST_1172,c1ccc(cc1)CC(F)(F)F,FC(F)(F)Cc1ccccc1,7.125275000000011,,IN_DOMAIN,0.4545975411926826,0.9030612244897959,0.5652173913043478,OK,Extra Trees
BRAF_TEST_1173,c1ccncc1CC(F)(F)F,FC(F)(F)Cc1cccnc1,7.213500000000014,,IN_DOMAIN,0.3758446783457404,0.9030612244897959,1.0,OK,Extra Trees
BRAF_TEST_1174,c1ncccc1CC(F)(F)F,FC(F)(F)Cc1cccnc1,7.213500000000014,,IN_DOMAIN,0.3758446783457404,0.9030612244897959,1.0,OK,Extra Trees
BRAF_TEST_1175,c1cccnc1CC(F)(F)F,FC(F)(F)Cc1ccccn1,7.26899999999999,,IN_DOMAIN,0.406350649920302,0.9030612244897959,1.0,OK,Extra Trees
BRAF_TEST_1176,c1ccc2ccccc2c1CC(F)(F)F,FC(F)(F)Cc1cccc2ccccc12,7.306000000000029,,IN_DOMAIN,0.6488780300104215,0.9030612244897959,1.0,OK,Extra Trees
BRAF_TEST_1177,c1ccccc1CCC(F)(F)F,FC(F)(F)CCc1ccccc1,7.361499999999981,,IN_DOMAIN,0.5475229113458113,0.9030612244897959,1.0,OK,Extra Trees
BRAF_TEST_1178,c1ccc(cc1)CCC(F)(F)F,FC(F)(F)CCc1ccccc1,7.361499999999981,,IN_DOMAIN,0.5475229113458113,0.9030612244897959,1.0,OK,Extra Trees
BRAF_TEST_1179,c1ccncc1CCC(F)(F)F,FC(F)(F)CCc1cccnc1,6.683781666666654,,IN_DOMAIN,0.4796024214599207,0.9030612244897959,0.6551724137931034,OK,Extra Trees
BRAF_TEST_1180,c1ncccc1CCC(F)(F)F,FC(F)(F)CCc1cccnc1,6.683781666666654,,IN_DOMAIN,0.4796024214599207,0.9030612244897959,0.6551724137931034,OK,Extra Trees
BRAF_TEST_0109,c1ccccc1ClC,,,,REJECTED_STRUCTURE,,0.9030612244897959,0.0,INVALID_STRUCTURE,Extra Trees
BRAF_TEST_0110,c1ccc(cc1)ClC,,,,REJECTED_STRUCTURE,,0.9030612244897959,0.0,INVALID_STRUCTURE,Extra Trees
BRAF_TEST_0111,c1ccncc1ClC,,,,REJECTED_STRUCTURE,,0.9030612244897959,0.0,INVALID_STRUCTURE,Extra Trees
BRAF_TEST_0112,c1ncccc1ClC,,,,REJECTED_STRUCTURE,,0.9030612244897959,0.0,INVALID_STRUCTURE,Extra Trees
BRAF_TEST_0113,c1cccnc1ClC,,,,REJECTED_STRUCTURE,,0.9030612244897959,0.0,INVALID_STRUCTURE,Extra Trees
BRAF_TEST_0114,c1ccc2ccccc2c1ClC,,,,REJECTED_STRUCTURE,,0.9030612244897959,0.0,INVALID_STRUCTURE,Extra Trees
BRAF_TEST_0115,c1ccccc1FC,,,,REJECTED_STRUCTURE,,0.9030612244897959,0.0,INVALID_STRUCTURE,Extra Trees
BRAF_TEST_0116,c1ccc(cc1)FC,,,,REJECTED_STRUCTURE,,0.9030612244897959,0.0,INVALID_STRUCTURE,Extra Trees
BRAF_TEST_0117,c1ccncc1FC,,,,REJECTED_STRUCTURE,,0.9030612244897959,0.0,INVALID_STRUCTURE,Extra Trees
BRAF_TEST_0118,c1ncccc1FC,,,,REJECTED_STRUCTURE,,0.9030612244897959,0.0,INVALID_STRUCTURE,Extra Trees
BRAF_TEST_0119,c1cccnc1FC,,,,REJECTED_STRUCTURE,,0.9030612244897959,0.0,INVALID_STRUCTURE,Extra Trees
BRAF_TEST_0120,c1ccc2ccccc2c1FC,,,,REJECTED_STRUCTURE,,0.9030612244897959,0.0,INVALID_STRUCTURE,Extra Trees
BRAF_TEST_0121,c1ccccc1BrC,,,,REJECTED_STRUCTURE,,0.9030612244897959,0.0,INVALID_STRUCTURE,Extra Trees
BRAF_TEST_0122,c1ccc(cc1)BrC,,,,REJECTED_STRUCTURE,,0.9030612244897959,0.0,INVALID_STRUCTURE,Extra Trees
BRAF_TEST_0123,c1ccncc1BrC,,,,REJECTED_STRUCTURE,,0.9030612244897959,0.0,INVALID_STRUCTURE,Extra Trees
BRAF_TEST_0124,c1ncccc1BrC,,,,REJECTED_STRUCTURE,,0.9030612244897959,0.0,INVALID_STRUCTURE,Extra Trees
BRAF_TEST_0125,c1cccnc1BrC,,,,REJECTED_STRUCTURE,,0.9030612244897959,0.0,INVALID_STRUCTURE,Extra Trees
BRAF_TEST_0126,c1ccc2ccccc2c1BrC,,,,REJECTED_STRUCTURE,,0.9030612244897959,0.0,INVALID_STRUCTURE,Extra Trees
BRAF_TEST_0145,c1ccccc1C#NC,,,,REJECTED_STRUCTURE,,0.9030612244897959,0.0,INVALID_STRUCTURE,Extra Trees
BRAF_TEST_0146,c1ccc(cc1)C#NC,,,,REJECTED_STRUCTURE,,0.9030612244897959,0.0,INVALID_STRUCTURE,Extra Trees
BRAF_TEST_0147,c1ccncc1C#NC,,,,REJECTED_STRUCTURE,,0.9030612244897959,0.0,INVALID_STRUCTURE,Extra Trees
BRAF_TEST_0148,c1ncccc1C#NC,,,,REJECTED_STRUCTURE,,0.9030612244897959,0.0,INVALID_STRUCTURE,Extra Trees
BRAF_TEST_0149,c1cccnc1C#NC,,,,REJECTED_STRUCTURE,,0.9030612244897959,0.0,INVALID_STRUCTURE,Extra Trees
BRAF_TEST_0150,c1ccc2ccccc2c1C#NC,,,,REJECTED_STRUCTURE,,0.9030612244897959,0.0,INVALID_STRUCTURE,Extra Trees
BRAF_TEST_0151,c1ccccc1C(F)(F)FC,,,,REJECTED_STRUCTURE,,0.9030612244897959,0.0,INVALID_STRUCTURE,Extra Trees
BRAF_TEST_0152,c1ccc(cc1)C(F)(F)FC,,,,REJECTED_STRUCTURE,,0.9030612244897959,0.0,INVALID_STRUCTURE,Extra Trees
BRAF_TEST_0153,c1ccncc1C(F)(F)FC,,,,REJECTED_STRUCTURE,,0.9030612244897959,0.0,INVALID_STRUCTURE,Extra Trees
BRAF_TEST_0154,c1ncccc1C(F)(F)FC,,,,REJECTED_STRUCTURE,,0.9030612244897959,0.0,INVALID_STRUCTURE,Extra Trees
BRAF_TEST_0155,c1cccnc1C(F)(F)FC,,,,REJECTED_STRUCTURE,,0.9030612244897959,0.0,INVALID_STRUCTURE,Extra Trees
BRAF_TEST_0156,c1ccc2ccccc2c1C(F)(F)FC,,,,REJECTED_STRUCTURE,,0.9030612244897959,0.0,INVALID_STRUCTURE,Extra Trees
BRAF_TEST_0199,c1ccccc1ClCC,,,,REJECTED_STRUCTURE,,0.9030612244897959,0.0,INVALID_STRUCTURE,Extra Trees
BRAF_TEST_0200,c1ccc(cc1)ClCC,,,,REJECTED_STRUCTURE,,0.9030612244897959,0.0,INVALID_STRUCTURE,Extra Trees
BRAF_TEST_0201,c1ccncc1ClCC,,,,REJECTED_STRUCTURE,,0.9030612244897959,0.0,INVALID_STRUCTURE,Extra Trees
BRAF_TEST_0202,c1ncccc1ClCC,,,,REJECTED_STRUCTURE,,0.9030612244897959,0.0,INVALID_STRUCTURE,Extra Trees
BRAF_TEST_0203,c1cccnc1ClCC,,,,REJECTED_STRUCTURE,,0.9030612244897959,0.0,INVALID_STRUCTURE,Extra Trees
BRAF_TEST_0204,c1ccc2ccccc2c1ClCC,,,,REJECTED_STRUCTURE,,0.9030612244897959,0.0,INVALID_STRUCTURE,Extra Trees
BRAF_TEST_0205,c1ccccc1FCC,,,,REJECTED_STRUCTURE,,0.9030612244897959,0.0,INVALID_STRUCTURE,Extra Trees
BRAF_TEST_0206,c1ccc(cc1)FCC,,,,REJECTED_STRUCTURE,,0.9030612244897959,0.0,INVALID_STRUCTURE,Extra Trees
BRAF_TEST_0207,c1ccncc1FCC,,,,REJECTED_STRUCTURE,,0.9030612244897959,0.0,INVALID_STRUCTURE,Extra Trees
BRAF_TEST_0208,c1ncccc1FCC,,,,REJECTED_STRUCTURE,,0.9030612244897959,0.0,INVALID_STRUCTURE,Extra Trees
BRAF_TEST_0209,c1cccnc1FCC,,,,REJECTED_STRUCTURE,,0.9030612244897959,0.0,INVALID_STRUCTURE,Extra Trees
BRAF_TEST_0210,c1ccc2ccccc2c1FCC,,,,REJECTED_STRUCTURE,,0.9030612244897959,0.0,INVALID_STRUCTURE,Extra Trees
BRAF_TEST_0211,c1ccccc1BrCC,,,,REJECTED_STRUCTURE,,0.9030612244897959,0.0,INVALID_STRUCTURE,Extra Trees
BRAF_TEST_0212,c1ccc(cc1)BrCC,,,,REJECTED_STRUCTURE,,0.9030612244897959,0.0,INVALID_STRUCTURE,Extra Trees
BRAF_TEST_0213,c1ccncc1BrCC,,,,REJECTED_STRUCTURE,,0.9030612244897959,0.0,INVALID_STRUCTURE,Extra Trees
BRAF_TEST_0214,c1ncccc1BrCC,,,,REJECTED_STRUCTURE,,0.9030612244897959,0.0,INVALID_STRUCTURE,Extra Trees
BRAF_TEST_0215,c1cccnc1BrCC,,,,REJECTED_STRUCTURE,,0.9030612244897959,0.0,INVALID_STRUCTURE,Extra Trees
BRAF_TEST_0216,c1ccc2ccccc2c1BrCC,,,,REJECTED_STRUCTURE,,0.9030612244897959,0.0,INVALID_STRUCTURE,Extra Trees
BRAF_TEST_0235,c1ccccc1C#NCC,,,,REJECTED_STRUCTURE,,0.9030612244897959,0.0,INVALID_STRUCTURE,Extra Trees
BRAF_TEST_0236,c1ccc(cc1)C#NCC,,,,REJECTED_STRUCTURE,,0.9030612244897959,0.0,INVALID_STRUCTURE,Extra Trees
BRAF_TEST_0237,c1ccncc1C#NCC,,,,REJECTED_STRUCTURE,,0.9030612244897959,0.0,INVALID_STRUCTURE,Extra Trees
BRAF_TEST_0238,c1ncccc1C#NCC,,,,REJECTED_STRUCTURE,,0.9030612244897959,0.0,INVALID_STRUCTURE,Extra Trees
BRAF_TEST_0239,c1cccnc1C#NCC,,,,REJECTED_STRUCTURE,,0.9030612244897959,0.0,INVALID_STRUCTURE,Extra Trees
BRAF_TEST_0240,c1ccc2ccccc2c1C#NCC,,,,REJECTED_STRUCTURE,,0.9030612244897959,0.0,INVALID_STRUCTURE,Extra Trees
BRAF_TEST_0241,c1ccccc1C(F)(F)FCC,,,,REJECTED_STRUCTURE,,0.9030612244897959,0.0,INVALID_STRUCTURE,Extra Trees
BRAF_TEST_0242,c1ccc(cc1)C(F)(F)FCC,,,,REJECTED_STRUCTURE,,0.9030612244897959,0.0,INVALID_STRUCTURE,Extra Trees
BRAF_TEST_0243,c1ccncc1C(F)(F)FCC,,,,REJECTED_STRUCTURE,,0.9030612244897959,0.0,INVALID_STRUCTURE,Extra Trees
BRAF_TEST_0244,c1ncccc1C(F)(F)FCC,,,,REJECTED_STRUCTURE,,0.9030612244897959,0.0,INVALID_STRUCTURE,Extra Trees
BRAF_TEST_0245,c1cccnc1C(F)(F)FCC,,,,REJECTED_STRUCTURE,,0.9030612244897959,0.0,INVALID_STRUCTURE,Extra Trees
BRAF_TEST_0246,c1ccc2ccccc2c1C(F)(F)FCC,,,,REJECTED_STRUCTURE,,0.9030612244897959,0.0,INVALID_STRUCTURE,Extra Trees
BRAF_TEST_0289,c1ccccc1ClCCC,,,,REJECTED_STRUCTURE,,0.9030612244897959,0.0,INVALID_STRUCTURE,Extra Trees
BRAF_TEST_0290,c1ccc(cc1)ClCCC,,,,REJECTED_STRUCTURE,,0.9030612244897959,0.0,INVALID_STRUCTURE,Extra Trees
BRAF_TEST_0291,c1ccncc1ClCCC,,,,REJECTED_STRUCTURE,,0.9030612244897959,0.0,INVALID_STRUCTURE,Extra Trees
BRAF_TEST_0292,c1ncccc1ClCCC,,,,REJECTED_STRUCTURE,,0.9030612244897959,0.0,INVALID_STRUCTURE,Extra Trees
BRAF_TEST_0293,c1cccnc1ClCCC,,,,REJECTED_STRUCTURE,,0.9030612244897959,0.0,INVALID_STRUCTURE,Extra Trees
BRAF_TEST_0294,c1ccc2ccccc2c1ClCCC,,,,REJECTED_STRUCTURE,,0.9030612244897959,0.0,INVALID_STRUCTURE,Extra Trees
BRAF_TEST_0295,c1ccccc1FCCC,,,,REJECTED_STRUCTURE,,0.9030612244897959,0.0,INVALID_STRUCTURE,Extra Trees
BRAF_TEST_0296,c1ccc(cc1)FCCC,,,,REJECTED_STRUCTURE,,0.9030612244897959,0.0,INVALID_STRUCTURE,Extra Trees
BRAF_TEST_0297,c1ccncc1FCCC,,,,REJECTED_STRUCTURE,,0.9030612244897959,0.0,INVALID_STRUCTURE,Extra Trees
BRAF_TEST_0298,c1ncccc1FCCC,,,,REJECTED_STRUCTURE,,0.9030612244897959,0.0,INVALID_STRUCTURE,Extra Trees
BRAF_TEST_0299,c1cccnc1FCCC,,,,REJECTED_STRUCTURE,,0.9030612244897959,0.0,INVALID_STRUCTURE,Extra Trees
BRAF_TEST_0300,c1ccc2ccccc2c1FCCC,,,,REJECTED_STRUCTURE,,0.9030612244897959,0.0,INVALID_STRUCTURE,Extra Trees
BRAF_TEST_0301,c1ccccc1BrCCC,,,,REJECTED_STRUCTURE,,0.9030612244897959,0.0,INVALID_STRUCTURE,Extra Trees
BRAF_TEST_0302,c1ccc(cc1)BrCCC,,,,REJECTED_STRUCTURE,,0.9030612244897959,0.0,INVALID_STRUCTURE,Extra Trees
BRAF_TEST_0303,c1ccncc1BrCCC,,,,REJECTED_STRUCTURE,,0.9030612244897959,0.0,INVALID_STRUCTURE,Extra Trees
BRAF_TEST_0304,c1ncccc1BrCCC,,,,REJECTED_STRUCTURE,,0.9030612244897959,0.0,INVALID_STRUCTURE,Extra Trees
BRAF_TEST_0305,c1cccnc1BrCCC,,,,REJECTED_STRUCTURE,,0.9030612244897959,0.0,INVALID_STRUCTURE,Extra Trees
BRAF_TEST_0306,c1ccc2ccccc2c1BrCCC,,,,REJECTED_STRUCTURE,,0.9030612244897959,0.0,INVALID_STRUCTURE,Extra Trees
BRAF_TEST_0325,c1ccccc1C#NCCC,,,,REJECTED_STRUCTURE,,0.9030612244897959,0.0,INVALID_STRUCTURE,Extra Trees
BRAF_TEST_0326,c1ccc(cc1)C#NCCC,,,,REJECTED_STRUCTURE,,0.9030612244897959,0.0,INVALID_STRUCTURE,Extra Trees
BRAF_TEST_0327,c1ccncc1C#NCCC,,,,REJECTED_STRUCTURE,,0.9030612244897959,0.0,INVALID_STRUCTURE,Extra Trees
BRAF_TEST_0328,c1ncccc1C#NCCC,,,,REJECTED_STRUCTURE,,0.9030612244897959,0.0,INVALID_STRUCTURE,Extra Trees
BRAF_TEST_0329,c1cccnc1C#NCCC,,,,REJECTED_STRUCTURE,,0.9030612244897959,0.0,INVALID_STRUCTURE,Extra Trees
BRAF_TEST_0330,c1ccc2ccccc2c1C#NCCC,,,,REJECTED_STRUCTURE,,0.9030612244897959,0.0,INVALID_STRUCTURE,Extra Trees
BRAF_TEST_0331,c1ccccc1C(F)(F)FCCC,,,,REJECTED_STRUCTURE,,0.9030612244897959,0.0,INVALID_STRUCTURE,Extra Trees
BRAF_TEST_0332,c1ccc(cc1)C(F)(F)FCCC,,,,REJECTED_STRUCTURE,,0.9030612244897959,0.0,INVALID_STRUCTURE,Extra Trees
BRAF_TEST_0333,c1ccncc1C(F)(F)FCCC,,,,REJECTED_STRUCTURE,,0.9030612244897959,0.0,INVALID_STRUCTURE,Extra Trees
BRAF_TEST_0334,c1ncccc1C(F)(F)FCCC,,,,REJECTED_STRUCTURE,,0.9030612244897959,0.0,INVALID_STRUCTURE,Extra Trees
BRAF_TEST_0335,c1cccnc1C(F)(F)FCCC,,,,REJECTED_STRUCTURE,,0.9030612244897959,0.0,INVALID_STRUCTURE,Extra Trees
BRAF_TEST_0336,c1ccc2ccccc2c1C(F)(F)FCCC,,,,REJECTED_STRUCTURE,,0.9030612244897959,0.0,INVALID_STRUCTURE,Extra Trees
BRAF_TEST_0379,c1ccccc1ClN,,,,REJECTED_STRUCTURE,,0.9030612244897959,0.0,INVALID_STRUCTURE,Extra Trees
BRAF_TEST_0380,c1ccc(cc1)ClN,,,,REJECTED_STRUCTURE,,0.9030612244897959,0.0,INVALID_STRUCTURE,Extra Trees
BRAF_TEST_0381,c1ccncc1ClN,,,,REJECTED_STRUCTURE,,0.9030612244897959,0.0,INVALID_STRUCTURE,Extra Trees
BRAF_TEST_0382,c1ncccc1ClN,,,,REJECTED_STRUCTURE,,0.9030612244897959,0.0,INVALID_STRUCTURE,Extra Trees
BRAF_TEST_0383,c1cccnc1ClN,,,,REJECTED_STRUCTURE,,0.9030612244897959,0.0,INVALID_STRUCTURE,Extra Trees
BRAF_TEST_0384,c1ccc2ccccc2c1ClN,,,,REJECTED_STRUCTURE,,0.9030612244897959,0.0,INVALID_STRUCTURE,Extra Trees
BRAF_TEST_0385,c1ccccc1FN,,,,REJECTED_STRUCTURE,,0.9030612244897959,0.0,INVALID_STRUCTURE,Extra Trees
BRAF_TEST_0386,c1ccc(cc1)FN,,,,REJECTED_STRUCTURE,,0.9030612244897959,0.0,INVALID_STRUCTURE,Extra Trees
BRAF_TEST_0387,c1ccncc1FN,,,,REJECTED_STRUCTURE,,0.9030612244897959,0.0,INVALID_STRUCTURE,Extra Trees
BRAF_TEST_0388,c1ncccc1FN,,,,REJECTED_STRUCTURE,,0.9030612244897959,0.0,INVALID_STRUCTURE,Extra Trees
BRAF_TEST_0389,c1cccnc1FN,,,,REJECTED_STRUCTURE,,0.9030612244897959,0.0,INVALID_STRUCTURE,Extra Trees
BRAF_TEST_0390,c1ccc2ccccc2c1FN,,,,REJECTED_STRUCTURE,,0.9030612244897959,0.0,INVALID_STRUCTURE,Extra Trees
BRAF_TEST_0391,c1ccccc1BrN,,,,REJECTED_STRUCTURE,,0.9030612244897959,0.0,INVALID_STRUCTURE,Extra Trees
BRAF_TEST_0392,c1ccc(cc1)BrN,,,,REJECTED_STRUCTURE,,0.9030612244897959,0.0,INVALID_STRUCTURE,Extra Trees
BRAF_TEST_0393,c1ccncc1BrN,,,,REJECTED_STRUCTURE,,0.9030612244897959,0.0,INVALID_STRUCTURE,Extra Trees
BRAF_TEST_0394,c1ncccc1BrN,,,,REJECTED_STRUCTURE,,0.9030612244897959,0.0,INVALID_STRUCTURE,Extra Trees
BRAF_TEST_0395,c1cccnc1BrN,,,,REJECTED_STRUCTURE,,0.9030612244897959,0.0,INVALID_STRUCTURE,Extra Trees
BRAF_TEST_0396,c1ccc2ccccc2c1BrN,,,,REJECTED_STRUCTURE,,0.9030612244897959,0.0,INVALID_STRUCTURE,Extra Trees
BRAF_TEST_0415,c1ccccc1C#NN,,,,REJECTED_STRUCTURE,,0.9030612244897959,0.0,INVALID_STRUCTURE,Extra Trees
BRAF_TEST_0416,c1ccc(cc1)C#NN,,,,REJECTED_STRUCTURE,,0.9030612244897959,0.0,INVALID_STRUCTURE,Extra Trees
BRAF_TEST_0417,c1ccncc1C#NN,,,,REJECTED_STRUCTURE,,0.9030612244897959,0.0,INVALID_STRUCTURE,Extra Trees
BRAF_TEST_0418,c1ncccc1C#NN,,,,REJECTED_STRUCTURE,,0.9030612244897959,0.0,INVALID_STRUCTURE,Extra Trees
BRAF_TEST_0419,c1cccnc1C#NN,,,,REJECTED_STRUCTURE,,0.9030612244897959,0.0,INVALID_STRUCTURE,Extra Trees
BRAF_TEST_0420,c1ccc2ccccc2c1C#NN,,,,REJECTED_STRUCTURE,,0.9030612244897959,0.0,INVALID_STRUCTURE,Extra Trees
BRAF_TEST_0421,c1ccccc1C(F)(F)FN,,,,REJECTED_STRUCTURE,,0.9030612244897959,0.0,INVALID_STRUCTURE,Extra Trees
BRAF_TEST_0422,c1ccc(cc1)C(F)(F)FN,,,,REJECTED_STRUCTURE,,0.9030612244897959,0.0,INVALID_STRUCTURE,Extra Trees
BRAF_TEST_0423,c1ccncc1C(F)(F)FN,,,,REJECTED_STRUCTURE,,0.9030612244897959,0.0,INVALID_STRUCTURE,Extra Trees
BRAF_TEST_0424,c1ncccc1C(F)(F)FN,,,,REJECTED_STRUCTURE,,0.9030612244897959,0.0,INVALID_STRUCTURE,Extra Trees
BRAF_TEST_0425,c1cccnc1C(F)(F)FN,,,,REJECTED_STRUCTURE,,0.9030612244897959,0.0,INVALID_STRUCTURE,Extra Trees
BRAF_TEST_0426,c1ccc2ccccc2c1C(F)(F)FN,,,,REJECTED_STRUCTURE,,0.9030612244897959,0.0,INVALID_STRUCTURE,Extra Trees
BRAF_TEST_0469,c1ccccc1ClNC,,,,REJECTED_STRUCTURE,,0.9030612244897959,0.0,INVALID_STRUCTURE,Extra Trees
BRAF_TEST_0470,c1ccc(cc1)ClNC,,,,REJECTED_STRUCTURE,,0.9030612244897959,0.0,INVALID_STRUCTURE,Extra Trees
BRAF_TEST_0471,c1ccncc1ClNC,,,,REJECTED_STRUCTURE,,0.9030612244897959,0.0,INVALID_STRUCTURE,Extra Trees
BRAF_TEST_0472,c1ncccc1ClNC,,,,REJECTED_STRUCTURE,,0.9030612244897959,0.0,INVALID_STRUCTURE,Extra Trees
BRAF_TEST_0473,c1cccnc1ClNC,,,,REJECTED_STRUCTURE,,0.9030612244897959,0.0,INVALID_STRUCTURE,Extra Trees
BRAF_TEST_0474,c1ccc2ccccc2c1ClNC,,,,REJECTED_STRUCTURE,,0.9030612244897959,0.0,INVALID_STRUCTURE,Extra Trees
BRAF_TEST_0475,c1ccccc1FNC,,,,REJECTED_STRUCTURE,,0.9030612244897959,0.0,INVALID_STRUCTURE,Extra Trees
BRAF_TEST_0476,c1ccc(cc1)FNC,,,,REJECTED_STRUCTURE,,0.9030612244897959,0.0,INVALID_STRUCTURE,Extra Trees
BRAF_TEST_0477,c1ccncc1FNC,,,,REJECTED_STRUCTURE,,0.9030612244897959,0.0,INVALID_STRUCTURE,Extra Trees
BRAF_TEST_0478,c1ncccc1FNC,,,,REJECTED_STRUCTURE,,0.9030612244897959,0.0,INVALID_STRUCTURE,Extra Trees
BRAF_TEST_0479,c1cccnc1FNC,,,,REJECTED_STRUCTURE,,0.9030612244897959,0.0,INVALID_STRUCTURE,Extra Trees
BRAF_TEST_0480,c1ccc2ccccc2c1FNC,,,,REJECTED_STRUCTURE,,0.9030612244897959,0.0,INVALID_STRUCTURE,Extra Trees
BRAF_TEST_0481,c1ccccc1BrNC,,,,REJECTED_STRUCTURE,,0.9030612244897959,0.0,INVALID_STRUCTURE,Extra Trees
BRAF_TEST_0482,c1ccc(cc1)BrNC,,,,REJECTED_STRUCTURE,,0.9030612244897959,0.0,INVALID_STRUCTURE,Extra Trees
BRAF_TEST_0483,c1ccncc1BrNC,,,,REJECTED_STRUCTURE,,0.9030612244897959,0.0,INVALID_STRUCTURE,Extra Trees
BRAF_TEST_0484,c1ncccc1BrNC,,,,REJECTED_STRUCTURE,,0.9030612244897959,0.0,INVALID_STRUCTURE,Extra Trees
BRAF_TEST_0485,c1cccnc1BrNC,,,,REJECTED_STRUCTURE,,0.9030612244897959,0.0,INVALID_STRUCTURE,Extra Trees
BRAF_TEST_0486,c1ccc2ccccc2c1BrNC,,,,REJECTED_STRUCTURE,,0.9030612244897959,0.0,INVALID_STRUCTURE,Extra Trees
BRAF_TEST_0505,c1ccccc1C#NNC,,,,REJECTED_STRUCTURE,,0.9030612244897959,0.0,INVALID_STRUCTURE,Extra Trees
BRAF_TEST_0506,c1ccc(cc1)C#NNC,,,,REJECTED_STRUCTURE,,0.9030612244897959,0.0,INVALID_STRUCTURE,Extra Trees
BRAF_TEST_0507,c1ccncc1C#NNC,,,,REJECTED_STRUCTURE,,0.9030612244897959,0.0,INVALID_STRUCTURE,Extra Trees
BRAF_TEST_0508,c1ncccc1C#NNC,,,,REJECTED_STRUCTURE,,0.9030612244897959,0.0,INVALID_STRUCTURE,Extra Trees
BRAF_TEST_0509,c1cccnc1C#NNC,,,,REJECTED_STRUCTURE,,0.9030612244897959,0.0,INVALID_STRUCTURE,Extra Trees
BRAF_TEST_0510,c1ccc2ccccc2c1C#NNC,,,,REJECTED_STRUCTURE,,0.9030612244897959,0.0,INVALID_STRUCTURE,Extra Trees
BRAF_TEST_0511,c1ccccc1C(F)(F)FNC,,,,REJECTED_STRUCTURE,,0.9030612244897959,0.0,INVALID_STRUCTURE,Extra Trees
BRAF_TEST_0512,c1ccc(cc1)C(F)(F)FNC,,,,REJECTED_STRUCTURE,,0.9030612244897959,0.0,INVALID_STRUCTURE,Extra Trees
BRAF_TEST_0513,c1ccncc1C(F)(F)FNC,,,,REJECTED_STRUCTURE,,0.9030612244897959,0.0,INVALID_STRUCTURE,Extra Trees
BRAF_TEST_0514,c1ncccc1C(F)(F)FNC,,,,REJECTED_STRUCTURE,,0.9030612244897959,0.0,INVALID_STRUCTURE,Extra Trees
BRAF_TEST_0515,c1cccnc1C(F)(F)FNC,,,,REJECTED_STRUCTURE,,0.9030612244897959,0.0,INVALID_STRUCTURE,Extra Trees
BRAF_TEST_0516,c1ccc2ccccc2c1C(F)(F)FNC,,,,REJECTED_STRUCTURE,,0.9030612244897959,0.0,INVALID_STRUCTURE,Extra Trees
BRAF_TEST_0559,c1ccccc1ClCN,,,,REJECTED_STRUCTURE,,0.9030612244897959,0.0,INVALID_STRUCTURE,Extra Trees
BRAF_TEST_0560,c1ccc(cc1)ClCN,,,,REJECTED_STRUCTURE,,0.9030612244897959,0.0,INVALID_STRUCTURE,Extra Trees
BRAF_TEST_0561,c1ccncc1ClCN,,,,REJECTED_STRUCTURE,,0.9030612244897959,0.0,INVALID_STRUCTURE,Extra Trees
BRAF_TEST_0562,c1ncccc1ClCN,,,,REJECTED_STRUCTURE,,0.9030612244897959,0.0,INVALID_STRUCTURE,Extra Trees
BRAF_TEST_0563,c1cccnc1ClCN,,,,REJECTED_STRUCTURE,,0.9030612244897959,0.0,INVALID_STRUCTURE,Extra Trees
BRAF_TEST_0564,c1ccc2ccccc2c1ClCN,,,,REJECTED_STRUCTURE,,0.9030612244897959,0.0,INVALID_STRUCTURE,Extra Trees
BRAF_TEST_0565,c1ccccc1FCN,,,,REJECTED_STRUCTURE,,0.9030612244897959,0.0,INVALID_STRUCTURE,Extra Trees
BRAF_TEST_0566,c1ccc(cc1)FCN,,,,REJECTED_STRUCTURE,,0.9030612244897959,0.0,INVALID_STRUCTURE,Extra Trees
BRAF_TEST_0567,c1ccncc1FCN,,,,REJECTED_STRUCTURE,,0.9030612244897959,0.0,INVALID_STRUCTURE,Extra Trees
BRAF_TEST_0568,c1ncccc1FCN,,,,REJECTED_STRUCTURE,,0.9030612244897959,0.0,INVALID_STRUCTURE,Extra Trees
BRAF_TEST_0569,c1cccnc1FCN,,,,REJECTED_STRUCTURE,,0.9030612244897959,0.0,INVALID_STRUCTURE,Extra Trees
BRAF_TEST_0570,c1ccc2ccccc2c1FCN,,,,REJECTED_STRUCTURE,,0.9030612244897959,0.0,INVALID_STRUCTURE,Extra Trees
BRAF_TEST_0571,c1ccccc1BrCN,,,,REJECTED_STRUCTURE,,0.9030612244897959,0.0,INVALID_STRUCTURE,Extra Trees
BRAF_TEST_0572,c1ccc(cc1)BrCN,,,,REJECTED_STRUCTURE,,0.9030612244897959,0.0,INVALID_STRUCTURE,Extra Trees
BRAF_TEST_0573,c1ccncc1BrCN,,,,REJECTED_STRUCTURE,,0.9030612244897959,0.0,INVALID_STRUCTURE,Extra Trees
BRAF_TEST_0574,c1ncccc1BrCN,,,,REJECTED_STRUCTURE,,0.9030612244897959,0.0,INVALID_STRUCTURE,Extra Trees
BRAF_TEST_0575,c1cccnc1BrCN,,,,REJECTED_STRUCTURE,,0.9030612244897959,0.0,INVALID_STRUCTURE,Extra Trees
BRAF_TEST_0576,c1ccc2ccccc2c1BrCN,,,,REJECTED_STRUCTURE,,0.9030612244897959,0.0,INVALID_STRUCTURE,Extra Trees
BRAF_TEST_0595,c1ccccc1C#NCN,,,,REJECTED_STRUCTURE,,0.9030612244897959,0.0,INVALID_STRUCTURE,Extra Trees
BRAF_TEST_0596,c1ccc(cc1)C#NCN,,,,REJECTED_STRUCTURE,,0.9030612244897959,0.0,INVALID_STRUCTURE,Extra Trees
BRAF_TEST_0597,c1ccncc1C#NCN,,,,REJECTED_STRUCTURE,,0.9030612244897959,0.0,INVALID_STRUCTURE,Extra Trees
BRAF_TEST_0598,c1ncccc1C#NCN,,,,REJECTED_STRUCTURE,,0.9030612244897959,0.0,INVALID_STRUCTURE,Extra Trees
BRAF_TEST_0599,c1cccnc1C#NCN,,,,REJECTED_STRUCTURE,,0.9030612244897959,0.0,INVALID_STRUCTURE,Extra Trees
BRAF_TEST_0600,c1ccc2ccccc2c1C#NCN,,,,REJECTED_STRUCTURE,,0.9030612244897959,0.0,INVALID_STRUCTURE,Extra Trees
BRAF_TEST_0601,c1ccccc1C(F)(F)FCN,,,,REJECTED_STRUCTURE,,0.9030612244897959,0.0,INVALID_STRUCTURE,Extra Trees
BRAF_TEST_0602,c1ccc(cc1)C(F)(F)FCN,,,,REJECTED_STRUCTURE,,0.9030612244897959,0.0,INVALID_STRUCTURE,Extra Trees
BRAF_TEST_0603,c1ccncc1C(F)(F)FCN,,,,REJECTED_STRUCTURE,,0.9030612244897959,0.0,INVALID_STRUCTURE,Extra Trees
BRAF_TEST_0604,c1ncccc1C(F)(F)FCN,,,,REJECTED_STRUCTURE,,0.9030612244897959,0.0,INVALID_STRUCTURE,Extra Trees
BRAF_TEST_0605,c1cccnc1C(F)(F)FCN,,,,REJECTED_STRUCTURE,,0.9030612244897959,0.0,INVALID_STRUCTURE,Extra Trees
BRAF_TEST_0606,c1ccc2ccccc2c1C(F)(F)FCN,,,,REJECTED_STRUCTURE,,0.9030612244897959,0.0,INVALID_STRUCTURE,Extra Trees
BRAF_TEST_0649,c1ccccc1ClCCN,,,,REJECTED_STRUCTURE,,0.9030612244897959,0.0,INVALID_STRUCTURE,Extra Trees
BRAF_TEST_0650,c1ccc(cc1)ClCCN,,,,REJECTED_STRUCTURE,,0.9030612244897959,0.0,INVALID_STRUCTURE,Extra Trees
BRAF_TEST_0651,c1ccncc1ClCCN,,,,REJECTED_STRUCTURE,,0.9030612244897959,0.0,INVALID_STRUCTURE,Extra Trees
BRAF_TEST_0652,c1ncccc1ClCCN,,,,REJECTED_STRUCTURE,,0.9030612244897959,0.0,INVALID_STRUCTURE,Extra Trees
BRAF_TEST_0653,c1cccnc1ClCCN,,,,REJECTED_STRUCTURE,,0.9030612244897959,0.0,INVALID_STRUCTURE,Extra Trees
BRAF_TEST_0654,c1ccc2ccccc2c1ClCCN,,,,REJECTED_STRUCTURE,,0.9030612244897959,0.0,INVALID_STRUCTURE,Extra Trees
BRAF_TEST_0655,c1ccccc1FCCN,,,,REJECTED_STRUCTURE,,0.9030612244897959,0.0,INVALID_STRUCTURE,Extra Trees
BRAF_TEST_0656,c1ccc(cc1)FCCN,,,,REJECTED_STRUCTURE,,0.9030612244897959,0.0,INVALID_STRUCTURE,Extra Trees
BRAF_TEST_0657,c1ccncc1FCCN,,,,REJECTED_STRUCTURE,,0.9030612244897959,0.0,INVALID_STRUCTURE,Extra Trees
BRAF_TEST_0658,c1ncccc1FCCN,,,,REJECTED_STRUCTURE,,0.9030612244897959,0.0,INVALID_STRUCTURE,Extra Trees
BRAF_TEST_0659,c1cccnc1FCCN,,,,REJECTED_STRUCTURE,,0.9030612244897959,0.0,INVALID_STRUCTURE,Extra Trees
BRAF_TEST_0660,c1ccc2ccccc2c1FCCN,,,,REJECTED_STRUCTURE,,0.9030612244897959,0.0,INVALID_STRUCTURE,Extra Trees
BRAF_TEST_0661,c1ccccc1BrCCN,,,,REJECTED_STRUCTURE,,0.9030612244897959,0.0,INVALID_STRUCTURE,Extra Trees
BRAF_TEST_0662,c1ccc(cc1)BrCCN,,,,REJECTED_STRUCTURE,,0.9030612244897959,0.0,INVALID_STRUCTURE,Extra Trees
BRAF_TEST_0663,c1ccncc1BrCCN,,,,REJECTED_STRUCTURE,,0.9030612244897959,0.0,INVALID_STRUCTURE,Extra Trees
BRAF_TEST_0664,c1ncccc1BrCCN,,,,REJECTED_STRUCTURE,,0.9030612244897959,0.0,INVALID_STRUCTURE,Extra Trees
BRAF_TEST_0665,c1cccnc1BrCCN,,,,REJECTED_STRUCTURE,,0.9030612244897959,0.0,INVALID_STRUCTURE,Extra Trees
BRAF_TEST_0666,c1ccc2ccccc2c1BrCCN,,,,REJECTED_STRUCTURE,,0.9030612244897959,0.0,INVALID_STRUCTURE,Extra Trees
BRAF_TEST_0685,c1ccccc1C#NCCN,,,,REJECTED_STRUCTURE,,0.9030612244897959,0.0,INVALID_STRUCTURE,Extra Trees
BRAF_TEST_0686,c1ccc(cc1)C#NCCN,,,,REJECTED_STRUCTURE,,0.9030612244897959,0.0,INVALID_STRUCTURE,Extra Trees
BRAF_TEST_0687,c1ccncc1C#NCCN,,,,REJECTED_STRUCTURE,,0.9030612244897959,0.0,INVALID_STRUCTURE,Extra Trees
BRAF_TEST_0688,c1ncccc1C#NCCN,,,,REJECTED_STRUCTURE,,0.9030612244897959,0.0,INVALID_STRUCTURE,Extra Trees
BRAF_TEST_0689,c1cccnc1C#NCCN,,,,REJECTED_STRUCTURE,,0.9030612244897959,0.0,INVALID_STRUCTURE,Extra Trees
BRAF_TEST_0690,c1ccc2ccccc2c1C#NCCN,,,,REJECTED_STRUCTURE,,0.9030612244897959,0.0,INVALID_STRUCTURE,Extra Trees
BRAF_TEST_0691,c1ccccc1C(F)(F)FCCN,,,,REJECTED_STRUCTURE,,0.9030612244897959,0.0,INVALID_STRUCTURE,Extra Trees
BRAF_TEST_0692,c1ccc(cc1)C(F)(F)FCCN,,,,REJECTED_STRUCTURE,,0.9030612244897959,0.0,INVALID_STRUCTURE,Extra Trees
BRAF_TEST_0693,c1ccncc1C(F)(F)FCCN,,,,REJECTED_STRUCTURE,,0.9030612244897959,0.0,INVALID_STRUCTURE,Extra Trees
BRAF_TEST_0694,c1ncccc1C(F)(F)FCCN,,,,REJECTED_STRUCTURE,,0.9030612244897959,0.0,INVALID_STRUCTURE,Extra Trees
BRAF_TEST_0695,c1cccnc1C(F)(F)FCCN,,,,REJECTED_STRUCTURE,,0.9030612244897959,0.0,INVALID_STRUCTURE,Extra Trees
BRAF_TEST_0696,c1ccc2ccccc2c1C(F)(F)FCCN,,,,REJECTED_STRUCTURE,,0.9030612244897959,0.0,INVALID_STRUCTURE,Extra Trees
BRAF_TEST_0739,c1ccccc1ClO,,,,REJECTED_STRUCTURE,,0.9030612244897959,0.0,INVALID_STRUCTURE,Extra Trees
BRAF_TEST_0740,c1ccc(cc1)ClO,,,,REJECTED_STRUCTURE,,0.9030612244897959,0.0,INVALID_STRUCTURE,Extra Trees
BRAF_TEST_0741,c1ccncc1ClO,,,,REJECTED_STRUCTURE,,0.9030612244897959,0.0,INVALID_STRUCTURE,Extra Trees
BRAF_TEST_0742,c1ncccc1ClO,,,,REJECTED_STRUCTURE,,0.9030612244897959,0.0,INVALID_STRUCTURE,Extra Trees
BRAF_TEST_0743,c1cccnc1ClO,,,,REJECTED_STRUCTURE,,0.9030612244897959,0.0,INVALID_STRUCTURE,Extra Trees
BRAF_TEST_0744,c1ccc2ccccc2c1ClO,,,,REJECTED_STRUCTURE,,0.9030612244897959,0.0,INVALID_STRUCTURE,Extra Trees
BRAF_TEST_0745,c1ccccc1FO,,,,REJECTED_STRUCTURE,,0.9030612244897959,0.0,INVALID_STRUCTURE,Extra Trees
BRAF_TEST_0746,c1ccc(cc1)FO,,,,REJECTED_STRUCTURE,,0.9030612244897959,0.0,INVALID_STRUCTURE,Extra Trees
BRAF_TEST_0747,c1ccncc1FO,,,,REJECTED_STRUCTURE,,0.9030612244897959,0.0,INVALID_STRUCTURE,Extra Trees
BRAF_TEST_0748,c1ncccc1FO,,,,REJECTED_STRUCTURE,,0.9030612244897959,0.0,INVALID_STRUCTURE,Extra Trees
BRAF_TEST_0749,c1cccnc1FO,,,,REJECTED_STRUCTURE,,0.9030612244897959,0.0,INVALID_STRUCTURE,Extra Trees
BRAF_TEST_0750,c1ccc2ccccc2c1FO,,,,REJECTED_STRUCTURE,,0.9030612244897959,0.0,INVALID_STRUCTURE,Extra Trees
BRAF_TEST_0751,c1ccccc1BrO,,,,REJECTED_STRUCTURE,,0.9030612244897959,0.0,INVALID_STRUCTURE,Extra Trees
BRAF_TEST_0752,c1ccc(cc1)BrO,,,,REJECTED_STRUCTURE,,0.9030612244897959,0.0,INVALID_STRUCTURE,Extra Trees
BRAF_TEST_0753,c1ccncc1BrO,,,,REJECTED_STRUCTURE,,0.9030612244897959,0.0,INVALID_STRUCTURE,Extra Trees
BRAF_TEST_0754,c1ncccc1BrO,,,,REJECTED_STRUCTURE,,0.9030612244897959,0.0,INVALID_STRUCTURE,Extra Trees
BRAF_TEST_0755,c1cccnc1BrO,,,,REJECTED_STRUCTURE,,0.9030612244897959,0.0,INVALID_STRUCTURE,Extra Trees
BRAF_TEST_0756,c1ccc2ccccc2c1BrO,,,,REJECTED_STRUCTURE,,0.9030612244897959,0.0,INVALID_STRUCTURE,Extra Trees
BRAF_TEST_0775,c1ccccc1C#NO,,,,REJECTED_STRUCTURE,,0.9030612244897959,0.0,INVALID_STRUCTURE,Extra Trees
BRAF_TEST_0776,c1ccc(cc1)C#NO,,,,REJECTED_STRUCTURE,,0.9030612244897959,0.0,INVALID_STRUCTURE,Extra Trees
BRAF_TEST_0777,c1ccncc1C#NO,,,,REJECTED_STRUCTURE,,0.9030612244897959,0.0,INVALID_STRUCTURE,Extra Trees
BRAF_TEST_0778,c1ncccc1C#NO,,,,REJECTED_STRUCTURE,,0.9030612244897959,0.0,INVALID_STRUCTURE,Extra Trees
BRAF_TEST_0779,c1cccnc1C#NO,,,,REJECTED_STRUCTURE,,0.9030612244897959,0.0,INVALID_STRUCTURE,Extra Trees
BRAF_TEST_0780,c1ccc2ccccc2c1C#NO,,,,REJECTED_STRUCTURE,,0.9030612244897959,0.0,INVALID_STRUCTURE,Extra Trees
BRAF_TEST_0781,c1ccccc1C(F)(F)FO,,,,REJECTED_STRUCTURE,,0.9030612244897959,0.0,INVALID_STRUCTURE,Extra Trees
BRAF_TEST_0782,c1ccc(cc1)C(F)(F)FO,,,,REJECTED_STRUCTURE,,0.9030612244897959,0.0,INVALID_STRUCTURE,Extra Trees
BRAF_TEST_0783,c1ccncc1C(F)(F)FO,,,,REJECTED_STRUCTURE,,0.9030612244897959,0.0,INVALID_STRUCTURE,Extra Trees
BRAF_TEST_0784,c1ncccc1C(F)(F)FO,,,,REJECTED_STRUCTURE,,0.9030612244897959,0.0,INVALID_STRUCTURE,Extra Trees
BRAF_TEST_0785,c1cccnc1C(F)(F)FO,,,,REJECTED_STRUCTURE,,0.9030612244897959,0.0,INVALID_STRUCTURE,Extra Trees
BRAF_TEST_0786,c1ccc2ccccc2c1C(F)(F)FO,,,,REJECTED_STRUCTURE,,0.9030612244897959,0.0,INVALID_STRUCTURE,Extra Trees
BRAF_TEST_0829,c1ccccc1ClOC,,,,REJECTED_STRUCTURE,,0.9030612244897959,0.0,INVALID_STRUCTURE,Extra Trees
BRAF_TEST_0830,c1ccc(cc1)ClOC,,,,REJECTED_STRUCTURE,,0.9030612244897959,0.0,INVALID_STRUCTURE,Extra Trees
BRAF_TEST_0831,c1ccncc1ClOC,,,,REJECTED_STRUCTURE,,0.9030612244897959,0.0,INVALID_STRUCTURE,Extra Trees
BRAF_TEST_0832,c1ncccc1ClOC,,,,REJECTED_STRUCTURE,,0.9030612244897959,0.0,INVALID_STRUCTURE,Extra Trees
BRAF_TEST_0833,c1cccnc1ClOC,,,,REJECTED_STRUCTURE,,0.9030612244897959,0.0,INVALID_STRUCTURE,Extra Trees
BRAF_TEST_0834,c1ccc2ccccc2c1ClOC,,,,REJECTED_STRUCTURE,,0.9030612244897959,0.0,INVALID_STRUCTURE,Extra Trees
BRAF_TEST_0835,c1ccccc1FOC,,,,REJECTED_STRUCTURE,,0.9030612244897959,0.0,INVALID_STRUCTURE,Extra Trees
BRAF_TEST_0836,c1ccc(cc1)FOC,,,,REJECTED_STRUCTURE,,0.9030612244897959,0.0,INVALID_STRUCTURE,Extra Trees
BRAF_TEST_0837,c1ccncc1FOC,,,,REJECTED_STRUCTURE,,0.9030612244897959,0.0,INVALID_STRUCTURE,Extra Trees
BRAF_TEST_0838,c1ncccc1FOC,,,,REJECTED_STRUCTURE,,0.9030612244897959,0.0,INVALID_STRUCTURE,Extra Trees
BRAF_TEST_0839,c1cccnc1FOC,,,,REJECTED_STRUCTURE,,0.9030612244897959,0.0,INVALID_STRUCTURE,Extra Trees
BRAF_TEST_0840,c1ccc2ccccc2c1FOC,,,,REJECTED_STRUCTURE,,0.9030612244897959,0.0,INVALID_STRUCTURE,Extra Trees
BRAF_TEST_0841,c1ccccc1BrOC,,,,REJECTED_STRUCTURE,,0.9030612244897959,0.0,INVALID_STRUCTURE,Extra Trees
BRAF_TEST_0842,c1ccc(cc1)BrOC,,,,REJECTED_STRUCTURE,,0.9030612244897959,0.0,INVALID_STRUCTURE,Extra Trees
BRAF_TEST_0843,c1ccncc1BrOC,,,,REJECTED_STRUCTURE,,0.9030612244897959,0.0,INVALID_STRUCTURE,Extra Trees
BRAF_TEST_0844,c1ncccc1BrOC,,,,REJECTED_STRUCTURE,,0.9030612244897959,0.0,INVALID_STRUCTURE,Extra Trees
BRAF_TEST_0845,c1cccnc1BrOC,,,,REJECTED_STRUCTURE,,0.9030612244897959,0.0,INVALID_STRUCTURE,Extra Trees
BRAF_TEST_0846,c1ccc2ccccc2c1BrOC,,,,REJECTED_STRUCTURE,,0.9030612244897959,0.0,INVALID_STRUCTURE,Extra Trees
BRAF_TEST_0865,c1ccccc1C#NOC,,,,REJECTED_STRUCTURE,,0.9030612244897959,0.0,INVALID_STRUCTURE,Extra Trees
BRAF_TEST_0866,c1ccc(cc1)C#NOC,,,,REJECTED_STRUCTURE,,0.9030612244897959,0.0,INVALID_STRUCTURE,Extra Trees
BRAF_TEST_0867,c1ccncc1C#NOC,,,,REJECTED_STRUCTURE,,0.9030612244897959,0.0,INVALID_STRUCTURE,Extra Trees
BRAF_TEST_0868,c1ncccc1C#NOC,,,,REJECTED_STRUCTURE,,0.9030612244897959,0.0,INVALID_STRUCTURE,Extra Trees
BRAF_TEST_0869,c1cccnc1C#NOC,,,,REJECTED_STRUCTURE,,0.9030612244897959,0.0,INVALID_STRUCTURE,Extra Trees
BRAF_TEST_0870,c1ccc2ccccc2c1C#NOC,,,,REJECTED_STRUCTURE,,0.9030612244897959,0.0,INVALID_STRUCTURE,Extra Trees
BRAF_TEST_0871,c1ccccc1C(F)(F)FOC,,,,REJECTED_STRUCTURE,,0.9030612244897959,0.0,INVALID_STRUCTURE,Extra Trees
BRAF_TEST_0872,c1ccc(cc1)C(F)(F)FOC,,,,REJECTED_STRUCTURE,,0.9030612244897959,0.0,INVALID_STRUCTURE,Extra Trees
BRAF_TEST_0873,c1ccncc1C(F)(F)FOC,,,,REJECTED_STRUCTURE,,0.9030612244897959,0.0,INVALID_STRUCTURE,Extra Trees
BRAF_TEST_0874,c1ncccc1C(F)(F)FOC,,,,REJECTED_STRUCTURE,,0.9030612244897959,0.0,INVALID_STRUCTURE,Extra Trees
BRAF_TEST_0875,c1cccnc1C(F)(F)FOC,,,,REJECTED_STRUCTURE,,0.9030612244897959,0.0,INVALID_STRUCTURE,Extra Trees
BRAF_TEST_0876,c1ccc2ccccc2c1C(F)(F)FOC,,,,REJECTED_STRUCTURE,,0.9030612244897959,0.0,INVALID_STRUCTURE,Extra Trees
BRAF_TEST_0919,c1ccccc1ClC#N,,,,REJECTED_STRUCTURE,,0.9030612244897959,0.0,INVALID_STRUCTURE,Extra Trees
BRAF_TEST_0920,c1ccc(cc1)ClC#N,,,,REJECTED_STRUCTURE,,0.9030612244897959,0.0,INVALID_STRUCTURE,Extra Trees
BRAF_TEST_0921,c1ccncc1ClC#N,,,,REJECTED_STRUCTURE,,0.9030612244897959,0.0,INVALID_STRUCTURE,Extra Trees
BRAF_TEST_0922,c1ncccc1ClC#N,,,,REJECTED_STRUCTURE,,0.9030612244897959,0.0,INVALID_STRUCTURE,Extra Trees
BRAF_TEST_0923,c1cccnc1ClC#N,,,,REJECTED_STRUCTURE,,0.9030612244897959,0.0,INVALID_STRUCTURE,Extra Trees
BRAF_TEST_0924,c1ccc2ccccc2c1ClC#N,,,,REJECTED_STRUCTURE,,0.9030612244897959,0.0,INVALID_STRUCTURE,Extra Trees
BRAF_TEST_0925,c1ccccc1FC#N,,,,REJECTED_STRUCTURE,,0.9030612244897959,0.0,INVALID_STRUCTURE,Extra Trees
BRAF_TEST_0926,c1ccc(cc1)FC#N,,,,REJECTED_STRUCTURE,,0.9030612244897959,0.0,INVALID_STRUCTURE,Extra Trees
BRAF_TEST_0927,c1ccncc1FC#N,,,,REJECTED_STRUCTURE,,0.9030612244897959,0.0,INVALID_STRUCTURE,Extra Trees
BRAF_TEST_0928,c1ncccc1FC#N,,,,REJECTED_STRUCTURE,,0.9030612244897959,0.0,INVALID_STRUCTURE,Extra Trees
BRAF_TEST_0929,c1cccnc1FC#N,,,,REJECTED_STRUCTURE,,0.9030612244897959,0.0,INVALID_STRUCTURE,Extra Trees
BRAF_TEST_0930,c1ccc2ccccc2c1FC#N,,,,REJECTED_STRUCTURE,,0.9030612244897959,0.0,INVALID_STRUCTURE,Extra Trees
BRAF_TEST_0931,c1ccccc1BrC#N,,,,REJECTED_STRUCTURE,,0.9030612244897959,0.0,INVALID_STRUCTURE,Extra Trees
BRAF_TEST_0932,c1ccc(cc1)BrC#N,,,,REJECTED_STRUCTURE,,0.9030612244897959,0.0,INVALID_STRUCTURE,Extra Trees
BRAF_TEST_0933,c1ccncc1BrC#N,,,,REJECTED_STRUCTURE,,0.9030612244897959,0.0,INVALID_STRUCTURE,Extra Trees
BRAF_TEST_0934,c1ncccc1BrC#N,,,,REJECTED_STRUCTURE,,0.9030612244897959,0.0,INVALID_STRUCTURE,Extra Trees
BRAF_TEST_0935,c1cccnc1BrC#N,,,,REJECTED_STRUCTURE,,0.9030612244897959,0.0,INVALID_STRUCTURE,Extra Trees
BRAF_TEST_0936,c1ccc2ccccc2c1BrC#N,,,,REJECTED_STRUCTURE,,0.9030612244897959,0.0,INVALID_STRUCTURE,Extra Trees
BRAF_TEST_0955,c1ccccc1C#NC#N,,,,REJECTED_STRUCTURE,,0.9030612244897959,0.0,INVALID_STRUCTURE,Extra Trees
BRAF_TEST_0956,c1ccc(cc1)C#NC#N,,,,REJECTED_STRUCTURE,,0.9030612244897959,0.0,INVALID_STRUCTURE,Extra Trees
BRAF_TEST_0957,c1ccncc1C#NC#N,,,,REJECTED_STRUCTURE,,0.9030612244897959,0.0,INVALID_STRUCTURE,Extra Trees
BRAF_TEST_0958,c1ncccc1C#NC#N,,,,REJECTED_STRUCTURE,,0.9030612244897959,0.0,INVALID_STRUCTURE,Extra Trees
BRAF_TEST_0959,c1cccnc1C#NC#N,,,,REJECTED_STRUCTURE,,0.9030612244897959,0.0,INVALID_STRUCTURE,Extra Trees
BRAF_TEST_0960,c1ccc2ccccc2c1C#NC#N,,,,REJECTED_STRUCTURE,,0.9030612244897959,0.0,INVALID_STRUCTURE,Extra Trees
BRAF_TEST_0961,c1ccccc1C(F)(F)FC#N,,,,REJECTED_STRUCTURE,,0.9030612244897959,0.0,INVALID_STRUCTURE,Extra Trees
BRAF_TEST_0962,c1ccc(cc1)C(F)(F)FC#N,,,,REJECTED_STRUCTURE,,0.9030612244897959,0.0,INVALID_STRUCTURE,Extra Trees
BRAF_TEST_0963,c1ccncc1C(F)(F)FC#N,,,,REJECTED_STRUCTURE,,0.9030612244897959,0.0,INVALID_STRUCTURE,Extra Trees
BRAF_TEST_0964,c1ncccc1C(F)(F)FC#N,,,,REJECTED_STRUCTURE,,0.9030612244897959,0.0,INVALID_STRUCTURE,Extra Trees
BRAF_TEST_0965,c1cccnc1C(F)(F)FC#N,,,,REJECTED_STRUCTURE,,0.9030612244897959,0.0,INVALID_STRUCTURE,Extra Trees
BRAF_TEST_0966,c1ccc2ccccc2c1C(F)(F)FC#N,,,,REJECTED_STRUCTURE,,0.9030612244897959,0.0,INVALID_STRUCTURE,Extra Trees
BRAF_TEST_1009,c1ccccc1ClC(=O)N,,,,REJECTED_STRUCTURE,,0.9030612244897959,0.0,INVALID_STRUCTURE,Extra Trees
BRAF_TEST_1010,c1ccc(cc1)ClC(=O)N,,,,REJECTED_STRUCTURE,,0.9030612244897959,0.0,INVALID_STRUCTURE,Extra Trees
BRAF_TEST_1011,c1ccncc1ClC(=O)N,,,,REJECTED_STRUCTURE,,0.9030612244897959,0.0,INVALID_STRUCTURE,Extra Trees
BRAF_TEST_1012,c1ncccc1ClC(=O)N,,,,REJECTED_STRUCTURE,,0.9030612244897959,0.0,INVALID_STRUCTURE,Extra Trees
BRAF_TEST_1013,c1cccnc1ClC(=O)N,,,,REJECTED_STRUCTURE,,0.9030612244897959,0.0,INVALID_STRUCTURE,Extra Trees
BRAF_TEST_1014,c1ccc2ccccc2c1ClC(=O)N,,,,REJECTED_STRUCTURE,,0.9030612244897959,0.0,INVALID_STRUCTURE,Extra Trees
BRAF_TEST_1015,c1ccccc1FC(=O)N,,,,REJECTED_STRUCTURE,,0.9030612244897959,0.0,INVALID_STRUCTURE,Extra Trees
BRAF_TEST_1016,c1ccc(cc1)FC(=O)N,,,,REJECTED_STRUCTURE,,0.9030612244897959,0.0,INVALID_STRUCTURE,Extra Trees
BRAF_TEST_1017,c1ccncc1FC(=O)N,,,,REJECTED_STRUCTURE,,0.9030612244897959,0.0,INVALID_STRUCTURE,Extra Trees
BRAF_TEST_1018,c1ncccc1FC(=O)N,,,,REJECTED_STRUCTURE,,0.9030612244897959,0.0,INVALID_STRUCTURE,Extra Trees
BRAF_TEST_1019,c1cccnc1FC(=O)N,,,,REJECTED_STRUCTURE,,0.9030612244897959,0.0,INVALID_STRUCTURE,Extra Trees
BRAF_TEST_1020,c1ccc2ccccc2c1FC(=O)N,,,,REJECTED_STRUCTURE,,0.9030612244897959,0.0,INVALID_STRUCTURE,Extra Trees
BRAF_TEST_1021,c1ccccc1BrC(=O)N,,,,REJECTED_STRUCTURE,,0.9030612244897959,0.0,INVALID_STRUCTURE,Extra Trees
BRAF_TEST_1022,c1ccc(cc1)BrC(=O)N,,,,REJECTED_STRUCTURE,,0.9030612244897959,0.0,INVALID_STRUCTURE,Extra Trees
BRAF_TEST_1023,c1ccncc1BrC(=O)N,,,,REJECTED_STRUCTURE,,0.9030612244897959,0.0,INVALID_STRUCTURE,Extra Trees
BRAF_TEST_1024,c1ncccc1BrC(=O)N,,,,REJECTED_STRUCTURE,,0.9030612244897959,0.0,INVALID_STRUCTURE,Extra Trees
BRAF_TEST_1025,c1cccnc1BrC(=O)N,,,,REJECTED_STRUCTURE,,0.9030612244897959,0.0,INVALID_STRUCTURE,Extra Trees
BRAF_TEST_1026,c1ccc2ccccc2c1BrC(=O)N,,,,REJECTED_STRUCTURE,,0.9030612244897959,0.0,INVALID_STRUCTURE,Extra Trees
BRAF_TEST_1045,c1ccccc1C#NC(=O)N,,,,REJECTED_STRUCTURE,,0.9030612244897959,0.0,INVALID_STRUCTURE,Extra Trees
BRAF_TEST_1046,c1ccc(cc1)C#NC(=O)N,,,,REJECTED_STRUCTURE,,0.9030612244897959,0.0,INVALID_STRUCTURE,Extra Trees
BRAF_TEST_1047,c1ccncc1C#NC(=O)N,,,,REJECTED_STRUCTURE,,0.9030612244897959,0.0,INVALID_STRUCTURE,Extra Trees
BRAF_TEST_1048,c1ncccc1C#NC(=O)N,,,,REJECTED_STRUCTURE,,0.9030612244897959,0.0,INVALID_STRUCTURE,Extra Trees
BRAF_TEST_1049,c1cccnc1C#NC(=O)N,,,,REJECTED_STRUCTURE,,0.9030612244897959,0.0,INVALID_STRUCTURE,Extra Trees
BRAF_TEST_1050,c1ccc2ccccc2c1C#NC(=O)N,,,,REJECTED_STRUCTURE,,0.9030612244897959,0.0,INVALID_STRUCTURE,Extra Trees
BRAF_TEST_1051,c1ccccc1C(F)(F)FC(=O)N,,,,REJECTED_STRUCTURE,,0.9030612244897959,0.0,INVALID_STRUCTURE,Extra Trees
BRAF_TEST_1052,c1ccc(cc1)C(F)(F)FC(=O)N,,,,REJECTED_STRUCTURE,,0.9030612244897959,0.0,INVALID_STRUCTURE,Extra Trees
BRAF_TEST_1053,c1ccncc1C(F)(F)FC(=O)N,,,,REJECTED_STRUCTURE,,0.9030612244897959,0.0,INVALID_STRUCTURE,Extra Trees
BRAF_TEST_1054,c1ncccc1C(F)(F)FC(=O)N,,,,REJECTED_STRUCTURE,,0.9030612244897959,0.0,INVALID_STRUCTURE,Extra Trees
BRAF_TEST_1055,c1cccnc1C(F)(F)FC(=O)N,,,,REJECTED_STRUCTURE,,0.9030612244897959,0.0,INVALID_STRUCTURE,Extra Trees
BRAF_TEST_1056,c1ccc2ccccc2c1C(F)(F)FC(=O)N,,,,REJECTED_STRUCTURE,,0.9030612244897959,0.0,INVALID_STRUCTURE,Extra Trees
BRAF_TEST_1099,c1ccccc1ClC(=O)O,,,,REJECTED_STRUCTURE,,0.9030612244897959,0.0,INVALID_STRUCTURE,Extra Trees
BRAF_TEST_1100,c1ccc(cc1)ClC(=O)O,,,,REJECTED_STRUCTURE,,0.9030612244897959,0.0,INVALID_STRUCTURE,Extra Trees
BRAF_TEST_1101,c1ccncc1ClC(=O)O,,,,REJECTED_STRUCTURE,,0.9030612244897959,0.0,INVALID_STRUCTURE,Extra Trees
BRAF_TEST_1102,c1ncccc1ClC(=O)O,,,,REJECTED_STRUCTURE,,0.9030612244897959,0.0,INVALID_STRUCTURE,Extra Trees
BRAF_TEST_1103,c1cccnc1ClC(=O)O,,,,REJECTED_STRUCTURE,,0.9030612244897959,0.0,INVALID_STRUCTURE,Extra Trees
BRAF_TEST_1104,c1ccc2ccccc2c1ClC(=O)O,,,,REJECTED_STRUCTURE,,0.9030612244897959,0.0,INVALID_STRUCTURE,Extra Trees
BRAF_TEST_1105,c1ccccc1FC(=O)O,,,,REJECTED_STRUCTURE,,0.9030612244897959,0.0,INVALID_STRUCTURE,Extra Trees
BRAF_TEST_1106,c1ccc(cc1)FC(=O)O,,,,REJECTED_STRUCTURE,,0.9030612244897959,0.0,INVALID_STRUCTURE,Extra Trees
BRAF_TEST_1107,c1ccncc1FC(=O)O,,,,REJECTED_STRUCTURE,,0.9030612244897959,0.0,INVALID_STRUCTURE,Extra Trees
BRAF_TEST_1108,c1ncccc1FC(=O)O,,,,REJECTED_STRUCTURE,,0.9030612244897959,0.0,INVALID_STRUCTURE,Extra Trees
BRAF_TEST_1109,c1cccnc1FC(=O)O,,,,REJECTED_STRUCTURE,,0.9030612244897959,0.0,INVALID_STRUCTURE,Extra Trees
BRAF_TEST_1110,c1ccc2ccccc2c1FC(=O)O,,,,REJECTED_STRUCTURE,,0.9030612244897959,0.0,INVALID_STRUCTURE,Extra Trees
BRAF_TEST_1111,c1ccccc1BrC(=O)O,,,,REJECTED_STRUCTURE,,0.9030612244897959,0.0,INVALID_STRUCTURE,Extra Trees
BRAF_TEST_1112,c1ccc(cc1)BrC(=O)O,,,,REJECTED_STRUCTURE,,0.9030612244897959,0.0,INVALID_STRUCTURE,Extra Trees
BRAF_TEST_1113,c1ccncc1BrC(=O)O,,,,REJECTED_STRUCTURE,,0.9030612244897959,0.0,INVALID_STRUCTURE,Extra Trees
BRAF_TEST_1114,c1ncccc1BrC(=O)O,,,,REJECTED_STRUCTURE,,0.9030612244897959,0.0,INVALID_STRUCTURE,Extra Trees
BRAF_TEST_1115,c1cccnc1BrC(=O)O,,,,REJECTED_STRUCTURE,,0.9030612244897959,0.0,INVALID_STRUCTURE,Extra Trees
BRAF_TEST_1116,c1ccc2ccccc2c1BrC(=O)O,,,,REJECTED_STRUCTURE,,0.9030612244897959,0.0,INVALID_STRUCTURE,Extra Trees
BRAF_TEST_1135,c1ccccc1C#NC(=O)O,,,,REJECTED_STRUCTURE,,0.9030612244897959,0.0,INVALID_STRUCTURE,Extra Trees
BRAF_TEST_1136,c1ccc(cc1)C#NC(=O)O,,,,REJECTED_STRUCTURE,,0.9030612244897959,0.0,INVALID_STRUCTURE,Extra Trees
BRAF_TEST_1137,c1ccncc1C#NC(=O)O,,,,REJECTED_STRUCTURE,,0.9030612244897959,0.0,INVALID_STRUCTURE,Extra Trees
BRAF_TEST_1138,c1ncccc1C#NC(=O)O,,,,REJECTED_STRUCTURE,,0.9030612244897959,0.0,INVALID_STRUCTURE,Extra Trees
BRAF_TEST_1139,c1cccnc1C#NC(=O)O,,,,REJECTED_STRUCTURE,,0.9030612244897959,0.0,INVALID_STRUCTURE,Extra Trees
BRAF_TEST_1140,c1ccc2ccccc2c1C#NC(=O)O,,,,REJECTED_STRUCTURE,,0.9030612244897959,0.0,INVALID_STRUCTURE,Extra Trees
BRAF_TEST_1141,c1ccccc1C(F)(F)FC(=O)O,,,,REJECTED_STRUCTURE,,0.9030612244897959,0.0,INVALID_STRUCTURE,Extra Trees
BRAF_TEST_1142,c1ccc(cc1)C(F)(F)FC(=O)O,,,,REJECTED_STRUCTURE,,0.9030612244897959,0.0,INVALID_STRUCTURE,Extra Trees
BRAF_TEST_1143,c1ccncc1C(F)(F)FC(=O)O,,,,REJECTED_STRUCTURE,,0.9030612244897959,0.0,INVALID_STRUCTURE,Extra Trees
BRAF_TEST_1144,c1ncccc1C(F)(F)FC(=O)O,,,,REJECTED_STRUCTURE,,0.9030612244897959,0.0,INVALID_STRUCTURE,Extra Trees
BRAF_TEST_1145,c1cccnc1C(F)(F)FC(=O)O,,,,REJECTED_STRUCTURE,,0.9030612244897959,0.0,INVALID_STRUCTURE,Extra Trees
BRAF_TEST_1146,c1ccc2ccccc2c1C(F)(F)FC(=O)O,,,,REJECTED_STRUCTURE,,0.9030612244897959,0.0,INVALID_STRUCTURE,Extra Trees
