SMILES,Activity,MaxAbsEStateIndex,MinAbsEStateIndex,MinEStateIndex,qed,SPS,MolWt,MaxPartialCharge,MinPartialCharge,FpDensityMorgan1,FpDensityMorgan3,BCUT2D_MWHI,BCUT2D_MWLOW,BCUT2D_CHGHI,BCUT2D_CHGLO,BCUT2D_LOGPHI,BCUT2D_LOGPLOW,BCUT2D_MRHI,BCUT2D_MRLOW,AvgIpc,BalabanJ,BertzCT,HallKierAlpha,Ipc,Kappa2,Kappa3,PEOE_VSA1,PEOE_VSA10,PEOE_VSA11,PEOE_VSA12,PEOE_VSA13,PEOE_VSA14,PEOE_VSA2,PEOE_VSA3,PEOE_VSA4,PEOE_VSA5,PEOE_VSA6,PEOE_VSA7,PEOE_VSA8,PEOE_VSA9,SMR_VSA1,SMR_VSA10,SMR_VSA2,SMR_VSA3,SMR_VSA4,SMR_VSA5,SMR_VSA6,SMR_VSA7,SMR_VSA9,SlogP_VSA1,SlogP_VSA10,SlogP_VSA11,SlogP_VSA12,SlogP_VSA2,SlogP_VSA3,SlogP_VSA5,SlogP_VSA6,SlogP_VSA7,SlogP_VSA8,TPSA,EState_VSA1,EState_VSA10,EState_VSA2,EState_VSA3,EState_VSA4,EState_VSA5,EState_VSA6,EState_VSA7,EState_VSA8,EState_VSA9,VSA_EState1,VSA_EState10,VSA_EState2,VSA_EState3,VSA_EState4,VSA_EState5,VSA_EState6,VSA_EState7,VSA_EState8,VSA_EState9,FractionCSP3,NHOHCount,NOCount,NumAmideBonds,NumAromaticHeterocycles,NumHAcceptors,NumHDonors,NumHeteroatoms,NumRotatableBonds,MolLogP,fr_Al_COO,fr_Al_OH,fr_ArN,fr_Ar_COO,fr_COO,fr_COO2,fr_C_O,fr_C_O_noCOO,fr_NH0,fr_NH1,fr_N_O,fr_Ndealkylation1,fr_SH,fr_alkyl_halide,fr_aniline,fr_aryl_methyl,fr_ester,fr_ether,fr_halogen,fr_hdrzine,fr_imide,fr_methoxy,fr_para_hydroxylation,fr_priamide,fr_sulfide,fr_thiocyan,fr_unbrch_alkane,fr_urea,Dim1,Dim2,Dim3,Projection_Method,UMAP_Fallback_Used,dataset_split,ad_status,activity
NCCOC(=O)c1cccnc1,10.2225,11.08578703703704,0.2437773998488284,-0.380972222222222,0.6511290468080695,9.416666666666666,166.18,0.3392445165369598,-0.4607101484809893,1.666666666666667,3.083333333333333,16.5331005583735,10.28296866705724,2.038638480766694,-2.003688286668234,1.970619676612356,-2.131124767809625,5.883627543158893,0.0516054984127508,2.154522458102369,2.539556056342092,248.4945899428275,-1.42,646.3567374307108,4.456344969302979,2.319052876989167,10.47053043096224,6.606881964512918,0.0,0.0,0.0,5.969305287951849,4.983978520947209,4.794537184071822,0.0,0.0,0.0,12.13273413692322,18.93844354913873,5.563451491696996,9.53140013787187,5.969305287951849,0.0,4.983978520947209,5.733667477162185,0.0,13.15163837042549,30.08987277184637,0.0,5.733667477162185,0.0,0.0,0.0,24.10492217932455,4.736862953800049,10.35798867576882,24.52642128014937,0.0,0.0,65.21000000000001,0.0,4.794537184071822,12.57618725246477,12.10820789760957,0.0,6.196843571613076,18.3295777085363,0.0,4.983978520947209,10.47053043096224,4.773287037037037,0.0,14.86753354119426,0.0,5.611995307382212,-0.380972222222222,3.324295162509448,3.05412926744772,0.5830652399848832,0.0,0.25,2.0,4.0,0.0,1.0,4.0,1.0,4.0,3.0,0.1970999999999994,0.0,0.0,0.0,0.0,0.0,0.0,1.0,1.0,1.0,0.0,0.0,0.0,0.0,0.0,0.0,0.0,1.0,1.0,0.0,0.0,0.0,0.0,0.0,0.0,0.0,0.0,0.0,0.0,6.839239597320557,-8.515700340270996,-8.125727653503418,pca,False,train,In-Domain,
COCCc1cccc2ccccc12,8.802,5.094672382842026,0.785721844293273,0.785721844293273,0.7155551877504088,10.64285714285714,186.254,0.0502394830116435,-0.3843450292521883,1.0,2.642857142857143,16.46138959128485,10.0272677330761,1.981591854903692,-2.047046829281612,2.180873789899279,-1.943984065125559,5.851032590030225,0.2023322601561327,2.261019386051472,2.429747226129962,415.0100062685839,-1.34,2437.378898163487,4.248460270697676,1.776977696859354,4.736862953800049,0.0,0.0,0.0,0.0,0.0,0.0,0.0,0.0,0.0,42.46456947923127,22.7567215435526,7.109797541277533,6.606881964512918,4.736862953800049,10.77244842892959,0.0,0.0,0.0,6.42082162292601,13.71667950579045,48.02802097092827,0.0,0.0,0.0,0.0,0.0,13.71667950579045,11.15768457672606,5.563451491696996,42.46456947923127,0.0,10.77244842892959,9.23,0.0,0.0,0.0,0.0,13.02770358743893,16.33589992062659,7.109797541277533,0.0,42.46456947923127,4.736862953800049,5.094672382842026,0.0,0.0,2.646438019652306,1.365694444444444,0.0,14.88229095804989,0.9839814814814816,0.785721844293273,1.741200869236584,0.2307692307692307,0.0,1.0,0.0,0.0,1.0,0.0,1.0,3.0,3.028700000000001,0.0,0.0,0.0,0.0,0.0,0.0,0.0,0.0,0.0,0.0,0.0,0.0,0.0,0.0,0.0,0.0,0.0,1.0,0.0,0.0,0.0,1.0,0.0,0.0,0.0,0.0,0.0,0.0,-3.656935930252075,-10.079421043396,-8.89165210723877,pca,False,train,In-Domain,
O=C(O)Nc1cccnc1,5.6595,10.02981859410431,0.4814814814814818,-1.075925925925926,0.6118620124541292,8.8,138.126,0.4086994739250519,-0.46479872012382,1.7,3.0,16.38473880507418,10.42023445609744,1.933188584712516,-1.955207961717936,2.003260387122472,-2.062824126742408,5.817969391955166,0.2094943904917745,1.881014057849052,2.674241602295127,222.4492424462252,-1.58,195.6254620163014,2.816686572772721,1.736993379776821,5.106527394840706,0.0,0.0,0.0,0.0,6.093240070938415,10.30076712495354,4.794537184071822,0.0,0.0,0.0,12.13273413692322,6.196843571613076,11.88422984629664,9.901064578912528,11.78062634562198,0.0,4.983978520947209,0.0,0.0,5.316788604006331,24.52642128014937,0.0,5.316788604006331,10.48192345875538,0.0,0.0,16.18374598672633,0.0,0.0,24.52642128014937,0.0,0.0,62.22,6.093240070938415,4.794537184071822,0.0,5.687386274683562,0.0,6.196843571613076,18.3295777085363,0.0,10.30076712495354,5.106527394840706,0.0,0.0,13.74171674225246,10.386910430839,0.4814814814814818,0.0,3.284120370370371,1.939104308390023,0.0,0.0,0.0,2.0,4.0,1.0,1.0,2.0,2.0,4.0,1.0,1.1715,0.0,0.0,0.0,0.0,0.0,1.0,1.0,0.0,1.0,1.0,0.0,0.0,0.0,0.0,1.0,0.0,0.0,0.0,0.0,0.0,0.0,0.0,0.0,0.0,0.0,0.0,0.0,0.0,-7.276691913604736,-6.822011947631836,-5.633517265319824,pca,False,train,In-Domain,
O=C(O)COc1ccccn1,5.271,10.01984552154195,0.3286111111111114,-1.004024943310657,0.68820855279938,9.090909090909092,153.137,0.3412906015297535,-0.4787223848064118,1.636363636363636,3.0,16.50809789726492,10.48316663485638,1.968837999340733,-1.983839887058574,2.013038049281351,-2.093375809381522,5.678723808110735,-0.1388904817965651,2.029238942059196,2.453018743531937,234.7008189726477,-1.58,349.0290980341817,3.554575099450682,2.661031035974003,9.843390348640757,0.0,6.606881964512918,5.879988336435371,0.0,5.969305287951849,0.0,9.77851570501903,0.0,0.0,6.06636706846161,6.06636706846161,12.26321064007469,0.0,14.63792753271258,5.969305287951849,0.0,4.983978520947209,0.0,0.0,6.606881964512918,24.39594477699791,5.879988336435371,4.736862953800049,0.0,5.879988336435371,0.0,22.66669316825268,4.794537184071822,0.0,24.39594477699791,0.0,0.0,59.42,5.969305287951849,4.794537184071822,6.606881964512918,5.879988336435371,0.0,6.196843571613076,18.19910120538483,0.0,4.983978520947209,9.843390348640757,4.756759259259259,0.0,13.78498441043084,8.222015306122449,0.0,-0.6754138321995453,5.056300547996977,1.538872826908541,-0.3501851851851854,0.0,0.1428571428571428,1.0,4.0,0.0,1.0,3.0,1.0,4.0,3.0,0.5449999999999999,1.0,0.0,0.0,0.0,1.0,1.0,1.0,0.0,1.0,0.0,0.0,0.0,0.0,0.0,0.0,0.0,0.0,1.0,0.0,0.0,0.0,0.0,0.0,0.0,0.0,0.0,0.0,0.0,-7.628066539764404,-7.045300483703613,-4.797932624816895,pca,False,train,In-Domain,
Sc1ccccn1,7.293,3.973271604938272,0.7662037037037039,0.7662037037037039,0.4987923162958087,8.714285714285714,111.169,0.0928813858662613,-0.250222508187532,1.428571428571429,2.571428571428572,32.11691984346158,10.51292218473675,1.740126811243734,-1.807677833752701,1.948878602365453,-1.669235020084747,7.79752690797899,1.143750176291621,1.685616163320438,3.021465309724086,138.0075042253047,-0.5,47.19725257297226,1.98,1.197777777777778,0.0,0.0,0.0,0.0,0.0,0.0,4.983978520947209,0.0,0.0,12.62878914801299,6.06636706846161,12.13273413692322,6.196843571613076,5.025959978669241,0.0,12.62878914801299,0.0,4.983978520947209,0.0,5.025959978669241,0.0,24.39594477699791,0.0,0.0,0.0,0.0,12.62878914801299,4.983978520947209,0.0,0.0,29.42190475566714,0.0,0.0,12.89,0.0,0.0,0.0,0.0,5.025959978669241,0.0,6.196843571613076,18.19910120538483,17.6127676689602,0.0,0.0,3.973271604938272,3.843364197530864,0.7662037037037039,0.0,0.0,5.595401234567902,1.710648148148148,0.0,0.0,0.0,0.0,1.0,0.0,1.0,2.0,1.0,2.0,0.0,1.3703,0.0,0.0,0.0,0.0,0.0,0.0,0.0,0.0,1.0,0.0,0.0,0.0,1.0,0.0,0.0,0.0,0.0,0.0,0.0,0.0,0.0,0.0,0.0,0.0,0.0,0.0,0.0,0.0,16.99428176879883,-7.029264450073242,5.097937107086182,pca,False,train,In-Domain,
CCCNCc1ccccc1,8.8985,3.351342592592593,0.9947222222222222,0.9947222222222222,0.6469476360396665,9.909090909090908,149.237,0.0204993253846495,-0.3126868907778583,1.181818181818182,2.545454545454545,14.83946605719939,10.20260559758186,1.869088003880053,-2.008433825525505,1.959956451287038,-2.12858843834767,5.135436420764377,0.6753371071450197,2.070366610359243,2.275801287367509,181.32408233692,-0.8200000000000001,414.0733220718486,4.91434544820325,3.190046349098497,5.316788604006331,0.0,0.0,0.0,0.0,0.0,0.0,0.0,0.0,0.0,37.25557254199867,18.52902952053558,6.544756405912575,0.0,0.0,0.0,0.0,5.316788604006331,0.0,19.88931522852921,6.544756405912575,35.89528683400505,0.0,5.316788604006331,0.0,0.0,0.0,6.544756405912575,6.544756405912575,18.90801031431363,30.33183534230805,0.0,0.0,12.03,0.0,0.0,0.0,0.0,13.08951281182515,11.984273114623,0.0,6.06636706846161,36.50599407754339,0.0,0.0,0.0,0.0,3.351342592592593,1.361990740740741,0.0,10.47277659674981,1.201223781179138,4.279332955404384,0.0,0.4,1.0,1.0,0.0,0.0,1.0,1.0,1.0,4.0,2.1862,0.0,0.0,0.0,0.0,0.0,0.0,0.0,0.0,0.0,1.0,0.0,0.0,0.0,0.0,0.0,0.0,0.0,0.0,0.0,0.0,0.0,0.0,0.0,0.0,0.0,0.0,0.0,0.0,7.049564361572266,-8.352495193481445,5.766133785247803,pca,False,train,In-Domain,
OCCc1ccccn1,5.435,8.47968820861678,0.1775925925925925,0.1775925925925925,0.6248561748403882,9.444444444444445,123.155,0.048604861794547,-0.3959710954927907,1.444444444444444,2.888888888888889,16.25000450000154,10.27625718951097,1.866385400954332,-1.918698443358879,1.914913512530965,-1.914977921866673,5.025552241580988,0.2979885104043535,1.910086008859914,2.61489994009295,161.8269363112177,-0.8900000000000001,145.1665366733534,3.198271052304978,1.816389947961151,5.106527394840706,0.0,0.0,0.0,0.0,0.0,4.983978520947209,0.0,0.0,0.0,6.06636706846161,12.13273413692322,24.91847515390047,0.0,5.106527394840706,0.0,0.0,4.983978520947209,0.0,6.42082162292601,6.606881964512918,30.08987277184637,0.0,0.0,0.0,0.0,0.0,16.69738788030083,6.42082162292601,5.693927994848461,24.39594477699791,0.0,0.0,33.12,0.0,0.0,6.606881964512918,6.42082162292601,5.693927994848461,0.0,6.196843571613076,18.19910120538483,4.983978520947209,5.106527394840706,0.0,0.0,4.008472222222222,8.47968820861678,0.9444444444444446,0.0,5.67568216175359,2.380787037037037,0.1775925925925925,0.0,0.2857142857142857,1.0,2.0,0.0,1.0,2.0,1.0,2.0,2.0,0.6164,0.0,1.0,0.0,0.0,0.0,0.0,0.0,0.0,1.0,0.0,0.0,0.0,0.0,0.0,0.0,0.0,0.0,0.0,0.0,0.0,0.0,0.0,0.0,0.0,0.0,0.0,0.0,0.0,3.673279762268066,-5.51894998550415,8.762626647949219,pca,False,train,In-Domain,
COCCCc1ccccc1,7.6655,4.963550878684807,0.856045918367347,0.856045918367347,0.5981236056698555,9.909090909090908,150.221,0.0464934771541621,-0.384678080135574,1.181818181818182,2.545454545454545,16.46136660735147,10.12061976182479,1.889650211998632,-1.984070407074372,2.010304731603151,-1.911315551177185,5.138975550756427,0.1949260412640504,2.070366610359243,2.275801287367509,181.32408233692,-0.8200000000000001,414.0733220718486,4.91434544820325,3.190046349098497,4.736862953800049,0.0,0.0,0.0,0.0,0.0,0.0,0.0,0.0,0.0,30.33183534230805,18.40509473754901,13.71667950579045,0.0,4.736862953800049,0.0,0.0,0.0,0.0,12.84164324585202,13.71667950579045,35.89528683400505,0.0,0.0,0.0,0.0,0.0,13.71667950579045,11.15768457672606,11.984273114623,30.33183534230805,0.0,0.0,9.23,0.0,0.0,0.0,0.0,19.44852521036493,5.563451491696996,7.109797541277533,6.06636706846161,24.26546827384644,4.736862953800049,4.963550878684807,0.0,0.0,0.0,1.393101851851852,0.0,10.48156061035525,2.231342592592592,0.856045918367347,1.741064814814815,0.4,0.0,1.0,0.0,0.0,1.0,0.0,1.0,4.0,2.2656,0.0,0.0,0.0,0.0,0.0,0.0,0.0,0.0,0.0,0.0,0.0,0.0,0.0,0.0,0.0,1.0,0.0,1.0,0.0,0.0,0.0,1.0,0.0,0.0,0.0,0.0,0.0,0.0,3.529129028320312,-5.578528881072998,9.012367248535156,pca,False,train,In-Domain,
OCCCc1ccccc1,4.3355,8.527570861678004,0.2866014739229026,0.2866014739229026,0.6689565380917977,9.7,136.194,0.043369666751927,-0.3963644531513796,1.1,2.4,16.24992831599057,10.12133594991604,1.874861478069369,-1.956021764606273,2.002715049656905,-1.871955949596773,5.138774119312274,0.2883694193221458,2.029573889867405,2.426522346587954,169.3429573570552,-0.8200000000000001,251.6671623435582,4.069177515912012,2.193904845414601,5.106527394840706,0.0,0.0,0.0,0.0,0.0,0.0,0.0,0.0,0.0,30.33183534230805,18.40509473754901,6.606881964512918,0.0,5.106527394840706,0.0,0.0,0.0,0.0,12.84164324585202,6.606881964512918,35.89528683400505,0.0,0.0,0.0,0.0,0.0,11.71340935935362,6.42082162292601,11.984273114623,30.33183534230805,0.0,0.0,20.23,0.0,0.0,6.606881964512918,0.0,12.84164324585202,5.563451491696996,0.0,18.19910120538483,12.13273413692322,5.106527394840706,0.0,0.0,0.0,8.527570861678004,1.302361111111111,0.0,10.20156840513984,1.848564814814815,0.2866014739229026,0.0,0.3333333333333333,1.0,1.0,0.0,0.0,1.0,1.0,1.0,3.0,1.6115,0.0,1.0,0.0,0.0,0.0,0.0,0.0,0.0,0.0,0.0,0.0,0.0,0.0,0.0,0.0,1.0,0.0,0.0,0.0,0.0,0.0,0.0,0.0,0.0,0.0,0.0,0.0,0.0,14.54828643798828,-7.188618183135986,3.185397386550903,pca,False,train,In-Domain,
NCNCc1cccnc1,5.560499999999999,5.244835600907029,0.5088236961451248,0.5088236961451248,0.5802815710284265,9.7,137.186,0.0430918549112692,-0.3184922351184976,1.6,3.1,14.94556308087211,10.27729579478709,1.863301366603481,-1.982221638108389,1.921120555294799,-2.209135353417255,5.070206866653594,0.7067772429101389,2.029573889867405,2.426522346587954,173.4659104134693,-0.93,251.6671623435582,3.977895969524155,2.125697952342366,11.05045608116852,0.0,0.0,0.0,0.0,0.0,4.983978520947209,0.0,0.0,0.0,6.06636706846161,11.62981856015861,25.60713473803787,0.0,0.0,0.0,0.0,10.30076712495354,5.733667477162185,6.544756405912575,6.668691188899143,30.08987277184637,0.0,11.05045608116852,0.0,0.0,0.0,11.65266970984635,6.544756405912575,5.563451491696996,24.52642128014937,0.0,0.0,50.94,0.0,0.0,0.0,6.668691188899143,12.10820789760957,0.0,6.196843571613076,18.3295777085363,10.30076712495354,5.733667477162185,0.0,0.0,3.95676776266062,3.002314814814815,6.404974489795919,0.0,3.919831821617536,3.577981859410431,1.304795918367347,0.0,0.2857142857142857,3.0,3.0,0.0,1.0,3.0,2.0,3.0,3.0,0.0873999999999992,0.0,0.0,0.0,0.0,0.0,0.0,0.0,0.0,1.0,1.0,0.0,0.0,0.0,0.0,0.0,0.0,0.0,0.0,0.0,0.0,0.0,0.0,0.0,0.0,0.0,0.0,0.0,0.0,4.683380126953125,-8.481045722961426,3.746767044067383,pca,False,train,In-Domain,
CCCOc1ccccn1,5.476,5.244027777777778,0.7123611111111112,0.7123611111111112,0.6340860372366947,9.3,137.182,0.2126443371485758,-0.4776745324845596,1.5,3.0,16.48384205729817,10.46920571365708,1.876335995226704,-1.997344967630564,2.020154656405714,-1.952839239686167,5.08296532317764,0.3050836930013879,2.029573889867405,2.426522346587954,173.872282370036,-1.05,251.6671623435582,3.878739173253201,2.052062092116511,4.736862953800049,0.0,0.0,5.879988336435371,0.0,0.0,0.0,4.983978520947209,0.0,0.0,12.99010426815223,12.48718869138762,12.26321064007469,6.606881964512918,4.736862953800049,0.0,0.0,4.983978520947209,0.0,13.34455882261663,6.606881964512918,24.39594477699791,5.879988336435371,4.736862953800049,0.0,5.879988336435371,0.0,11.59086048546013,0.0,13.34455882261663,24.39594477699791,0.0,0.0,22.12,0.0,0.0,0.0,5.879988336435371,13.02770358743893,0.0,6.196843571613076,18.19910120538483,11.90771572063783,4.736862953800049,5.244027777777778,0.0,3.994027777777778,0.0,0.0,0.7123611111111112,5.645296674225246,2.751555177626606,2.819398148148148,0.0,0.375,0.0,2.0,0.0,1.0,2.0,0.0,2.0,3.0,1.8704,0.0,0.0,0.0,0.0,0.0,0.0,0.0,0.0,1.0,0.0,0.0,0.0,0.0,0.0,0.0,0.0,0.0,1.0,0.0,0.0,0.0,0.0,0.0,0.0,0.0,0.0,0.0,0.0,1.232159972190857,-5.59888744354248,6.750524520874023,pca,False,train,In-Domain,
N#CCCCc1ccccn1,4.424,8.273860229276895,0.6216014739229025,0.6216014739229025,0.6107312004962505,9.0,146.193,0.0621376109875776,-0.2613159628177891,1.454545454545455,3.0,14.65233914820764,10.17013584164806,1.903795577638277,-1.940855798030863,1.990279122220624,-1.868451889311896,5.029554907740995,0.8244756167359698,2.070366610359243,2.346264661018707,235.4896877218761,-1.36,414.0733220718486,4.454687093674036,2.811537889254969,0.0,0.0,0.0,0.0,0.0,0.0,4.983978520947209,0.0,5.261891554738487,0.0,6.06636706846161,24.97437738277524,18.31159318938755,6.069221312792274,0.0,0.0,5.261891554738487,4.983978520947209,0.0,19.26246486877803,0.0,30.08987277184637,6.069221312792274,0.0,0.0,0.0,0.0,4.983978520947209,6.42082162292601,18.53557124070048,24.39594477699791,0.0,0.0,36.68,0.0,0.0,0.0,6.42082162292601,18.53557124070048,0.0,6.196843571613076,18.19910120538483,11.05319983373948,5.261891554738487,0.0,0.0,4.141136621315193,8.273860229276895,1.071990740740741,0.0,7.957263164525069,4.222415910808768,0.0,0.0,0.3333333333333333,0.0,2.0,0.0,1.0,2.0,0.0,2.0,3.0,1.92788,0.0,0.0,0.0,0.0,0.0,0.0,0.0,0.0,2.0,0.0,0.0,0.0,0.0,0.0,0.0,1.0,0.0,0.0,0.0,0.0,0.0,0.0,0.0,0.0,0.0,0.0,1.0,0.0,1.111608743667603,-5.684024333953857,7.048997402191162,pca,False,train,In-Domain,
N#COC(=O)c1cccnc1,6.810499999999999,10.7599537037037,0.2722685185185189,-0.6800000000000004,0.4344624652224848,8.272727272727273,148.121,0.3545284065252397,-0.3467842197256057,1.727272727272727,3.090909090909091,16.52853014191957,10.28553445993504,2.040358599946958,-1.914454062250325,1.965038601952758,-1.996941094661502,5.889423029331484,0.0684517675018016,2.066172828612932,2.792418480761213,289.0589253080553,-1.89,380.1758004647795,3.321482264338044,1.761561829988695,4.736862953800049,0.0,0.0,0.0,6.255281654379183,5.969305287951849,4.983978520947209,4.794537184071822,0.0,5.261891554738487,0.0,12.13273413692322,12.39368714322615,5.563451491696996,9.53140013787187,5.969305287951849,5.261891554738487,4.983978520947209,0.0,0.0,0.0,30.08987277184637,6.255281654379183,0.0,0.0,0.0,0.0,10.95328380889906,4.736862953800049,10.35798867576882,24.52642128014937,0.0,0.0,62.98,5.969305287951849,4.794537184071822,5.563451491696996,0.0,0.0,24.71533586606695,6.06636706846161,0.0,9.720841474747257,5.261891554738487,4.054537037037037,0.0,14.43771069538927,7.984523809523809,0.2722685185185189,-0.6800000000000004,3.111746976568405,4.152546296296296,0.0,0.0,0.0,0.0,4.0,0.0,1.0,4.0,0.0,4.0,1.0,0.7194799999999999,0.0,0.0,0.0,0.0,0.0,0.0,1.0,1.0,2.0,0.0,0.0,0.0,0.0,0.0,0.0,0.0,1.0,1.0,0.0,0.0,0.0,0.0,0.0,0.0,0.0,0.0,0.0,0.0,12.31811428070068,-2.468256950378418,2.604514360427856,pca,False,train,In-Domain,
NC(=O)Nc1cccc2ccccc12,9.123,10.72350670823885,0.5404138321995455,-0.5404138321995455,0.7051272061123826,10.0,186.214,0.3161389774447512,-0.3513698918726464,1.071428571428571,2.571428571428572,16.15821064775153,10.09829292289072,2.000786693478825,-2.050486132435188,2.218607094776718,-2.188007200991578,6.004854690616772,0.2591057347551426,2.175248503006303,2.58753091711869,474.1761553969986,-2.03,1975.125640729724,3.376764628737256,1.520400675939866,11.05045608116852,0.0,0.0,0.0,0.0,6.031114512338072,0.0,4.794537184071822,0.0,0.0,36.39820241076966,11.45259128292641,5.386224214464796,5.687386274683562,4.794537184071822,22.49094921595123,0.0,0.0,5.733667477162185,0.0,5.316788604006331,42.46456947923127,0.0,11.05045608116852,10.48192345875538,0.0,0.0,6.031114512338072,0.0,0.0,42.46456947923127,0.0,10.77244842892959,55.12,6.031114512338072,4.794537184071822,0.0,0.0,16.45983470361315,0.0,0.0,42.46456947923127,5.316788604006331,5.733667477162185,0.0,0.0,10.72350670823885,4.663055555555555,5.811384164777022,0.0,12.96872023809524,0.0,0.0,0.0,0.0,3.0,3.0,2.0,0.0,1.0,2.0,3.0,1.0,2.3304,0.0,0.0,0.0,0.0,0.0,0.0,1.0,1.0,0.0,1.0,0.0,0.0,0.0,0.0,1.0,0.0,0.0,0.0,0.0,0.0,0.0,0.0,0.0,1.0,0.0,0.0,0.0,1.0,2.285790681838989,-3.883901357650757,3.028438568115234,pca,False,train,In-Domain,
N#Cc1cccnc1,6.1275,8.247592592592593,0.6041666666666667,0.6041666666666667,0.4910355135676337,7.875,104.112,0.1007409579091147,-0.2633548696843816,1.625,2.875,14.60771120625336,10.31663722111229,1.803128959929876,-1.790672907571836,1.88730409502881,-1.715246538727593,5.230672355962829,1.302305905244767,1.903491193316404,3.049388908161901,197.5185620370296,-1.36,91.36757727918736,2.080311394972726,0.8235562414266121,0.0,6.069221312792274,0.0,0.0,0.0,0.0,4.983978520947209,0.0,5.261891554738487,0.0,0.0,12.13273413692322,12.39368714322615,5.563451491696996,0.0,0.0,5.261891554738487,4.983978520947209,0.0,0.0,0.0,30.08987277184637,6.069221312792274,0.0,0.0,0.0,0.0,4.983978520947209,0.0,5.563451491696996,24.52642128014937,0.0,0.0,36.68,0.0,0.0,0.0,5.563451491696996,0.0,6.196843571613076,18.3295777085363,6.069221312792274,4.983978520947209,5.261891554738487,0.0,0.0,3.733009259259259,8.247592592592593,0.6041666666666667,0.0,5.414398148148148,3.1675,0.0,0.0,0.0,0.0,2.0,0.0,1.0,2.0,0.0,2.0,0.0,0.95328,0.0,0.0,0.0,0.0,0.0,0.0,0.0,0.0,2.0,0.0,0.0,0.0,0.0,0.0,0.0,0.0,0.0,0.0,0.0,0.0,0.0,0.0,0.0,0.0,0.0,0.0,0.0,0.0,-1.047717571258545,-1.353227972984314,6.025265216827393,pca,False,train,In-Domain,
OCc1ccccn1,4.021,8.475092592592592,0.0286111111111109,0.0286111111111109,0.571659552744487,9.125,109.128,0.0852464584960229,-0.3900639673957677,1.5,2.75,16.25092598423108,10.37017097410752,1.82426176222802,-1.878424477595289,1.892056733098547,-1.837667429146049,5.008073815288905,0.27663222286001,1.903491193316404,2.832085835007091,149.8745239004113,-0.8900000000000001,91.36757727918736,2.425723536271458,1.040082501828487,5.106527394840706,0.0,0.0,0.0,0.0,0.0,4.983978520947209,0.0,0.0,0.0,6.06636706846161,12.13273413692322,6.196843571613076,12.30080995936138,5.106527394840706,0.0,0.0,4.983978520947209,0.0,6.606881964512918,0.0,30.08987277184637,0.0,0.0,0.0,0.0,0.0,10.09050591578792,6.606881964512918,5.693927994848461,24.39594477699791,0.0,0.0,33.12,0.0,0.0,6.606881964512918,5.693927994848461,0.0,0.0,12.26321064007469,12.13273413692322,4.983978520947209,5.106527394840706,0.0,0.0,3.847222222222222,8.475092592592592,0.7152777777777779,0.0,5.442175925925926,1.658287037037037,0.0286111111111109,0.0,0.1666666666666666,1.0,2.0,0.0,1.0,2.0,1.0,2.0,1.0,0.5739,0.0,1.0,0.0,0.0,0.0,0.0,0.0,0.0,1.0,0.0,0.0,0.0,0.0,0.0,0.0,0.0,0.0,0.0,0.0,0.0,0.0,0.0,0.0,0.0,0.0,0.0,0.0,0.0,-1.230671644210815,-1.620060086250305,6.38809871673584,pca,False,train,In-Domain,
NCOC(=O)c1ccccc1,6.8185,10.9424537037037,0.075667044595616,-0.3813888888888888,0.5011430511561419,9.181818181818182,151.165,0.3389251696621065,-0.4463758157322317,1.363636363636364,2.545454545454545,16.53970569525572,10.21298790481809,2.021021206110605,-1.985998602308172,1.988902633996323,-2.112419978605405,5.886928852634194,0.0515173234451895,2.066172828612932,2.6930079504145,233.1071909292144,-1.35,380.1758004647795,3.729813590230065,2.053024326101249,4.736862953800049,6.730816747499484,0.0,0.0,0.0,5.969305287951849,5.733667477162185,4.794537184071822,0.0,0.0,18.19910120538483,12.13273413692322,0.0,5.563451491696996,9.53140013787187,5.969305287951849,0.0,0.0,5.733667477162185,0.0,6.730816747499484,35.89528683400505,0.0,5.733667477162185,0.0,0.0,0.0,12.70012203545133,4.736862953800049,10.35798867576882,30.33183534230805,0.0,0.0,52.32,0.0,4.794537184071822,12.70012203545133,5.563451491696996,0.0,0.0,24.26546827384644,6.06636706846161,4.736862953800049,5.733667477162185,4.566759259259259,0.0,10.9424537037037,0.0,5.549595616024188,-0.3813888888888888,8.731580687830688,0.0,-0.075667044595616,0.0,0.125,2.0,3.0,0.0,0.0,3.0,1.0,3.0,2.0,0.7595999999999998,0.0,0.0,0.0,0.0,0.0,0.0,1.0,1.0,0.0,0.0,0.0,0.0,0.0,0.0,0.0,0.0,1.0,1.0,0.0,0.0,0.0,0.0,0.0,0.0,0.0,0.0,0.0,0.0,12.22236633300781,-7.256074905395508,1.269995331764221,pca,False,train,In-Domain,
O=C(O)CCc1cccc2ccccc12,4.198,10.50870449105568,0.1884996220710506,-0.747283163265305,0.826704382154559,10.4,200.237,0.3031781488856834,-0.4812219322992114,1.066666666666667,2.6,16.36513151215345,10.01043148754329,2.021584887923869,-2.03863553581008,2.189544154296824,-1.97279485503587,5.855413253987669,-0.1364634660598476,2.25934343853336,2.377634119750364,483.3648644740234,-1.83,3375.459097168839,4.131927557539832,2.154662152944021,5.106527394840706,0.0,0.0,0.0,0.0,5.969305287951849,4.794537184071822,0.0,0.0,0.0,42.46456947923127,22.7567215435526,6.42082162292601,0.0,9.901064578912528,16.74175371688144,0.0,0.0,0.0,12.84164324585202,0.0,48.02802097092827,0.0,0.0,0.0,0.0,0.0,11.07583268279256,11.21535880699783,11.984273114623,42.46456947923127,0.0,10.77244842892959,37.3,5.969305287951849,4.794537184071822,6.42082162292601,6.42082162292601,10.94967570616179,5.386224214464796,0.0,42.46456947923127,0.0,5.106527394840706,0.0,0.0,10.50870449105568,10.96783226253464,1.106944444444445,-0.747283163265305,14.04803382464097,0.7824348072562357,0.0,0.0,0.1538461538461538,1.0,2.0,0.0,0.0,1.0,1.0,2.0,3.0,2.857000000000001,1.0,0.0,0.0,0.0,1.0,1.0,1.0,0.0,0.0,0.0,0.0,0.0,0.0,0.0,0.0,1.0,0.0,0.0,0.0,0.0,0.0,0.0,0.0,0.0,0.0,0.0,0.0,0.0,2.318737030029297,-8.556303977966309,1.622587442398071,pca,False,train,In-Domain,
N#CSc1cccnc1,7.032500000000001,8.204873393801964,0.8888888888888891,0.8888888888888891,0.4348326297603294,8.333333333333334,136.179,0.1381346120759884,-0.2635289532852962,1.666666666666667,3.111111111111111,32.16645514769061,10.50761265317067,1.861337540174025,-1.857243319886638,2.120372234153048,-1.685504830406784,8.033100943724232,1.241329493961317,1.910086008859914,2.756899621214729,214.2495115060054,-1.01,145.1665366733534,3.103211936139648,1.744003252501752,0.0,5.401253296613055,0.0,0.0,0.0,0.0,4.983978520947209,0.0,5.261891554738487,0.0,0.0,23.89461908631434,17.28917061874393,0.0,0.0,11.76188494939112,5.261891554738487,4.983978520947209,0.0,4.895483475517775,0.0,24.52642128014937,5.401253296613055,0.0,0.0,0.0,11.76188494939112,4.983978520947209,0.0,0.0,29.42190475566714,0.0,0.0,36.68,0.0,0.0,0.0,0.0,16.65736842490889,0.0,18.46005421168776,11.46762036507467,4.983978520947209,5.261891554738487,0.0,1.118333333333333,4.720231481481481,10.16552154195011,0.0,0.0,3.653333333333333,3.342580309901739,0.0,0.0,0.0,0.0,2.0,0.0,1.0,3.0,0.0,3.0,1.0,1.65478,0.0,0.0,0.0,0.0,0.0,0.0,0.0,0.0,2.0,0.0,0.0,0.0,0.0,0.0,0.0,0.0,0.0,0.0,0.0,0.0,0.0,0.0,0.0,0.0,1.0,1.0,0.0,0.0,-1.194403171539307,-5.644678592681885,4.69063663482666,pca,False,train,In-Domain,
O=C(O)OCCc1ccccn1,6.381,9.946883345930964,0.1590740740740739,-1.244508219954648,0.6894532409042674,9.333333333333334,167.164,0.5052685103503478,-0.449717333951989,1.583333333333333,3.0,16.65419629458573,10.27380957416892,1.965534327645489,-1.983255675914413,1.941058438651147,-2.044117814831226,5.56200860769161,0.0924994319011152,2.054764686586734,2.290572056240154,247.739702440664,-1.58,567.1150534979386,4.329441682808623,3.005223044230256,9.843390348640757,6.606881964512918,0.0,0.0,0.0,6.155365629538759,4.983978520947209,4.794537184071822,0.0,0.0,6.06636706846161,12.13273413692322,18.31159318938755,0.0,14.63792753271258,6.155365629538759,0.0,4.983978520947209,0.0,6.42082162292601,6.606881964512918,30.08987277184637,0.0,0.0,4.794537184071822,0.0,0.0,22.85275350983959,11.15768457672606,5.693927994848461,24.39594477699791,0.0,0.0,59.42,6.155365629538759,4.794537184071822,6.606881964512918,6.42082162292601,5.693927994848461,0.0,6.196843571613076,18.19910120538483,9.720841474747257,5.106527394840706,4.322417800453515,0.0,13.94953546233308,8.148860229276895,0.8321759259259263,0.0,5.482007747543462,0.93926209372638,0.1590740740740739,0.0,0.25,1.0,4.0,0.0,1.0,3.0,1.0,4.0,3.0,1.3187,0.0,0.0,0.0,0.0,0.0,1.0,1.0,0.0,1.0,0.0,0.0,0.0,0.0,0.0,0.0,0.0,0.0,1.0,0.0,0.0,0.0,0.0,0.0,0.0,0.0,0.0,0.0,0.0,-1.312202453613281,-5.72862720489502,4.994992733001709,pca,False,train,In-Domain,
CCCNC(=O)c1ccccn1,10.138,11.2299537037037,0.0995833333333329,-0.0995833333333329,0.7294448718062975,9.416666666666666,164.208,0.2693724054842803,-0.3507130239362808,1.583333333333333,3.0,16.14961539566613,10.31265939723708,2.022525067078548,-2.002613381869737,1.915716973315061,-2.241670834350484,5.91548029955376,0.0948478292727688,2.154522458102369,2.539556056342092,245.9652649298467,-1.38,646.3567374307108,4.48818648737571,2.341652590664363,5.316788604006331,5.693927994848461,0.0,0.0,5.907179729351506,0.0,9.77851570501903,0.0,0.0,0.0,12.99010426815223,18.55355575984923,12.74159997752565,0.0,4.794537184071822,5.907179729351506,0.0,10.30076712495354,0.0,13.34455882261663,6.544756405912575,30.08987277184637,0.0,5.316788604006331,0.0,0.0,0.0,17.43591465621129,0.0,23.83302400153692,24.39594477699791,0.0,0.0,41.99,0.0,4.794537184071822,5.907179729351506,12.23868440076104,6.42082162292601,0.0,24.39594477699791,6.923737199690624,10.30076712495354,0.0,0.0,0.0,15.14948223733938,2.747175925925926,0.4777314814814817,-0.0995833333333329,5.287155848450492,2.554992677626606,2.716378495842782,0.0,0.3333333333333333,1.0,3.0,1.0,1.0,2.0,1.0,3.0,3.0,1.2214,0.0,0.0,0.0,0.0,0.0,0.0,1.0,1.0,1.0,1.0,0.0,0.0,0.0,0.0,0.0,0.0,0.0,0.0,0.0,0.0,0.0,0.0,0.0,0.0,0.0,0.0,0.0,0.0,13.13509654998779,3.676389455795288,1.198798894882202,pca,False,train,In-Domain,
NCCNc1cccnc1,9.1125,5.293446712018141,0.6477125850340136,0.6477125850340136,0.6356806962733629,9.3,137.186,0.0526657172675592,-0.38253260017097,1.6,3.1,14.89281532631269,10.40096481304765,1.847933925250865,-2.006513867191712,1.996098960053558,-2.124026682758256,5.388305335215142,1.021431429866298,2.029573889867405,2.426522346587954,173.4659104134693,-1.09,251.6671623435582,3.84578737395388,2.027699097944099,11.05045608116852,0.0,0.0,0.0,0.0,0.0,4.983978520947209,0.0,0.0,0.0,0.0,12.13273413692322,25.4831999550513,5.687386274683562,0.0,5.687386274683562,0.0,4.983978520947209,5.733667477162185,0.0,18.40630141583148,24.52642128014937,0.0,11.05045608116852,5.687386274683562,0.0,0.0,18.07349133277236,0.0,0.0,24.52642128014937,0.0,0.0,50.94,0.0,0.0,0.0,6.544756405912575,12.23214268059614,0.0,12.39368714322615,12.13273413692322,10.30076712495354,5.733667477162185,0.0,0.0,3.93426776266062,3.106805555555556,6.314696712018141,0.0,3.848720710506425,3.517148526077098,1.445027399848828,0.0,0.2857142857142857,3.0,3.0,0.0,1.0,3.0,2.0,3.0,3.0,0.4521999999999995,0.0,0.0,0.0,0.0,0.0,0.0,0.0,0.0,1.0,1.0,0.0,0.0,0.0,0.0,1.0,0.0,0.0,0.0,0.0,0.0,0.0,0.0,0.0,0.0,0.0,0.0,0.0,0.0,2.898597955703735,2.266724824905396,1.461621165275574,pca,False,train,In-Domain,
CCCSc1ccccn1,10.582,4.179212962962963,1.129027777777778,1.129027777777778,0.6189430077747092,9.7,153.25,0.0959285586234746,-0.2499625602340963,1.5,3.0,32.16654393826647,10.51180582853198,1.888635131428285,-1.945582090180244,2.133760163374033,-1.780374385730409,7.987681330448215,1.081550966769761,2.029573889867405,2.426522346587954,173.872282370036,-0.5,251.6671623435582,4.336734693877551,2.396030245746692,0.0,0.0,0.0,0.0,0.0,0.0,0.0,4.983978520947209,0.0,11.76188494939112,12.99010426815223,24.30640936659601,6.196843571613076,5.025959978669241,0.0,11.76188494939112,0.0,4.983978520947209,0.0,18.37051880128588,5.752853606746789,24.39594477699791,0.0,0.0,0.0,0.0,11.76188494939112,10.736832127694,0.0,13.34455882261663,29.42190475566714,0.0,0.0,12.89,0.0,0.0,0.0,0.0,10.77881358541603,6.42082162292601,0.0,36.15782972638903,11.90771572063783,0.0,0.0,1.809305555555556,4.179212962962963,1.129027777777778,0.0,1.163703703703704,6.001315192743764,3.040907029478458,2.176527777777778,0.0,0.375,0.0,1.0,0.0,1.0,2.0,0.0,2.0,3.0,2.5837,0.0,0.0,0.0,0.0,0.0,0.0,0.0,0.0,1.0,0.0,0.0,0.0,0.0,0.0,0.0,0.0,0.0,0.0,0.0,0.0,0.0,0.0,0.0,0.0,1.0,0.0,0.0,0.0,-0.7838847637176514,4.823760986328125,4.025425434112549,pca,False,train,In-Domain,
CCCNc1cccnc1,9.1945,3.975084089191232,1.019537037037037,1.019537037037037,0.6861030503904431,9.3,136.198,0.0526208751669124,-0.383812734829035,1.6,3.1,14.87235995331816,10.37703490010916,1.847233543560961,-2.006346336101311,2.006979005641172,-1.984235500668505,5.387201200826903,0.9774040229788532,2.029573889867405,2.426522346587954,171.872282370036,-1.05,251.6671623435582,3.878739173253201,2.052062092116511,5.316788604006331,0.0,0.0,0.0,0.0,0.0,4.983978520947209,0.0,0.0,0.0,6.923737199690624,18.55355575984923,18.93844354913873,5.687386274683562,0.0,5.687386274683562,0.0,4.983978520947209,0.0,13.34455882261663,11.86154500991891,24.52642128014937,0.0,5.316788604006331,5.687386274683562,0.0,0.0,11.52873492685978,0.0,13.34455882261663,24.52642128014937,0.0,0.0,24.92,0.0,0.0,0.0,0.0,18.65296430352215,0.0,6.196843571613076,18.3295777085363,17.22450432464416,0.0,0.0,0.0,3.975084089191232,3.231805555555556,1.101250000000001,0.0,3.945092592592593,4.751666666666667,3.16176776266062,0.0,0.375,1.0,2.0,0.0,1.0,2.0,1.0,2.0,3.0,1.9035,0.0,0.0,0.0,0.0,0.0,0.0,0.0,0.0,1.0,1.0,0.0,0.0,0.0,0.0,1.0,0.0,0.0,0.0,0.0,0.0,0.0,0.0,0.0,0.0,0.0,0.0,0.0,0.0,-0.9244775176048279,4.814660549163818,4.535112380981445,pca,False,train,In-Domain,
CNNc1ccccc1,9.0795,2.9575,1.083333333333334,1.083333333333334,0.576421865895772,9.0,122.171,0.0486953833735965,-0.3217696121582625,1.111111111111111,2.333333333333333,15.33218016792612,10.31962867039459,1.805435982873264,-2.002149480185244,2.009203724218839,-2.138605403179985,5.404452295285818,0.9842774668144988,1.910086008859914,2.61489994009295,159.8269363112177,-1.02,145.1665366733534,3.095316888309086,1.738013020028032,5.425791397110385,0.0,0.0,0.0,0.0,0.0,0.0,5.425791397110385,0.0,0.0,18.19910120538483,12.13273413692322,12.73505825736075,0.0,0.0,5.687386274683562,0.0,5.425791397110385,0.0,0.0,12.47346337978757,30.33183534230805,0.0,10.85158279422077,5.687386274683562,0.0,0.0,7.04767198267719,0.0,0.0,30.33183534230805,0.0,0.0,24.06,0.0,0.0,0.0,0.0,5.687386274683562,0.0,0.0,37.37950732498524,10.85158279422077,0.0,0.0,0.0,0.0,0.0,6.874814814814815,0.0,9.951574074074074,0.0,0.0,1.840277777777778,0.1428571428571428,2.0,2.0,0.0,0.0,2.0,2.0,2.0,2.0,1.2329,0.0,0.0,0.0,0.0,0.0,0.0,0.0,0.0,0.0,2.0,0.0,0.0,0.0,0.0,1.0,0.0,0.0,0.0,0.0,1.0,0.0,0.0,1.0,0.0,0.0,0.0,0.0,0.0,13.00175857543945,-3.63801646232605,3.428009510040283,pca,False,train,In-Domain,
NCc1cccc2ccccc12,4.958,5.615908919123205,0.6124537037037037,0.6124537037037037,0.6749466318356918,10.41666666666667,157.216,0.0183806994749323,-0.3264778810587078,0.9166666666666666,2.5,14.51908102421743,10.05196696822516,1.952065845756536,-2.01656843325382,2.167864287712321,-1.958338871354566,5.850241560407113,1.086558214904058,2.16854290746428,2.790967029739265,387.6311749791205,-1.34,902.1138495051404,2.954128584919971,1.083074988340755,5.733667477162185,0.0,0.0,0.0,0.0,0.0,0.0,0.0,0.0,0.0,42.46456947923127,16.33589992062659,6.544756405912575,0.0,0.0,10.77244842892959,0.0,0.0,5.733667477162185,6.544756405912575,0.0,48.02802097092827,0.0,5.733667477162185,0.0,0.0,0.0,0.0,6.544756405912575,5.563451491696996,42.46456947923127,0.0,10.77244842892959,26.02,0.0,0.0,0.0,6.544756405912575,0.0,16.33589992062659,0.0,18.19910120538483,24.26546827384644,5.733667477162185,0.0,0.0,0.0,2.53050925925926,6.831742252456539,0.0,14.5252947845805,0.0,0.6124537037037037,0.0,0.0909090909090909,2.0,1.0,0.0,0.0,1.0,1.0,1.0,1.0,2.298500000000001,0.0,0.0,0.0,0.0,0.0,0.0,0.0,0.0,0.0,0.0,0.0,0.0,0.0,0.0,0.0,0.0,0.0,0.0,0.0,0.0,0.0,0.0,0.0,0.0,0.0,0.0,0.0,0.0,2.917277574539185,-4.857590198516846,4.052164554595947,pca,False,train,In-Domain,
NCCCCc1ccccc1,5.9305,5.392666603678508,0.8123348922902495,0.8123348922902495,0.6506434572096627,9.909090909090908,149.237,-0.0077161934110406,-0.3304733104726263,1.0,2.363636363636364,14.50917375031987,10.0937851246576,1.88861309043374,-1.977430507557645,2.025642648468132,-1.982344603289157,5.138943663223265,0.7446672132939729,2.070366610359243,2.275801287367509,181.32408233692,-0.8200000000000001,414.0733220718486,4.91434544820325,3.190046349098497,5.733667477162185,0.0,0.0,0.0,0.0,0.0,0.0,0.0,0.0,0.0,30.33183534230805,31.3706727663876,0.0,0.0,0.0,0.0,0.0,0.0,5.733667477162185,19.26246486877803,6.544756405912575,35.89528683400505,0.0,5.733667477162185,0.0,0.0,0.0,6.544756405912575,6.42082162292601,18.40509473754901,30.33183534230805,0.0,0.0,26.02,0.0,0.0,0.0,0.0,19.3863996517646,11.984273114623,0.0,6.06636706846161,24.26546827384644,5.733667477162185,0.0,0.0,0.0,0.0,6.810212899974805,0.0,10.53673036344167,3.507388510959939,0.8123348922902495,0.0,0.4,2.0,1.0,0.0,0.0,1.0,1.0,1.0,4.0,1.968,0.0,0.0,0.0,0.0,0.0,0.0,0.0,0.0,0.0,0.0,0.0,0.0,0.0,0.0,0.0,1.0,0.0,0.0,0.0,0.0,0.0,0.0,0.0,0.0,0.0,0.0,1.0,0.0,-0.5928133130073547,-2.612891674041748,6.877369403839111,pca,False,train,In-Domain,
FC(F)(F)CCc1ccccc1,7.361499999999999,11.74128684807256,0.0737499999999997,-4.045792233560091,0.6454890176519318,11.58333333333333,174.165,0.3889406015933585,-0.1711655768098882,1.0,2.083333333333333,19.41311000607828,10.1131278349232,2.256066266051142,-2.044866429573239,2.211700362948178,-2.077715573553337,5.14123706609185,-0.1334944671307117,2.017875084784782,2.441997238538309,225.2790056133868,-0.99,443.9325186526521,3.606801776830104,3.415350109092455,0.0,0.0,0.0,0.0,0.0,6.176298517443475,0.0,0.0,13.17124514302446,0.0,30.33183534230805,11.984273114623,6.42082162292601,0.0,13.17124514302446,0.0,0.0,0.0,0.0,19.01794176329549,0.0,35.89528683400505,0.0,0.0,13.17124514302446,0.0,0.0,6.176298517443475,6.42082162292601,11.984273114623,30.33183534230805,0.0,0.0,0.0,12.59712014036948,13.17124514302446,6.42082162292601,0.0,5.563451491696996,0.0,30.33183534230805,0.0,0.0,0.0,35.22386054421769,0.0,0.0,0.0,0.7313194444444446,0.0,8.672602985638699,-4.711116307634165,0.0,0.0,0.3333333333333333,0.0,0.0,0.0,0.0,0.0,0.0,3.0,2.0,3.181500000000001,0.0,0.0,0.0,0.0,0.0,0.0,0.0,0.0,0.0,0.0,0.0,0.0,0.0,3.0,0.0,1.0,0.0,0.0,3.0,0.0,0.0,0.0,0.0,0.0,0.0,0.0,0.0,0.0,-0.7519365549087524,-2.690144777297974,7.296832084655762,pca,False,train,In-Domain,
COC(=O)c1cccc2ccccc12,10.438,11.40518896447468,0.29,-0.29,0.639758011089733,10.07142857142857,186.21,0.3379789373779334,-0.4654015599961837,1.071428571428571,2.571428571428572,16.52329759742923,10.05099608803681,2.076944351092695,-2.029336987429309,2.18213372787788,-2.009055195312284,6.038354795024691,0.0602782307293455,2.271051244095885,2.707627967901443,469.2103531933549,-1.83,2275.593346584077,3.499332613254201,1.349873877892547,4.736862953800049,0.0,0.0,0.0,0.0,5.969305287951849,0.0,4.794537184071822,0.0,0.0,36.39820241076966,16.8388154973912,0.0,12.67324903297453,9.53140013787187,16.74175371688144,0.0,0.0,0.0,0.0,7.109797541277533,48.02802097092827,0.0,0.0,0.0,0.0,0.0,13.07910282922938,4.736862953800049,10.35798867576882,42.46456947923127,0.0,10.77244842892959,26.3,0.0,4.794537184071822,5.969305287951849,5.563451491696996,10.77244842892959,7.109797541277533,6.06636706846161,36.39820241076966,0.0,4.736862953800049,4.705427059712774,0.0,11.40518896447468,1.983564814814816,0.6162962962962966,-0.29,13.35322656840514,0.0,0.0,1.392962962962963,0.0833333333333333,0.0,2.0,0.0,0.0,2.0,0.0,2.0,1.0,2.626400000000001,0.0,0.0,0.0,0.0,0.0,0.0,1.0,1.0,0.0,0.0,0.0,0.0,0.0,0.0,0.0,0.0,1.0,1.0,0.0,0.0,0.0,1.0,0.0,0.0,0.0,0.0,0.0,0.0,10.54598140716553,-3.841187953948975,0.861635684967041,pca,False,train,In-Domain,
CCNCc1ccccc1,5.5685,3.264537037037037,0.9834722222222222,0.9834722222222222,0.665993958225315,9.7,135.21,0.0204879930448355,-0.312950951340886,1.2,2.5,14.83320950669259,10.20578018740658,1.852469246413308,-1.988041862147144,1.95562852265961,-2.106780615911731,5.135170037492055,0.7267154036103438,2.029573889867405,2.426522346587954,169.3429573570552,-0.8200000000000001,251.6671623435582,4.069177515912012,2.193904845414601,5.316788604006331,0.0,0.0,0.0,0.0,0.0,0.0,0.0,0.0,0.0,37.25557254199867,12.10820789760957,6.544756405912575,0.0,0.0,0.0,0.0,5.316788604006331,0.0,13.4684936056032,6.544756405912575,35.89528683400505,0.0,5.316788604006331,0.0,0.0,0.0,6.544756405912575,6.544756405912575,12.48718869138762,30.33183534230805,0.0,0.0,12.03,0.0,0.0,0.0,0.0,13.08951281182515,5.563451491696996,0.0,6.06636706846161,36.50599407754339,0.0,0.0,0.0,0.0,3.264537037037037,1.351250000000001,0.0,10.41677815570673,0.0,4.134101473922902,0.0,0.3333333333333333,1.0,1.0,0.0,0.0,1.0,1.0,1.0,3.0,1.7961,0.0,0.0,0.0,0.0,0.0,0.0,0.0,0.0,0.0,1.0,0.0,0.0,0.0,0.0,0.0,0.0,0.0,0.0,0.0,0.0,0.0,0.0,0.0,0.0,0.0,0.0,0.0,0.0,0.4902346134185791,-5.262410163879395,0.958027720451355,pca,False,train,In-Domain,
CSc1ccccn1,10.623,4.060185185185185,1.076388888888889,1.076388888888889,0.5307278167830294,9.125,125.196,0.0956593833914181,-0.249972991022943,1.5,2.75,32.16641621418103,10.51272970070366,1.817283994565449,-1.877826233048313,2.069063631144419,-1.713959903686806,7.98094738818983,1.138591460497486,1.903491193316404,2.832085835007091,149.8745239004113,-0.5,91.36757727918736,2.721453287197232,1.234072022160665,0.0,0.0,0.0,0.0,0.0,0.0,0.0,4.983978520947209,0.0,11.76188494939112,6.06636706846161,18.38850332043462,6.196843571613076,5.025959978669241,0.0,11.76188494939112,0.0,4.983978520947209,0.0,5.025959978669241,6.255769183511404,24.39594477699791,0.0,0.0,0.0,0.0,11.76188494939112,11.23974770445861,0.0,0.0,29.42190475566714,0.0,0.0,12.89,0.0,0.0,0.0,0.0,5.025959978669241,0.0,17.95872852100419,24.45487038889623,4.983978520947209,0.0,0.0,1.657685185185185,4.060185185185185,1.076388888888889,0.0,0.0,5.892083333333334,3.813657407407408,0.0,0.0,0.1666666666666666,0.0,1.0,0.0,1.0,2.0,0.0,2.0,1.0,1.8035,0.0,0.0,0.0,0.0,0.0,0.0,0.0,0.0,1.0,0.0,0.0,0.0,0.0,0.0,0.0,0.0,0.0,0.0,0.0,0.0,0.0,0.0,0.0,0.0,1.0,0.0,0.0,0.0,-2.944196462631226,-2.679067134857178,3.618558645248413,pca,False,train,In-Domain,
CCCNCc1cccc2ccccc12,9.065,3.44349111866969,0.9674537037037036,0.9674537037037036,0.7446083100692547,10.73333333333333,199.297,0.0211159725537288,-0.3126639860108876,1.0,2.666666666666667,14.84051566150141,10.04781105440356,1.979052501438916,-2.066608818877288,2.174574832625417,-2.133465281049924,5.850576017278521,0.67791498277259,2.29714457333829,2.259783288350702,428.7916756115609,-1.34,3997.031557608625,4.943192550394089,2.365712532288269,5.316788604006331,0.0,0.0,0.0,0.0,0.0,0.0,0.0,0.0,0.0,49.38830667892189,29.30147794946517,6.544756405912575,0.0,0.0,10.77244842892959,0.0,5.316788604006331,0.0,19.88931522852921,6.544756405912575,48.02802097092827,0.0,5.316788604006331,0.0,0.0,0.0,6.544756405912575,6.544756405912575,18.90801031431363,42.46456947923127,0.0,10.77244842892959,12.03,0.0,0.0,0.0,0.0,13.08951281182515,22.7567215435526,0.0,0.0,54.70509528292822,0.0,0.0,0.0,0.0,6.135066609977324,1.390324074074074,0.0,15.04476694381456,1.185283840388007,4.244558531746032,0.0,0.2857142857142857,1.0,1.0,0.0,0.0,1.0,1.0,1.0,4.0,3.339400000000002,0.0,0.0,0.0,0.0,0.0,0.0,0.0,0.0,0.0,1.0,0.0,0.0,0.0,0.0,0.0,0.0,0.0,0.0,0.0,0.0,0.0,0.0,0.0,0.0,0.0,0.0,0.0,0.0,-3.118289470672607,-2.919699192047119,4.397493362426758,pca,False,train,In-Domain,
CCCCc1ccccc1,7.3445,2.225138888888889,1.233472222222222,1.233472222222222,0.5957309560911629,9.7,134.222,-0.0278972951426049,-0.0653710717316953,1.1,2.4,13.92809456825524,10.1005888271644,1.868760189167868,-1.958948495584261,2.025781075883173,-1.811008986697899,5.138501418975812,0.7949849468755463,2.029573889867405,2.426522346587954,164.6530014211624,-0.78,251.6671623435582,4.102460621704116,2.218872016802184,0.0,0.0,0.0,0.0,0.0,0.0,0.0,0.0,0.0,0.0,43.67639416492468,18.40509473754901,0.0,0.0,0.0,0.0,0.0,0.0,0.0,26.18620206846865,0.0,35.89528683400505,0.0,0.0,0.0,0.0,0.0,0.0,6.42082162292601,25.32883193723964,30.33183534230805,0.0,0.0,0.0,0.0,0.0,0.0,0.0,0.0,24.82591636047502,0.0,0.0,37.25557254199867,0.0,0.0,0.0,0.0,0.0,1.462361111111111,0.0,10.6495559334845,3.829610733182161,2.225138888888889,0.0,0.4,0.0,0.0,0.0,0.0,0.0,0.0,0.0,3.0,3.029200000000001,0.0,0.0,0.0,0.0,0.0,0.0,0.0,0.0,0.0,0.0,0.0,0.0,0.0,0.0,0.0,1.0,0.0,0.0,0.0,0.0,0.0,0.0,0.0,0.0,0.0,0.0,1.0,0.0,12.80092906951904,4.379176616668701,0.5554131865501404,pca,False,train,In-Domain,
CSc1cccc2ccccc12,10.66,2.167824074074074,1.323472222222222,1.323472222222222,0.5955556126183568,10.41666666666667,174.268,0.0147589302140209,-0.1289486000864945,0.9166666666666666,2.5,32.16640732678459,10.12775701447717,1.956532513365297,-2.011223881242058,2.248162379225297,-1.741311853932098,7.984203101878585,1.549982763095227,2.16854290746428,2.790967029739265,387.6311749791205,-0.95,902.1138495051404,3.195311089760387,1.206210632401109,0.0,0.0,0.0,0.0,0.0,0.0,0.0,0.0,0.0,11.76188494939112,36.39820241076966,23.09458468090261,4.895483475517775,0.0,0.0,22.5343333783207,0.0,0.0,0.0,4.895483475517775,6.255769183511404,42.46456947923127,0.0,0.0,0.0,0.0,11.76188494939112,6.255769183511404,0.0,0.0,47.36005295474904,0.0,10.77244842892959,0.0,0.0,0.0,0.0,0.0,0.0,15.66793190444737,11.76188494939112,0.0,48.72033866274267,0.0,0.0,1.798287037037037,1.354722222222222,2.677638888888889,0.0,0.0,14.88981481481481,2.11287037037037,0.0,0.0,0.0909090909090909,0.0,0.0,0.0,0.0,1.0,0.0,1.0,1.0,3.561700000000002,0.0,0.0,0.0,0.0,0.0,0.0,0.0,0.0,0.0,0.0,0.0,0.0,0.0,0.0,0.0,0.0,0.0,0.0,0.0,0.0,0.0,0.0,0.0,0.0,1.0,0.0,0.0,0.0,2.541651964187622,3.055523633956909,0.805656909942627,pca,False,train,In-Domain,
CCOC(=O)c1ccccn1,7.03,10.9599537037037,0.3558796296296298,-0.3674999999999999,0.5970980588686806,9.181818181818182,151.165,0.3564024569863289,-0.4612637100032098,1.636363636363636,3.0,16.53266886468788,10.35117976201926,2.040434406258221,-1.977462008728966,1.948764342634773,-2.054184699355845,5.864808976979103,0.051926890147229,2.066172828612932,2.6930079504145,233.1071909292144,-1.38,380.1758004647795,3.706849487944401,2.03642785831495,4.736862953800049,5.693927994848461,0.0,0.0,0.0,5.969305287951849,0.0,9.77851570501903,0.0,0.0,6.06636706846161,19.05647133661384,6.196843571613076,6.606881964512918,9.53140013787187,5.969305287951849,0.0,4.983978520947209,0.0,6.923737199690624,6.606881964512918,30.08987277184637,0.0,0.0,0.0,0.0,0.0,17.56016577341197,4.736862953800049,17.41220237861091,24.39594477699791,0.0,0.0,39.19,0.0,4.794537184071822,5.969305287951849,12.30080995936138,0.0,0.0,31.31968197668853,0.0,4.983978520947209,4.736862953800049,4.726481481481482,0.0,14.78268518518518,0.0,0.3558796296296298,-0.3674999999999999,5.124972600151172,1.561759259259259,2.149055177626606,0.0,0.25,0.0,3.0,0.0,1.0,3.0,0.0,3.0,2.0,1.2583,0.0,0.0,0.0,0.0,0.0,0.0,1.0,1.0,1.0,0.0,0.0,0.0,0.0,0.0,0.0,0.0,1.0,1.0,0.0,0.0,0.0,0.0,0.0,0.0,0.0,0.0,0.0,0.0,-0.8822214603424072,5.157695770263672,3.36769700050354,pca,False,train,In-Domain,
NC(=O)COc1cccnc1,8.586500000000001,10.24943735827664,0.105462962962963,-0.4918027210884343,0.6597088301645418,9.090909090909092,152.153,0.2548645000326665,-0.4821747704294924,1.727272727272727,3.090909090909091,16.48220715320678,10.45561151318509,1.942676808791646,-1.998285529276949,2.041810488324888,-2.194826407971664,5.748350950112346,-0.1194666855199358,2.029238942059196,2.453018743531937,235.4557064748111,-1.58,349.0290980341817,3.554575099450682,2.661031035974003,10.47053043096224,5.749511833283905,6.606881964512918,0.0,5.907179729351506,0.0,9.77851570501903,0.0,0.0,0.0,0.0,12.13273413692322,6.196843571613076,6.196843571613076,9.53140013787187,5.907179729351506,0.0,4.983978520947209,5.733667477162185,0.0,6.606881964512918,24.52642128014937,5.749511833283905,10.47053043096224,0.0,5.749511833283905,0.0,17.49804021481163,4.794537184071822,0.0,24.52642128014937,0.0,0.0,65.21000000000001,5.907179729351506,4.794537184071822,6.606881964512918,5.749511833283905,0.0,6.196843571613076,18.3295777085363,0.0,4.983978520947209,10.47053043096224,4.930370370370371,0.0,14.03494283824641,0.0,4.855946712018141,0.0556972789115659,3.422883597883598,3.138955498866213,-0.105462962962963,0.0,0.1428571428571428,2.0,4.0,1.0,1.0,3.0,1.0,4.0,3.0,-0.0543000000000004,0.0,0.0,0.0,0.0,0.0,0.0,1.0,1.0,1.0,0.0,0.0,0.0,0.0,0.0,0.0,0.0,0.0,1.0,0.0,0.0,0.0,0.0,0.0,1.0,0.0,0.0,0.0,0.0,-0.9432883262634277,4.952931880950928,4.026453971862793,pca,False,train,In-Domain,
COc1cccc2ccccc12,5.554,5.227453703703704,0.9380555555555556,0.9380555555555556,0.6196937967945624,10.08333333333333,158.2,0.1261803420342043,-0.4961141554062587,0.9166666666666666,2.5,16.46560677696041,10.11309301287357,1.964811196513016,-2.0285578928137,2.236286730856442,-1.827163480859148,5.875961956680876,0.4195857497683435,2.16854290746428,2.790967029739265,387.6311749791205,-1.5,902.1138495051404,2.856919875130073,1.034342888047593,4.736862953800049,5.749511833283905,0.0,0.0,0.0,0.0,0.0,0.0,0.0,0.0,36.39820241076966,11.45259128292641,5.386224214464796,7.109797541277533,4.736862953800049,10.77244842892959,0.0,0.0,0.0,0.0,7.109797541277533,42.46456947923127,5.749511833283905,4.736862953800049,0.0,5.749511833283905,0.0,7.109797541277533,0.0,0.0,42.46456947923127,0.0,10.77244842892959,9.23,0.0,0.0,0.0,0.0,5.749511833283905,10.77244842892959,7.109797541277533,24.26546827384644,18.19910120538483,4.736862953800049,5.227453703703704,0.0,0.0,2.388287037037037,0.0,0.9380555555555556,14.25,0.0,0.0,1.696203703703704,0.0909090909090909,0.0,1.0,0.0,0.0,1.0,0.0,1.0,1.0,2.848400000000001,0.0,0.0,0.0,0.0,0.0,0.0,0.0,0.0,0.0,0.0,0.0,0.0,0.0,0.0,0.0,0.0,0.0,1.0,0.0,0.0,0.0,1.0,0.0,0.0,0.0,0.0,0.0,0.0,15.03796672821045,-2.552750825881958,4.915050506591797,pca,False,train,In-Domain,
CNCCc1ccccn1,7.655,4.17625,0.9970370370370368,0.9970370370370368,0.6658018289589026,9.7,136.198,0.0415755676427293,-0.3193634590881509,1.5,3.0,14.80469258527146,10.26016198077085,1.879570164218516,-1.963300296870896,1.915861355102133,-2.102741920666568,5.02950111172179,0.7763501417201399,2.029573889867405,2.426522346587954,171.872282370036,-0.8900000000000001,251.6671623435582,4.011046940626403,2.15042303420261,5.316788604006331,0.0,0.0,0.0,0.0,0.0,4.983978520947209,0.0,0.0,0.0,6.06636706846161,19.18040611960041,24.85634959530012,0.0,0.0,0.0,0.0,10.30076712495354,0.0,6.42082162292601,13.59242838858976,30.08987277184637,0.0,5.316788604006331,0.0,0.0,0.0,18.57640690953697,6.42082162292601,5.693927994848461,24.39594477699791,0.0,0.0,24.92,0.0,0.0,0.0,0.0,18.65950602368705,0.0,0.0,31.44361675967509,10.30076712495354,0.0,0.0,0.0,4.17625,3.076176303854876,1.149861111111111,0.0,5.984332955404383,2.835648148148148,0.9970370370370368,1.947361111111111,0.375,1.0,2.0,0.0,1.0,2.0,1.0,2.0,3.0,0.8434999999999999,0.0,0.0,0.0,0.0,0.0,0.0,0.0,0.0,1.0,1.0,0.0,1.0,0.0,0.0,0.0,0.0,0.0,0.0,0.0,0.0,0.0,0.0,0.0,0.0,0.0,0.0,0.0,0.0,4.891966342926025,-3.812949657440186,5.625557422637939,pca,False,train,In-Domain,
NCCNc1cccc2ccccc12,9.205,5.457924540186445,0.6559734032501889,0.6559734032501889,0.7708911563863441,10.35714285714286,186.258,0.0419807954297986,-0.3832753622242783,1.0,2.642857142857143,14.87954592873594,10.09665184316567,1.968728728855726,-2.075140542185129,2.217910869851194,-2.126045359889284,5.932268032580102,1.026456457358106,2.261019386051472,2.429747226129962,418.0961725957642,-1.54,2437.378898163487,4.113007561711995,1.700818385250983,11.05045608116852,0.0,0.0,0.0,0.0,0.0,0.0,0.0,0.0,0.0,36.39820241076966,11.45259128292641,24.16312330097351,0.0,0.0,16.45983470361315,0.0,0.0,5.733667477162185,0.0,18.40630141583148,42.46456947923127,0.0,11.05045608116852,5.687386274683562,0.0,0.0,13.08951281182515,0.0,0.0,42.46456947923127,0.0,10.77244842892959,38.05,0.0,0.0,0.0,6.544756405912575,12.23214268059614,10.77244842892959,0.0,0.0,47.7813580832376,5.733667477162185,0.0,0.0,0.0,5.824325396825397,6.61861898463089,0.0,14.58758259322248,0.0,1.46947302532124,0.0,0.1666666666666666,3.0,2.0,0.0,0.0,2.0,2.0,2.0,3.0,2.2104,0.0,0.0,0.0,0.0,0.0,0.0,0.0,0.0,0.0,1.0,0.0,0.0,0.0,0.0,1.0,0.0,0.0,0.0,0.0,0.0,0.0,0.0,0.0,0.0,0.0,0.0,0.0,0.0,1.304735422134399,-1.770843625068665,8.595220565795898,pca,False,train,In-Domain,
NNc1ccccn1,5.879,5.037314814814815,0.6875000000000002,0.6875000000000002,0.4042956984795146,8.625,109.132,0.1393521625152406,-0.3084859163674971,1.5,2.75,15.24424371583601,10.47073241190577,1.794965546575237,-1.92277074578605,1.938648704442848,-2.069262535088434,5.301126733937272,1.22866674183826,1.903491193316404,2.832085835007091,149.019770928138,-1.09,91.36757727918736,2.27718071988761,0.945539331461516,5.425791397110385,5.817862777835028,0.0,0.0,0.0,0.0,0.0,10.82664879121345,0.0,0.0,6.06636706846161,12.13273413692322,6.196843571613076,0.0,0.0,5.817862777835028,0.0,4.983978520947209,5.842670270266239,0.0,5.425791397110385,24.39594477699791,0.0,11.26846166737662,5.817862777835028,0.0,0.0,4.983978520947209,0.0,0.0,24.39594477699791,0.0,0.0,50.94,0.0,0.0,0.0,5.817862777835028,0.0,0.0,12.26321064007469,12.13273413692322,10.40976991805759,5.842670270266239,0.0,0.0,3.861111111111111,0.0,2.415833333333333,5.724814814814815,5.489120370370371,1.675787037037037,0.0,0.0,0.0,3.0,3.0,0.0,1.0,3.0,2.0,3.0,1.0,0.3672000000000001,0.0,0.0,1.0,0.0,0.0,0.0,0.0,0.0,1.0,1.0,0.0,0.0,0.0,0.0,1.0,0.0,0.0,0.0,0.0,1.0,0.0,0.0,0.0,0.0,0.0,0.0,0.0,0.0,1.289942502975464,-1.793550968170166,8.866470336914062,pca,False,train,In-Domain,
CCCNC(=O)c1cccnc1,10.0825,11.2524537037037,0.0509722222222217,-0.0509722222222217,0.7294448718062975,9.416666666666666,164.208,0.2523446359708647,-0.3520017380847235,1.666666666666667,3.083333333333333,16.14907804668075,10.25004598660319,2.011816675127323,-2.0073450608871,1.938074547506279,-2.233752345446456,5.932095946919575,0.0953072313797901,2.154522458102369,2.539556056342092,245.9652649298467,-1.38,646.3567374307108,4.488186487375711,2.341652590664364,5.316788604006331,0.0,0.0,0.0,5.907179729351506,0.0,9.77851570501903,0.0,0.0,0.0,6.923737199690624,18.55355575984923,18.93844354913873,5.563451491696996,4.794537184071822,5.907179729351506,0.0,10.30076712495354,0.0,13.34455882261663,6.544756405912575,30.08987277184637,0.0,5.316788604006331,0.0,0.0,0.0,17.43591465621129,0.0,23.70254749838545,24.52642128014937,0.0,0.0,41.99,0.0,4.794537184071822,5.907179729351506,12.10820789760957,6.42082162292601,0.0,24.52642128014937,6.923737199690624,10.30076712495354,0.0,0.0,0.0,15.10545020786092,2.769675925925926,0.6166203703703705,-0.0509722222222217,3.49886148904006,4.160313681027967,2.73338388133031,0.0,0.3333333333333333,1.0,3.0,1.0,1.0,2.0,1.0,3.0,3.0,1.2214,0.0,0.0,0.0,0.0,0.0,0.0,1.0,1.0,1.0,1.0,0.0,0.0,0.0,0.0,0.0,0.0,0.0,0.0,0.0,0.0,0.0,0.0,0.0,0.0,0.0,0.0,0.0,0.0,9.999385833740234,-2.60854172706604,0.3921833336353302,pca,False,train,In-Domain,
N#CCCc1cccc2ccccc12,4.239,8.549648211136306,0.5912773998488285,0.5912773998488285,0.6969495575071666,9.928571428571429,181.238,0.0624733712688964,-0.1983350275785874,1.0,2.642857142857143,14.22373806949655,10.01326196179157,1.980820075089685,-2.028964883968201,2.187666605725752,-1.850209478677704,5.851173192286054,1.022294216277509,2.261019386051472,2.4925680980532,474.5546994443753,-1.81,2437.378898163487,3.932119439139806,1.600308490838474,0.0,0.0,0.0,0.0,0.0,0.0,0.0,0.0,5.261891554738487,0.0,42.46456947923127,22.7567215435526,6.42082162292601,6.069221312792274,0.0,10.77244842892959,5.261891554738487,0.0,0.0,12.84164324585202,0.0,48.02802097092827,6.069221312792274,0.0,0.0,0.0,0.0,0.0,6.42082162292601,11.984273114623,42.46456947923127,0.0,10.77244842892959,23.79,0.0,0.0,0.0,6.42082162292601,6.42082162292601,16.33589992062659,0.0,12.13273413692322,36.40105665510033,5.261891554738487,0.0,0.0,0.0,11.07112024439405,1.268194444444445,0.0,16.72431531872008,1.436369992441421,0.0,0.0,0.1538461538461538,0.0,1.0,0.0,0.0,1.0,0.0,1.0,2.0,3.295980000000002,0.0,0.0,0.0,0.0,0.0,0.0,0.0,0.0,1.0,0.0,0.0,0.0,0.0,0.0,0.0,1.0,0.0,0.0,0.0,0.0,0.0,0.0,0.0,0.0,0.0,0.0,0.0,0.0,0.01239682454615831,-4.091020107269287,0.663128674030304,pca,False,train,In-Domain,
NCNCc1cccc2ccccc12,5.653,5.409313429075334,0.5170845143613001,0.5170845143613001,0.7177801269758194,10.64285714285714,186.258,0.0430912348443718,-0.3184922389834833,1.0,2.642857142857143,14.94405110583916,10.04908526485088,1.974664262032902,-2.057276330628136,2.173301066910473,-2.210411473691061,5.850553757818735,0.7122031550657237,2.261019386051472,2.429747226129962,418.0961725957642,-1.38,2437.378898163487,4.221272158740262,1.761630716660418,11.05045608116852,0.0,0.0,0.0,0.0,0.0,0.0,0.0,0.0,0.0,42.46456947923127,16.33589992062659,13.21344759481172,0.0,0.0,10.77244842892959,0.0,5.316788604006331,5.733667477162185,6.544756405912575,6.668691188899143,48.02802097092827,0.0,11.05045608116852,0.0,0.0,0.0,6.668691188899143,6.544756405912575,5.563451491696996,42.46456947923127,0.0,10.77244842892959,38.05,0.0,0.0,0.0,6.668691188899143,6.544756405912575,16.33589992062659,0.0,0.0,47.7813580832376,5.733667477162185,0.0,0.0,0.0,5.717585034013606,6.708896762408668,0.0,14.72522998551272,0.0,1.348288218065004,0.0,0.1666666666666666,3.0,2.0,0.0,0.0,2.0,2.0,2.0,3.0,1.8456,0.0,0.0,0.0,0.0,0.0,0.0,0.0,0.0,0.0,1.0,0.0,0.0,0.0,0.0,0.0,0.0,0.0,0.0,0.0,0.0,0.0,0.0,0.0,0.0,0.0,0.0,0.0,0.0,-3.508102655410767,-1.391601800918579,3.625827550888062,pca,False,train,In-Domain,
NCCCc1ccccc1,4.4175,5.376354875283447,0.7866014739229026,0.7866014739229026,0.6686599066210125,9.7,135.21,-0.0074105040296529,-0.3304617924320307,1.1,2.4,14.50948046648596,10.1173643695349,1.86982572443912,-1.959818480236374,1.999348208079881,-1.993318862428634,5.139219077982903,0.8325331789047424,2.029573889867405,2.426522346587954,169.3429573570552,-0.8200000000000001,251.6671623435582,4.069177515912012,2.193904845414601,5.733667477162185,0.0,0.0,0.0,0.0,0.0,0.0,0.0,0.0,0.0,30.33183534230805,24.94985114346159,0.0,0.0,0.0,0.0,0.0,0.0,5.733667477162185,12.84164324585202,6.544756405912575,35.89528683400505,0.0,5.733667477162185,0.0,0.0,0.0,6.544756405912575,6.42082162292601,11.984273114623,30.33183534230805,0.0,0.0,26.02,0.0,0.0,0.0,0.0,19.3863996517646,5.563451491696996,0.0,6.06636706846161,24.26546827384644,5.733667477162185,0.0,0.0,0.0,0.0,6.758715986394558,0.0,10.42556216931217,2.195787037037037,0.7866014739229026,0.0,0.3333333333333333,2.0,1.0,0.0,0.0,1.0,1.0,1.0,3.0,1.5779,0.0,0.0,0.0,0.0,0.0,0.0,0.0,0.0,0.0,0.0,0.0,0.0,0.0,0.0,0.0,1.0,0.0,0.0,0.0,0.0,0.0,0.0,0.0,0.0,0.0,0.0,0.0,0.0,-3.623825311660767,-1.800513863563538,4.08426570892334,pca,False,train,In-Domain,
CCCCCCc1ccccc1,7.7885,2.25249716553288,1.250833333333333,1.250833333333333,0.5774504107669273,10.08333333333333,162.276,-0.0278872293182178,-0.0653823817435943,0.9166666666666666,2.333333333333333,13.96060460945601,10.06958776336549,1.901166279548733,-1.989991121621372,2.062562294296294,-1.837025957735932,5.138861071878645,0.6666792987656632,2.144015907892219,2.157795777203053,188.4531007474628,-0.78,694.6611541570788,5.817954575285077,3.564606919786415,0.0,0.0,0.0,0.0,0.0,0.0,0.0,0.0,0.0,0.0,56.5180374107767,18.40509473754901,0.0,0.0,0.0,0.0,0.0,0.0,0.0,39.02784531432067,0.0,35.89528683400505,0.0,0.0,0.0,0.0,0.0,0.0,6.42082162292601,38.17047518309165,30.33183534230805,0.0,0.0,0.0,0.0,0.0,0.0,0.0,0.0,37.66755960632705,0.0,0.0,37.25557254199867,0.0,0.0,0.0,0.0,0.0,1.480188019652306,0.0,10.74776037729907,6.686221104182414,2.25249716553288,0.0,0.5,0.0,0.0,0.0,0.0,0.0,0.0,0.0,5.0,3.809400000000003,0.0,0.0,0.0,0.0,0.0,0.0,0.0,0.0,0.0,0.0,0.0,0.0,0.0,0.0,0.0,1.0,0.0,0.0,0.0,0.0,0.0,0.0,0.0,0.0,0.0,0.0,3.0,0.0,12.30574703216553,-7.364487648010254,-0.8727153539657593,pca,False,train,In-Domain,
CNOC(=O)c1cccc2ccccc12,10.356,11.57393896447468,0.3663888888888891,-0.3663888888888891,0.756269595090458,10.2,201.225,0.3569304062333406,-0.3670130733825286,1.133333333333333,2.666666666666667,16.67788764647105,10.05145731396747,2.093694627617468,-2.045013553304606,2.18200623431275,-2.148490051441303,6.038008899459402,0.0312155573863404,2.284443904400608,2.55515457436636,488.4510308012037,-1.87,3627.696920188166,4.106021219985196,1.823059621671442,4.837588583736633,0.0,0.0,0.0,0.0,5.969305287951849,0.0,4.794537184071822,5.480096598121202,0.0,36.39820241076966,16.8388154973912,7.04767198267719,5.563451491696996,9.632125767808455,16.74175371688144,0.0,5.480096598121202,0.0,0.0,7.04767198267719,48.02802097092827,0.0,5.480096598121202,0.0,0.0,0.0,13.01697727062904,4.837588583736633,10.35798867576882,42.46456947923127,0.0,10.77244842892959,38.33,0.0,4.794537184071822,5.969305287951849,5.563451491696996,10.77244842892959,0.0,13.1140390511388,36.39820241076966,5.480096598121202,4.837588583736633,0.0,0.0,16.32103269085412,1.933613945578232,2.952822893046108,-0.3663888888888891,13.2670240457294,0.0,0.0,1.558561980347695,0.0833333333333333,1.0,3.0,0.0,0.0,3.0,1.0,3.0,2.0,2.131,0.0,0.0,0.0,0.0,0.0,0.0,1.0,1.0,0.0,1.0,1.0,0.0,0.0,0.0,0.0,0.0,0.0,0.0,0.0,0.0,0.0,0.0,0.0,0.0,0.0,0.0,0.0,0.0,2.34325098991394,-8.73003101348877,-0.4512829780578613,pca,False,train,In-Domain,
CCCSc1ccccc1,10.4525,2.204305555555556,1.226203703703704,1.226203703703704,0.5993113209467666,9.7,152.262,0.0071887647555992,-0.1261819205316398,1.2,2.5,32.16653444483108,10.37052848268094,1.871786044510789,-1.957294018978821,2.164000073944056,-1.728853053224144,7.988809891665135,1.104313049291505,2.029573889867405,2.426522346587954,169.3429573570552,-0.43,251.6671623435582,4.395644954705711,2.440955717294078,0.0,0.0,0.0,0.0,0.0,0.0,0.0,0.0,0.0,11.76188494939112,25.12283840507545,24.30640936659601,4.895483475517775,0.0,0.0,11.76188494939112,0.0,0.0,0.0,18.24004229813441,5.752853606746789,30.33183534230805,0.0,0.0,0.0,0.0,11.76188494939112,5.752853606746789,0.0,13.34455882261663,35.22731881782583,0.0,0.0,0.0,0.0,0.0,0.0,0.0,0.0,17.06915870519057,0.0,11.76188494939112,37.25557254199867,0.0,0.0,1.920416666666666,1.379027777777778,0.0,0.0,1.226203703703704,10.52048185941043,1.249564436885865,2.204305555555556,0.0,0.3333333333333333,0.0,0.0,0.0,0.0,1.0,0.0,1.0,3.0,3.188700000000002,0.0,0.0,0.0,0.0,0.0,0.0,0.0,0.0,0.0,0.0,0.0,0.0,0.0,0.0,0.0,0.0,0.0,0.0,0.0,0.0,0.0,0.0,0.0,0.0,1.0,0.0,0.0,0.0,-1.112125635147095,-5.734403133392334,2.08899998664856,pca,False,train,In-Domain,
CCCCc1cccc2ccccc12,7.511,2.248009259259259,1.206203703703704,1.206203703703704,0.6708472816543193,10.64285714285714,184.282,-0.0151924564497789,-0.065371068839636,0.9285714285714286,2.571428571428572,14.02762893126214,10.00432954416988,1.978699986785395,-2.044920486481027,2.193235455088704,-1.857825208132065,5.850873768861824,0.7988267815005634,2.261019386051472,2.429747226129962,409.8127536956116,-1.3,2437.378898163487,4.275696638896868,1.792381918852036,0.0,0.0,0.0,0.0,0.0,0.0,0.0,0.0,0.0,0.0,55.8091283018479,29.17754316647861,0.0,0.0,0.0,10.77244842892959,0.0,0.0,0.0,26.18620206846865,0.0,48.02802097092827,0.0,0.0,0.0,0.0,0.0,0.0,6.42082162292601,25.32883193723964,42.46456947923127,0.0,10.77244842892959,0.0,0.0,0.0,0.0,0.0,0.0,35.59836478940461,0.0,0.0,49.38830667892189,0.0,0.0,0.0,0.0,2.781993575207861,1.490694444444444,0.0,15.22710104875284,3.759010062358277,2.241200869236584,0.0,0.2857142857142857,0.0,0.0,0.0,0.0,0.0,0.0,0.0,3.0,4.182400000000003,0.0,0.0,0.0,0.0,0.0,0.0,0.0,0.0,0.0,0.0,0.0,0.0,0.0,0.0,0.0,1.0,0.0,0.0,0.0,0.0,0.0,0.0,0.0,0.0,0.0,0.0,1.0,0.0,-1.453267693519592,-5.927970409393311,2.756633996963501,pca,False,train,In-Domain,
O=C(OO)c1cccnc1,6.8515,10.5012037037037,0.2268518518518523,-0.7980555555555557,0.459469845915375,8.9,139.11,0.3738468514823625,-0.2954421599914092,1.7,3.0,17.11823217315713,10.28824659766821,2.033341934164903,-1.916715983728216,1.955752178170984,-2.004480744397159,5.877995666047117,-0.1824121249721405,2.048167390601267,2.852627928819143,221.6943549440617,-1.42,237.587417309747,2.931903402289157,1.294592269254198,0.0,0.0,0.0,0.0,0.0,5.969305287951849,9.87154947420332,4.794537184071822,5.257235394296768,0.0,0.0,12.13273413692322,12.39368714322615,5.563451491696996,14.9393435316247,5.969305287951849,0.0,4.983978520947209,0.0,0.0,0.0,30.08987277184637,0.0,0.0,0.0,0.0,0.0,16.21051920319583,4.887570953256112,10.35798867576882,24.52642128014937,0.0,0.0,59.42,5.969305287951849,4.794537184071822,5.563451491696996,0.0,0.0,18.46005421168776,6.06636706846161,0.0,9.87154947420332,5.257235394296768,0.0,0.0,17.60027777777778,7.910891912320483,0.2268518518518523,-0.7980555555555557,3.067268518518518,2.826098828420257,0.0,0.0,0.0,1.0,4.0,0.0,1.0,4.0,1.0,4.0,1.0,0.7113999999999999,0.0,0.0,0.0,0.0,0.0,0.0,1.0,1.0,1.0,0.0,0.0,0.0,0.0,0.0,0.0,0.0,0.0,0.0,0.0,0.0,0.0,0.0,0.0,0.0,0.0,0.0,0.0,0.0,9.921687126159668,-7.451917171478271,-0.9343897700309753,pca,False,train,In-Domain,
Nc1ccccn1,5.961,5.246666666666666,0.5717592592592595,0.5717592592592595,0.5126510027980979,8.571428571428571,94.117,0.1227662658141369,-0.3837028126338498,1.428571428571429,2.571428571428572,14.80599021498998,10.47539702286288,1.731753665184983,-1.824790309394345,1.888901874088619,-1.845454060046733,5.245454892880003,1.33818963456751,1.685616163320438,3.021465309724086,136.0075042253047,-1.05,47.19725257297226,1.598931214740438,0.8918249573003468,5.733667477162185,5.817862777835028,0.0,0.0,0.0,0.0,0.0,4.983978520947209,0.0,0.0,6.06636706846161,12.13273413692322,6.196843571613076,0.0,0.0,5.817862777835028,0.0,4.983978520947209,0.0,0.0,5.733667477162185,24.39594477699791,0.0,5.733667477162185,5.817862777835028,0.0,0.0,4.983978520947209,0.0,0.0,24.39594477699791,0.0,0.0,38.91,0.0,0.0,0.0,5.817862777835028,0.0,0.0,12.26321064007469,12.13273413692322,4.983978520947209,5.733667477162185,0.0,0.0,3.756944444444445,0.0,5.246666666666666,0.5717592592592595,5.42925925925926,1.662037037037037,0.0,0.0,0.0,2.0,2.0,0.0,1.0,2.0,1.0,2.0,0.0,0.6638000000000001,0.0,0.0,1.0,0.0,0.0,0.0,0.0,0.0,1.0,0.0,0.0,0.0,0.0,0.0,1.0,0.0,0.0,0.0,0.0,0.0,0.0,0.0,0.0,0.0,0.0,0.0,0.0,0.0,-0.08061414957046509,-8.762063980102539,-0.7412239909172058,pca,False,train,In-Domain,
Brc1cccnc1,5.2395,3.83738425925926,1.023148148148148,1.023148148148148,0.5608312551209709,8.714285714285714,157.998,0.0409618326813509,-0.2635572203663069,1.571428571428571,2.714285714285714,79.91873091790298,10.51551489413531,1.751130210281704,-1.795554518877024,2.024156865123738,-1.639003007689273,9.102973080489376,1.310608724934329,1.685616163320438,3.021465309724086,138.0075042253047,-0.37,47.19725257297226,2.073105009026589,1.274302599417008,0.0,0.0,0.0,0.0,0.0,0.0,4.983978520947209,0.0,0.0,0.0,0.0,28.06267803487257,16.86640665905857,0.0,0.0,15.92994389794935,0.0,4.983978520947209,0.0,0.0,0.0,28.99914079598179,0.0,0.0,0.0,0.0,15.92994389794935,4.983978520947209,0.0,0.0,28.99914079598179,0.0,0.0,12.89,0.0,0.0,0.0,0.0,4.472719515832414,0.0,12.39368714322615,12.13273413692322,20.91392241889656,0.0,1.023148148148148,3.24875,3.83738425925926,0.0,0.0,0.0,3.816550925925926,3.490833333333333,0.0,0.0,0.0,0.0,1.0,0.0,1.0,1.0,0.0,2.0,0.0,1.8441,0.0,0.0,0.0,0.0,0.0,0.0,0.0,0.0,1.0,0.0,0.0,0.0,0.0,0.0,0.0,0.0,0.0,0.0,1.0,0.0,0.0,0.0,0.0,0.0,0.0,0.0,0.0,0.0,-3.691920042037964,-5.845129489898682,2.35949182510376,pca,False,train,In-Domain,
NCCc1cccnc1,4.269500000000001,5.332760770975057,0.7000925925925927,0.7000925925925927,0.6229092895823215,9.444444444444445,122.171,0.0299833212045004,-0.3301416332858312,1.555555555555556,3.0,14.61326724097581,10.20355894616246,1.852049666950549,-1.926810937651254,1.932574457616473,-2.017929487518909,5.077726023276388,0.9585452174536868,1.910086008859914,2.61489994009295,159.8269363112177,-0.89,145.1665366733534,3.198271052304978,1.816389947961151,5.733667477162185,0.0,0.0,0.0,0.0,0.0,4.983978520947209,0.0,0.0,0.0,6.06636706846161,24.59539658899719,12.39368714322615,0.0,0.0,0.0,0.0,4.983978520947209,5.733667477162185,6.42082162292601,6.544756405912575,30.08987277184637,0.0,5.733667477162185,0.0,0.0,0.0,11.52873492685978,6.42082162292601,5.563451491696996,24.52642128014937,0.0,0.0,38.91,0.0,0.0,0.0,6.544756405912575,6.42082162292601,5.563451491696996,6.196843571613076,18.3295777085363,4.983978520947209,5.733667477162185,0.0,0.0,3.947731481481481,0.0,6.541094104308391,0.0,3.949259259259259,4.528489229024943,0.7000925925925927,0.0,0.2857142857142857,2.0,2.0,0.0,1.0,2.0,1.0,2.0,2.0,0.5828,0.0,0.0,0.0,0.0,0.0,0.0,0.0,0.0,1.0,0.0,0.0,0.0,0.0,0.0,0.0,0.0,0.0,0.0,0.0,0.0,0.0,0.0,0.0,0.0,0.0,0.0,0.0,0.0,-3.872001886367798,-5.840109348297119,2.730902671813965,pca,False,train,In-Domain,
O=C(O)c1cccc2ccccc12,7.108,10.8149111866969,0.3593518518518523,-0.8779629629629626,0.7172080990038778,10.15384615384615,172.183,0.3358157698776765,-0.4776232778136866,1.0,2.461538461538462,16.36558372209146,10.05201045066708,2.05261004196963,-1.998541195653236,2.173616650158128,-1.95912310084705,6.029784839858072,0.0698822038756449,2.165908407119638,2.83097565836767,455.10186173235,-1.83,1269.222326572108,2.900808330413362,1.264483010023863,5.106527394840706,0.0,0.0,0.0,0.0,5.969305287951849,0.0,4.794537184071822,0.0,0.0,36.39820241076966,16.8388154973912,0.0,5.563451491696996,9.901064578912528,16.74175371688144,0.0,0.0,0.0,0.0,0.0,48.02802097092827,0.0,0.0,0.0,0.0,0.0,11.07583268279256,0.0,10.35798867576882,42.46456947923127,0.0,10.77244842892959,37.3,5.969305287951849,4.794537184071822,0.0,5.563451491696996,10.77244842892959,0.0,12.13273413692322,30.33183534230805,0.0,5.106527394840706,0.0,0.0,10.8149111866969,10.63274376417234,0.3593518518518523,-0.8779629629629626,12.73762282690854,0.0,0.0,0.0,0.0,1.0,2.0,0.0,0.0,1.0,1.0,2.0,1.0,2.538000000000001,0.0,0.0,0.0,1.0,1.0,1.0,1.0,0.0,0.0,0.0,0.0,0.0,0.0,0.0,0.0,0.0,0.0,0.0,0.0,0.0,0.0,0.0,0.0,0.0,0.0,0.0,0.0,0.0,10.74211120605469,3.460129261016846,-0.6994285583496094,pca,False,train,In-Domain,
CCNc1cccc2ccccc12,5.957,3.350509259259259,0.9662773998488284,0.9662773998488284,0.7308195238186536,10.23076923076923,171.243,0.04192653778154,-0.3848225751709554,1.0,2.615384615384615,14.84994697159566,10.09723639106722,1.960110389400044,-2.061890339123412,2.217917373956912,-1.95919429469454,5.93203230613397,1.219229440692347,2.189827491530279,2.613871190454566,401.2897134822693,-1.5,1449.665799393045,3.480716253443526,1.498518518518519,5.316788604006331,0.0,0.0,0.0,0.0,0.0,0.0,0.0,0.0,0.0,36.39820241076966,18.37632848261703,17.61836689506093,0.0,0.0,16.45983470361315,0.0,0.0,0.0,6.923737199690624,11.86154500991891,42.46456947923127,0.0,5.316788604006331,5.687386274683562,0.0,0.0,6.544756405912575,0.0,6.923737199690624,42.46456947923127,0.0,10.77244842892959,12.03,0.0,0.0,0.0,0.0,6.544756405912575,16.45983470361315,0.0,0.0,54.70509528292822,0.0,0.0,0.0,0.0,5.941064814814816,1.222777777777778,0.0,14.75700963718821,0.0,3.079147770219199,0.0,0.1666666666666666,1.0,1.0,0.0,0.0,1.0,1.0,1.0,2.0,3.271600000000001,0.0,0.0,0.0,0.0,0.0,0.0,0.0,0.0,0.0,1.0,0.0,0.0,0.0,0.0,1.0,0.0,0.0,0.0,0.0,0.0,0.0,0.0,0.0,0.0,0.0,0.0,0.0,0.0,0.4166944622993469,2.410015821456909,-0.617510974407196,pca,False,train,In-Domain,
CNNCc1ccccn1,8.987,4.11375,0.76125,0.76125,0.5884529121128765,9.7,137.186,0.0555252227394906,-0.2605851316971033,1.5,3.0,15.33069541507304,10.35128318693042,1.8673617321374,-1.990887725151869,1.89417984865297,-2.264172634976048,5.019731772061862,0.5878238894865527,2.029573889867405,2.426522346587954,173.4659104134693,-0.9300000000000002,251.6671623435582,3.977895969524155,2.125697952342366,0.0,0.0,0.0,0.0,0.0,0.0,15.83556131516798,0.0,0.0,0.0,6.06636706846161,19.18040611960041,6.196843571613076,12.23868440076104,0.0,0.0,0.0,15.83556131516798,0.0,6.544756405912575,7.04767198267719,30.08987277184637,0.0,10.85158279422077,0.0,0.0,0.0,12.0316505036244,6.544756405912575,5.693927994848461,24.39594477699791,0.0,0.0,36.95,0.0,0.0,0.0,0.0,12.23868440076104,0.0,6.196843571613076,25.24677318806202,15.83556131516798,0.0,0.0,0.0,4.11375,0.0,6.816963340891913,0.0,5.854055177626606,1.784398148148148,0.76125,1.83625,0.2857142857142857,2.0,3.0,0.0,1.0,3.0,2.0,3.0,3.0,0.3055999999999997,0.0,0.0,0.0,0.0,0.0,0.0,0.0,0.0,1.0,2.0,0.0,0.0,0.0,0.0,0.0,0.0,0.0,0.0,0.0,1.0,0.0,0.0,0.0,0.0,0.0,0.0,0.0,0.0,-3.061044931411743,4.478298187255859,2.039491415023804,pca,False,train,In-Domain,
ONc1ccccn1,5.797,8.225092592592592,0.4652777777777779,0.4652777777777779,0.5273420130058467,8.625,110.116,0.1488740108965461,-0.2896937941126605,1.5,2.75,16.45455922665433,10.47252043608313,1.804833966445279,-1.909654576583552,1.948424964348251,-1.893549294162494,5.287402085936912,0.385706684819034,1.903491193316404,2.832085835007091,151.7746584303015,-1.09,91.36757727918736,2.27718071988761,0.945539331461516,0.0,5.817862777835028,0.0,0.0,0.0,0.0,10.68734962289849,4.983978520947209,0.0,0.0,6.06636706846161,12.13273413692322,6.196843571613076,0.0,5.20725302477729,5.817862777835028,0.0,4.983978520947209,0.0,0.0,5.480096598121202,24.39594477699791,0.0,5.480096598121202,5.817862777835028,0.0,0.0,10.1912315457245,0.0,0.0,24.39594477699791,0.0,0.0,45.15,0.0,0.0,0.0,5.817862777835028,0.0,0.0,24.39594477699791,5.480096598121202,4.983978520947209,5.20725302477729,0.0,0.0,3.736111111111111,8.225092592592592,1.915833333333333,0.4652777777777779,5.228564814814815,1.595787037037037,0.0,0.0,0.0,2.0,3.0,0.0,1.0,3.0,2.0,3.0,1.0,0.8826999999999998,0.0,0.0,0.0,0.0,0.0,0.0,0.0,0.0,1.0,1.0,0.0,0.0,0.0,0.0,1.0,0.0,0.0,0.0,0.0,0.0,0.0,0.0,0.0,0.0,0.0,0.0,0.0,0.0,-3.204198122024536,4.472939014434814,2.557376861572266,pca,False,train,In-Domain,
NCCCCc1cccnc1,6.0045,5.377041603678508,0.7919267290249433,0.7919267290249433,0.6581279421954683,9.909090909090908,150.225,0.0299345979216099,-0.330473310443438,1.363636363636364,2.909090909090909,14.60783654245494,10.12159267870044,1.896647278666188,-1.971323422423679,2.007767971722181,-1.984322294035792,5.075504846865787,0.7428062804604032,2.070366610359243,2.275801287367509,184.0140382728128,-0.89,414.0733220718486,4.854359854527306,3.140286644378089,5.733667477162185,0.0,0.0,0.0,0.0,0.0,4.983978520947209,0.0,0.0,0.0,6.06636706846161,37.43703983484921,12.39368714322615,0.0,0.0,0.0,0.0,4.983978520947209,5.733667477162185,19.26246486877803,6.544756405912575,30.08987277184637,0.0,5.733667477162185,0.0,0.0,0.0,11.52873492685978,6.42082162292601,18.40509473754901,24.52642128014937,0.0,0.0,38.91,0.0,0.0,0.0,0.0,19.3863996517646,11.984273114623,6.196843571613076,12.26321064007469,11.05034558940882,5.733667477162185,0.0,0.0,4.032163170823885,0.0,6.683476788863693,0.0,4.070730347694633,7.088369630259511,0.7919267290249433,0.0,0.4444444444444444,2.0,2.0,0.0,1.0,2.0,1.0,2.0,4.0,1.363,0.0,0.0,0.0,0.0,0.0,0.0,0.0,0.0,1.0,0.0,0.0,0.0,0.0,0.0,0.0,1.0,0.0,0.0,0.0,0.0,0.0,0.0,0.0,0.0,0.0,0.0,1.0,0.0,10.81369113922119,-3.957420587539673,1.40301501750946,pca,False,train,In-Domain,
CCCNc1ccccc1,9.1205,3.294305555555556,1.059537037037037,1.059537037037037,0.6711000923431496,9.3,135.21,0.0339634207763391,-0.3850577613155492,1.2,2.5,14.85096482891631,10.29441207793363,1.837252513789561,-2.013153391524561,2.032216624335326,-1.97756356104996,5.415745302233906,0.9796625606125096,2.029573889867405,2.426522346587954,169.3429573570552,-0.98,251.6671623435582,3.936526228979168,2.094917408045428,5.316788604006331,0.0,0.0,0.0,0.0,0.0,0.0,0.0,0.0,0.0,25.12283840507545,18.55355575984923,12.23214268059614,0.0,0.0,5.687386274683562,0.0,0.0,0.0,13.34455882261663,11.86154500991891,30.33183534230805,0.0,5.316788604006331,5.687386274683562,0.0,0.0,6.544756405912575,0.0,13.34455882261663,30.33183534230805,0.0,0.0,12.03,0.0,0.0,0.0,0.0,6.544756405912575,12.10820789760957,0.0,18.19910120538483,24.37325994062017,0.0,0.0,0.0,0.0,3.294305555555556,1.212361111111111,0.0,10.26233371126228,1.175490362811791,3.222175925925926,0.0,0.3333333333333333,1.0,1.0,0.0,0.0,1.0,1.0,1.0,3.0,2.508500000000001,0.0,0.0,0.0,0.0,0.0,0.0,0.0,0.0,0.0,1.0,0.0,0.0,0.0,0.0,1.0,0.0,0.0,0.0,0.0,0.0,0.0,0.0,1.0,0.0,0.0,0.0,0.0,0.0,0.7436060905456543,-5.187869548797607,1.781644225120544,pca,False,train,In-Domain,
COSc1cccnc1,10.4035,4.804537037037037,1.027777777777778,1.027777777777778,0.5854927066787986,9.444444444444445,141.195,0.0536009361478546,-0.3135255742557035,1.666666666666667,3.111111111111111,32.17876503421315,10.50788591264672,1.868705171408039,-1.922343881159392,2.140304112571894,-1.721928275094006,7.942589305381529,0.4894096944699721,1.910086008859914,2.61489994009295,165.968645761294,-0.54,145.1665366733534,3.478736954082842,2.032641292148182,4.183085432649707,0.0,0.0,0.0,0.0,0.0,4.983978520947209,0.0,0.0,0.0,0.0,12.13273413692322,24.43644581523332,12.00528101679531,4.183085432649707,12.04275867200717,0.0,4.983978520947209,0.0,4.895483475517775,7.109797541277533,24.52642128014937,0.0,0.0,0.0,0.0,12.04275867200717,12.09377606222474,4.183085432649707,0.0,29.42190475566714,0.0,0.0,22.12,0.0,0.0,0.0,0.0,4.895483475517775,12.04275867200717,19.50348468450369,12.13273413692322,4.983978520947209,4.183085432649707,4.804537037037037,1.312777777777778,4.930231481481481,0.0,0.0,0.0,3.821944444444444,3.493935185185185,0.0,1.636574074074074,0.1666666666666666,0.0,2.0,0.0,1.0,3.0,0.0,3.0,2.0,1.7351,0.0,0.0,0.0,0.0,0.0,0.0,0.0,0.0,1.0,0.0,0.0,0.0,0.0,0.0,0.0,0.0,0.0,0.0,0.0,0.0,0.0,0.0,0.0,0.0,0.0,0.0,0.0,0.0,-2.817734718322754,-2.911424160003662,4.65675687789917,pca,False,train,In-Domain,
N#CNC(=O)c1cccnc1,6.5885,10.87106481481482,0.3833796296296299,-0.4299999999999999,0.4583376921681626,8.272727272727273,147.137,0.2653319923768614,-0.2681329355317711,1.727272727272727,3.090909090909091,16.14899271970003,10.26194412668713,2.009471131509358,-1.928895153671733,1.929564326201005,-2.165706955626238,5.94172023737993,0.0972281827092214,2.066172828612932,2.792418480761213,288.3040378058919,-1.89,380.1758004647795,3.321482264338044,1.761561829988695,0.0,0.0,6.19315609577884,0.0,5.907179729351506,0.0,15.09530430902536,0.0,5.261891554738487,0.0,0.0,12.13273413692322,12.39368714322615,5.563451491696996,4.794537184071822,5.907179729351506,5.261891554738487,10.30076712495354,0.0,0.0,0.0,30.08987277184637,6.19315609577884,5.316788604006331,0.0,0.0,0.0,10.89115825029871,0.0,10.35798867576882,24.52642128014937,0.0,0.0,65.78,5.907179729351506,4.794537184071822,0.0,5.563451491696996,0.0,12.38999966739192,18.3295777085363,5.316788604006331,4.983978520947209,5.261891554738487,0.0,0.0,14.58882180650038,10.08406084656085,0.3833796296296299,-0.4299999999999999,3.214246976568405,4.492824074074074,0.0,0.0,0.0,1.0,4.0,1.0,1.0,3.0,1.0,4.0,1.0,0.29248,0.0,0.0,0.0,0.0,0.0,0.0,1.0,1.0,2.0,1.0,0.0,0.0,0.0,0.0,0.0,0.0,0.0,0.0,0.0,0.0,0.0,0.0,0.0,0.0,0.0,0.0,0.0,0.0,-2.981290578842163,-2.98479437828064,5.085093975067139,pca,False,train,In-Domain,
CCCNCc1ccccn1,9.028,4.188047052154195,0.8836111111111111,0.8836111111111111,0.6590573642887632,9.909090909090908,150.225,0.0541135818554648,-0.3111791061338206,1.454545454545455,3.0,14.87381424026285,10.32884193528785,1.884704930031161,-1.998711629883192,1.907411349011144,-2.138648082666705,5.021778304691809,0.6642130902041351,2.070366610359243,2.275801287367509,184.0140382728128,-0.8900000000000001,414.0733220718486,4.854359854527306,3.140286644378089,5.316788604006331,0.0,0.0,0.0,0.0,0.0,4.983978520947209,0.0,0.0,0.0,12.99010426815223,25.0983121657618,12.74159997752565,5.693927994848461,0.0,0.0,0.0,10.30076712495354,0.0,19.88931522852921,6.544756405912575,30.08987277184637,0.0,5.316788604006331,0.0,0.0,0.0,11.52873492685978,6.544756405912575,19.03848681746509,24.39594477699791,0.0,0.0,24.92,0.0,0.0,0.0,0.0,18.78344080667361,6.42082162292601,0.0,24.39594477699791,17.22450432464416,0.0,0.0,0.0,4.188047052154195,3.288842592592593,1.111990740740741,0.0,5.974146589191232,2.99582601095994,4.107813681027967,0.0,0.4444444444444444,1.0,2.0,0.0,1.0,2.0,1.0,2.0,4.0,1.5812,0.0,0.0,0.0,0.0,0.0,0.0,0.0,0.0,1.0,1.0,0.0,0.0,0.0,0.0,0.0,0.0,0.0,0.0,0.0,0.0,0.0,0.0,0.0,0.0,0.0,0.0,0.0,0.0,8.346271514892578,-4.243381977081299,-1.103022933006287,pca,False,train,In-Domain,
CCCCCCc1cccnc1,7.862500000000001,4.08357134983623,1.188333333333334,1.188333333333334,0.6073046453829345,10.08333333333333,163.264,0.0299345913040085,-0.2644484991455605,1.25,2.833333333333333,14.60717625890115,10.08871474460464,1.908222441858219,-1.984584310271291,2.052020680072138,-1.854061682988367,5.075373158878814,0.6658333589459329,2.144015907892219,2.157795777203053,193.4189029511064,-0.85,694.6611541570788,5.756462429507698,3.51467203516026,0.0,0.0,0.0,0.0,0.0,0.0,4.983978520947209,0.0,0.0,0.0,32.25256913693026,24.47146180601062,12.39368714322615,0.0,0.0,0.0,0.0,4.983978520947209,0.0,39.02784531432067,0.0,30.08987277184637,0.0,0.0,0.0,0.0,0.0,4.983978520947209,6.42082162292601,38.17047518309165,24.52642128014937,0.0,0.0,12.89,0.0,0.0,0.0,0.0,0.0,37.66755960632705,0.0,18.46005421168776,17.97408278909944,0.0,0.0,0.0,4.08357134983623,0.0,1.369076908541194,0.0,4.160813255857899,10.31305366591081,2.240151486520534,0.0,0.5454545454545454,0.0,1.0,0.0,1.0,1.0,0.0,1.0,5.0,3.204400000000001,0.0,0.0,0.0,0.0,0.0,0.0,0.0,0.0,1.0,0.0,0.0,0.0,0.0,0.0,0.0,1.0,0.0,0.0,0.0,0.0,0.0,0.0,0.0,0.0,0.0,0.0,3.0,0.0,-1.799259066581726,-5.694306373596191,-1.148671269416809,pca,False,train,In-Domain,
O=C(O)Sc1ccccn1,7.047,10.09167044595616,0.5092592592592595,-0.9317592592592588,0.6285902676360291,9.2,155.178,0.3707170447946389,-0.4728215655173218,1.6,2.9,32.1666557379649,10.51268417261724,1.987751543024057,-1.901052509088676,2.129486003996873,-1.840315709015644,8.126741032865924,0.2219154601828844,1.881014057849052,2.674241602295127,224.4492424462252,-1.03,195.6254620163014,3.217441227379886,2.064278005233466,5.106527394840706,5.025959978669241,0.0,0.0,0.0,5.301337271772629,0.0,9.77851570501903,0.0,0.0,6.06636706846161,12.13273413692322,17.95872852100419,0.0,9.901064578912528,17.06322222116374,0.0,4.983978520947209,0.0,5.025959978669241,0.0,24.39594477699791,0.0,0.0,4.794537184071822,0.0,11.76188494939112,15.39184318756054,0.0,0.0,29.42190475566714,0.0,0.0,50.19,5.301337271772629,4.794537184071822,0.0,16.78784492806036,0.0,0.0,24.39594477699791,0.0,4.983978520947209,5.106527394840706,0.0,0.7039814814814813,13.89268896447468,7.867373393801966,0.0,0.0,5.141835789871504,1.560787037037037,0.0,0.0,0.0,1.0,3.0,0.0,1.0,3.0,1.0,4.0,1.0,1.8517,0.0,0.0,0.0,0.0,0.0,1.0,1.0,0.0,1.0,0.0,0.0,0.0,0.0,0.0,0.0,0.0,0.0,0.0,0.0,0.0,0.0,0.0,0.0,0.0,1.0,0.0,0.0,0.0,-5.313297748565674,-3.084919214248657,1.515393614768982,pca,False,train,In-Domain,
CNNCc1cccc2ccccc12,9.024,3.106685563114135,0.8450925925925926,0.8450925925925926,0.7169243622958763,10.64285714285714,186.258,0.0356637823195635,-0.2606383679402758,1.0,2.642857142857143,15.32770153476437,10.05067306282913,1.974413303714729,-2.062450730597375,2.172575092026879,-2.261284453735385,5.850490178108923,0.5983026221377752,2.261019386051472,2.429747226129962,418.0961725957642,-1.38,2437.378898163487,4.221272158740262,1.761630716660418,0.0,0.0,0.0,0.0,0.0,0.0,10.85158279422077,0.0,0.0,0.0,42.46456947923127,23.38357190330378,6.544756405912575,0.0,0.0,10.77244842892959,0.0,10.85158279422077,0.0,6.544756405912575,7.04767198267719,48.02802097092827,0.0,10.85158279422077,0.0,0.0,0.0,7.04767198267719,6.544756405912575,5.563451491696996,42.46456947923127,0.0,10.77244842892959,24.06,0.0,0.0,0.0,0.0,6.544756405912575,16.33589992062659,0.0,7.04767198267719,53.31615227345204,0.0,0.0,0.0,0.0,2.611715797430083,7.354647345049131,0.0,14.80845450680272,0.0,0.8450925925925926,1.880089758125472,0.1666666666666666,2.0,2.0,0.0,0.0,2.0,2.0,2.0,3.0,2.0638,0.0,0.0,0.0,0.0,0.0,0.0,0.0,0.0,0.0,2.0,0.0,0.0,0.0,0.0,0.0,0.0,0.0,0.0,0.0,1.0,0.0,0.0,0.0,0.0,0.0,0.0,0.0,0.0,-5.490067005157471,-3.305215120315552,2.294991254806519,pca,False,train,In-Domain,
CCCOCCc1ccccc1,9.7865,5.386723356009071,0.8450925925925926,0.8450925925925926,0.6078174374250042,10.08333333333333,164.248,0.0505940242468561,-0.3811184546891626,1.083333333333333,2.5,16.47283227828347,10.1581778269981,1.896867998789954,-2.012018065808597,1.988476906714684,-1.98340013974958,5.139787928065292,0.1376639672102572,2.144015907892219,2.157795777203053,193.4189029511064,-0.8200000000000001,694.6611541570788,5.782805212453591,3.536050575549011,4.736862953800049,0.0,0.0,0.0,0.0,0.0,0.0,0.0,0.0,0.0,37.25557254199867,18.40509473754901,6.606881964512918,6.606881964512918,4.736862953800049,0.0,0.0,0.0,0.0,19.76538044554264,13.21376392902584,35.89528683400505,0.0,0.0,0.0,0.0,0.0,13.21376392902584,11.15768457672606,18.90801031431363,30.33183534230805,0.0,0.0,9.23,0.0,0.0,0.0,0.0,26.05540717487786,5.563451491696996,0.0,6.06636706846161,31.18920547353706,4.736862953800049,5.386723356009071,0.0,0.0,0.0,1.355188019652306,0.0,10.43583293965734,2.13455325648778,3.854369094860166,0.0,0.4545454545454545,0.0,1.0,0.0,0.0,1.0,0.0,1.0,5.0,2.655700000000001,0.0,0.0,0.0,0.0,0.0,0.0,0.0,0.0,0.0,0.0,0.0,0.0,0.0,0.0,0.0,0.0,0.0,1.0,0.0,0.0,0.0,0.0,0.0,0.0,0.0,0.0,0.0,0.0,10.49428653717041,3.973974704742432,-1.305244565010071,pca,False,train,In-Domain,
CONCc1ccccc1,8.775500000000001,4.695751133786848,0.76125,0.76125,0.6345754594738598,9.7,137.182,0.057185439500453,-0.3047922180278845,1.3,2.6,16.63287981348924,10.21344919428723,1.857514248770689,-1.99072504593637,1.956181529590354,-2.096624674057049,5.13285253424818,0.0867045820721865,2.029573889867405,2.426522346587954,173.872282370036,-0.8600000000000001,251.6671623435582,4.035942018836876,2.169025073408778,4.837588583736633,0.0,0.0,0.0,0.0,0.0,0.0,0.0,5.480096598121202,0.0,30.33183534230805,5.563451491696996,6.544756405912575,7.109797541277533,4.837588583736633,0.0,0.0,5.480096598121202,0.0,6.544756405912575,7.109797541277533,35.89528683400505,0.0,5.480096598121202,0.0,0.0,0.0,7.109797541277533,11.38234498964921,5.563451491696996,30.33183534230805,0.0,0.0,21.26,0.0,0.0,0.0,0.0,6.544756405912575,5.563451491696996,7.109797541277533,30.33183534230805,5.480096598121202,4.837588583736633,0.0,0.0,4.695751133786848,0.0,3.990787037037038,0.0,10.104850718065,0.0,0.76125,1.614027777777778,0.25,1.0,2.0,0.0,0.0,2.0,1.0,2.0,3.0,1.3376,0.0,0.0,0.0,0.0,0.0,0.0,0.0,0.0,0.0,1.0,1.0,0.0,0.0,0.0,0.0,0.0,0.0,0.0,0.0,0.0,0.0,0.0,0.0,0.0,0.0,0.0,0.0,0.0,0.2550081014633179,2.788370609283447,-1.20907986164093,pca,False,train,In-Domain,
OCCCc1cccnc1,4.4095,8.5071626984127,0.2588236961451247,0.2588236961451247,0.6739696218821858,9.7,137.182,0.0433706208638149,-0.3963644452446174,1.5,3.0,16.24993011879646,10.15903748149854,1.883916225742046,-1.949072231625626,1.980208564251885,-1.884723316621897,5.075220489243896,0.2883240501240756,2.029573889867405,2.426522346587954,173.872282370036,-0.89,251.6671623435582,4.011046940626403,2.15042303420261,5.106527394840706,0.0,0.0,0.0,0.0,0.0,4.983978520947209,0.0,0.0,0.0,6.06636706846161,24.47146180601062,19.00056910773907,0.0,5.106527394840706,0.0,0.0,4.983978520947209,0.0,12.84164324585202,6.606881964512918,30.08987277184637,0.0,0.0,0.0,0.0,0.0,16.69738788030083,6.42082162292601,11.984273114623,24.52642128014937,0.0,0.0,33.12,0.0,0.0,6.606881964512918,0.0,12.84164324585202,5.563451491696996,6.196843571613076,18.3295777085363,4.983978520947209,5.106527394840706,0.0,0.0,3.955951436130008,8.5071626984127,1.19125,0.0,3.925959939531368,5.327518896447468,0.2588236961451247,0.0,0.375,1.0,2.0,0.0,1.0,2.0,1.0,2.0,3.0,1.0065,0.0,1.0,0.0,0.0,0.0,0.0,0.0,0.0,1.0,0.0,0.0,0.0,0.0,0.0,0.0,1.0,0.0,0.0,0.0,0.0,0.0,0.0,0.0,0.0,0.0,0.0,0.0,0.0,-3.211684465408325,4.918949604034424,1.391399264335632,pca,False,train,In-Domain,
CNOC(=O)c1ccccn1,10.319,10.8974537037037,0.29337962962963,-0.4786111111111106,0.6219743528324854,9.181818181818182,152.153,0.3750706604157349,-0.3658857441984401,1.636363636363636,3.0,16.6782450948803,10.35522362032776,2.047485607257349,-1.977981778120962,1.933820402295401,-2.154571727122576,5.862694883383451,0.0302608604665186,2.066172828612932,2.6930079504145,235.4557064748111,-1.42,380.1758004647795,3.676279989619408,2.014371346583059,4.837588583736633,5.693927994848461,0.0,0.0,0.0,5.969305287951849,0.0,9.77851570501903,5.480096598121202,0.0,6.06636706846161,12.13273413692322,13.24451555429027,0.0,9.632125767808455,5.969305287951849,0.0,10.46407511906841,0.0,0.0,7.04767198267719,30.08987277184637,0.0,5.480096598121202,0.0,0.0,0.0,18.00095579157625,4.837588583736633,10.48846517892028,24.39594477699791,0.0,0.0,51.22,5.969305287951849,4.794537184071822,0.0,5.693927994848461,0.0,13.24451555429027,18.19910120538483,0.0,15.30166370280504,0.0,0.0,0.0,19.15666666666666,0.0,2.569787414965987,-0.4786111111111106,5.036786659108087,1.533981481481481,0.0,1.514722222222222,0.1428571428571428,1.0,4.0,0.0,1.0,4.0,1.0,4.0,2.0,0.3728000000000001,0.0,0.0,0.0,0.0,0.0,0.0,1.0,1.0,1.0,1.0,1.0,0.0,0.0,0.0,0.0,0.0,0.0,0.0,0.0,0.0,0.0,0.0,0.0,0.0,0.0,0.0,0.0,0.0,-3.276720285415649,4.710628032684326,2.058075904846191,pca,False,train,In-Domain,
CNNc1ccccn1,9.209,3.994861111111111,0.8333333333333335,0.8333333333333335,0.5661464370399013,9.0,123.159,0.1395434156012981,-0.3060581736894891,1.444444444444444,2.888888888888889,15.35650171989547,10.46954917199425,1.82269940713934,-1.988532704232056,1.949592718412595,-2.150024515465576,5.30633852911153,0.9652535484004776,1.910086008859914,2.61489994009295,161.2137582591305,-1.09,145.1665366733534,3.040168123434117,1.69626508404093,5.425791397110385,5.817862777835028,0.0,0.0,0.0,0.0,0.0,10.40976991805759,0.0,0.0,6.06636706846161,12.13273413692322,13.24451555429027,0.0,0.0,5.817862777835028,0.0,10.40976991805759,0.0,0.0,12.47346337978757,24.39594477699791,0.0,10.85158279422077,5.817862777835028,0.0,0.0,12.0316505036244,0.0,0.0,24.39594477699791,0.0,0.0,36.95,0.0,0.0,0.0,0.0,5.817862777835028,0.0,13.24451555429027,18.19910120538483,15.83556131516798,0.0,0.0,0.0,3.994861111111111,0.0,5.617870370370371,0.8333333333333335,5.684537037037037,1.735787037037037,0.0,1.800277777777778,0.1666666666666666,2.0,3.0,0.0,1.0,3.0,2.0,3.0,2.0,0.6278999999999998,0.0,0.0,0.0,0.0,0.0,0.0,0.0,0.0,1.0,2.0,0.0,0.0,0.0,0.0,1.0,0.0,0.0,0.0,0.0,1.0,0.0,0.0,0.0,0.0,0.0,0.0,0.0,0.0,12.67620468139648,-2.858222246170044,3.083493232727051,pca,False,train,In-Domain,
N#CNCc1ccccc1,5.404500000000001,8.166459750566894,0.6223611111111109,0.6223611111111109,0.4853655070661482,8.3,132.166,0.176317433622506,-0.3194078683282499,1.3,2.6,14.8391574205134,10.20890132074575,1.850345228134479,-1.945970899416132,1.953553914286581,-2.03013282254189,5.140142961295782,0.8842549333360401,2.029573889867405,2.524167878187628,222.7629490687508,-1.49,251.6671623435582,3.519175133596712,1.789281840230092,5.316788604006331,0.0,6.19315609577884,0.0,0.0,0.0,0.0,0.0,5.261891554738487,0.0,30.33183534230805,5.563451491696996,6.544756405912575,0.0,0.0,0.0,5.261891554738487,5.316788604006331,0.0,6.544756405912575,0.0,35.89528683400505,6.19315609577884,5.316788604006331,0.0,0.0,0.0,0.0,6.544756405912575,5.563451491696996,30.33183534230805,0.0,0.0,35.82,0.0,0.0,0.0,6.544756405912575,5.563451491696996,0.0,0.0,36.52499143808689,5.316788604006331,5.261891554738487,0.0,0.0,0.0,10.73655234315949,1.12875,0.0,9.812826908541194,1.866176303854876,0.6223611111111109,0.0,0.125,1.0,2.0,0.0,0.0,2.0,1.0,2.0,2.0,1.25728,0.0,0.0,0.0,0.0,0.0,0.0,0.0,0.0,1.0,1.0,0.0,0.0,0.0,0.0,0.0,0.0,0.0,0.0,0.0,0.0,0.0,0.0,0.0,0.0,0.0,0.0,0.0,0.0,2.632598638534546,-4.073020935058594,3.689352035522461,pca,False,train,In-Domain,
COSc1cccc2ccccc12,10.496,5.052649281934997,1.167222222222222,1.167222222222222,0.6702406652990252,10.53846153846154,190.267,0.0507687166306627,-0.3135501651352946,1.0,2.615384615384615,32.17876560342442,10.12782753299917,1.986076312948588,-2.023473675613081,2.268748320090612,-1.764599173534702,7.944869564746641,0.4899988496440804,2.189827491530279,2.613871190454566,406.255515685913,-0.99,1449.665799393045,3.812824772646445,1.688121354187029,4.183085432649707,0.0,0.0,0.0,0.0,0.0,0.0,0.0,0.0,0.0,36.39820241076966,16.8388154973912,16.93824214752494,7.109797541277533,4.183085432649707,22.81520710093676,0.0,0.0,0.0,4.895483475517775,7.109797541277533,42.46456947923127,0.0,0.0,0.0,0.0,12.04275867200717,7.109797541277533,4.183085432649707,0.0,47.36005295474904,0.0,10.77244842892959,9.23,0.0,0.0,0.0,0.0,0.0,27.71069057645453,7.109797541277533,18.19910120538483,24.26546827384644,4.183085432649707,5.052649281934997,1.404768518518518,1.167222222222222,2.501296296296297,0.0,0.0,14.52045256991686,0.0,0.0,1.686944444444444,0.0909090909090909,0.0,1.0,0.0,0.0,2.0,0.0,2.0,2.0,3.493300000000001,0.0,0.0,0.0,0.0,0.0,0.0,0.0,0.0,0.0,0.0,0.0,0.0,0.0,0.0,0.0,0.0,0.0,0.0,0.0,0.0,0.0,0.0,0.0,0.0,0.0,0.0,0.0,0.0,-1.064393997192383,-1.936658620834351,6.704327583312988,pca,False,train,In-Domain,
COCOc1cccc2ccccc12,8.72,5.446203703703704,0.2857218442932729,0.2857218442932729,0.6893951481550615,10.35714285714286,188.226,0.1882367261584447,-0.4669192131486576,1.0,2.642857142857143,16.65468643322323,10.11286265019134,1.988975521202277,-2.069459402806374,2.242831442152774,-1.984110529803818,5.876180707979735,0.0522195704974825,2.261019386051472,2.429747226129962,418.0961725957642,-1.54,2437.378898163487,4.113007561711995,1.700818385250983,9.473725907600098,5.749511833283905,6.792942306099827,0.0,0.0,0.0,0.0,0.0,0.0,0.0,36.39820241076966,11.45259128292641,12.49602175574233,0.0,9.473725907600098,10.77244842892959,0.0,0.0,0.0,0.0,13.90273984737736,42.46456947923127,5.749511833283905,4.736862953800049,0.0,5.749511833283905,0.0,13.90273984737736,4.736862953800049,0.0,42.46456947923127,0.0,10.77244842892959,18.46,0.0,0.0,6.792942306099827,0.0,11.1357360477487,5.386224214464796,7.109797541277533,30.33183534230805,12.13273413692322,9.473725907600098,10.31865386432351,0.0,0.0,2.299215797430084,0.0,0.8656944444444445,14.11451318027211,0.0,0.2857218442932729,1.616200869236584,0.1666666666666666,0.0,2.0,0.0,0.0,2.0,0.0,2.0,3.0,2.822500000000001,0.0,0.0,0.0,0.0,0.0,0.0,0.0,0.0,0.0,0.0,0.0,0.0,0.0,0.0,0.0,0.0,0.0,2.0,0.0,0.0,0.0,1.0,0.0,0.0,0.0,0.0,0.0,0.0,-1.013621926307678,-2.04342246055603,6.986934661865234,pca,False,train,In-Domain,
NCOc1cccc2ccccc12,5.472,5.329347127739985,0.2162773998488285,0.2162773998488285,0.7059439958441615,10.23076923076923,173.2149999999999,0.1366308001655281,-0.4779556063832742,1.0,2.615384615384615,16.48575992425918,10.11276077453525,1.979768549604568,-2.054510158197294,2.239539857457328,-2.068022849983931,5.876219094253923,0.3334240872395041,2.189827491530279,2.613871190454566,406.255515685913,-1.54,1449.665799393045,3.455049673054011,1.484064944981838,4.736862953800049,12.48032858078339,0.0,0.0,0.0,0.0,5.733667477162185,0.0,0.0,0.0,36.39820241076966,11.45259128292641,5.386224214464796,0.0,4.736862953800049,10.77244842892959,0.0,0.0,5.733667477162185,0.0,6.730816747499484,42.46456947923127,5.749511833283905,10.47053043096224,0.0,5.749511833283905,0.0,6.730816747499484,0.0,0.0,42.46456947923127,0.0,10.77244842892959,35.25,0.0,0.0,6.730816747499484,0.0,11.1357360477487,5.386224214464796,0.0,30.33183534230805,12.13273413692322,10.47053043096224,5.296898148148149,0.0,0.0,2.281388888888889,5.329347127739985,0.847777777777778,14.02831065759637,0.0,0.2162773998488285,0.0,0.0909090909090909,2.0,2.0,0.0,0.0,2.0,1.0,2.0,2.0,2.1348,0.0,0.0,0.0,0.0,0.0,0.0,0.0,0.0,0.0,0.0,0.0,0.0,0.0,0.0,0.0,0.0,0.0,1.0,0.0,0.0,0.0,0.0,0.0,0.0,0.0,0.0,0.0,0.0,7.8037428855896,-2.588373899459839,-1.433327913284302,pca,False,train,In-Domain,
ONc1cccc2ccccc12,5.834,8.785614134542707,0.7436111111111112,0.7436111111111112,0.6267307753584165,10.08333333333333,159.188,0.0679937484457467,-0.29107620790526,0.9166666666666666,2.5,16.45318174915268,10.1032468425092,1.955882394153044,-2.024252940025081,2.212432611479118,-1.886768635176269,5.927964294063588,0.3895723405220657,2.16854290746428,2.790967029739265,392.4656418352572,-1.54,902.1138495051404,2.832780233260645,1.022324062018763,0.0,0.0,0.0,0.0,0.0,0.0,10.68734962289849,0.0,0.0,0.0,36.39820241076966,11.45259128292641,5.386224214464796,5.687386274683562,5.20725302477729,16.45983470361315,0.0,0.0,0.0,0.0,5.480096598121202,42.46456947923127,0.0,5.480096598121202,5.687386274683562,0.0,0.0,5.20725302477729,0.0,0.0,42.46456947923127,0.0,10.77244842892959,32.26,0.0,0.0,0.0,0.0,16.45983470361315,0.0,0.0,42.46456947923127,5.480096598121202,5.20725302477729,0.0,0.0,0.0,10.93751228269086,2.913564814814815,0.0,13.64892290249433,0.0,0.0,0.0,0.0,2.0,2.0,0.0,0.0,2.0,2.0,2.0,1.0,2.6409,0.0,0.0,0.0,0.0,0.0,0.0,0.0,0.0,0.0,1.0,0.0,0.0,0.0,0.0,1.0,0.0,0.0,0.0,0.0,0.0,0.0,0.0,0.0,0.0,0.0,0.0,0.0,0.0,-2.204975605010986,-4.28175687789917,-1.344357252120972,pca,False,train,In-Domain,
Cc1ccccc1,4.0555,2.083333333333333,1.32175925925926,1.32175925925926,0.4588062796575455,8.714285714285714,92.141,-0.0397745263236275,-0.0622490857819948,1.0,1.857142857142857,13.78210528125943,10.2446262174219,1.715254699507748,-1.822323871975181,1.916278995576401,-1.622155592755929,5.11182720852277,1.475756642372446,1.685616163320438,3.021465309724086,129.9656602453383,-0.78,47.19725257297226,1.783286039855434,1.038264132411507,0.0,0.0,0.0,0.0,0.0,0.0,0.0,0.0,0.0,0.0,35.89528683400505,6.923737199690624,0.0,0.0,0.0,0.0,0.0,0.0,0.0,6.923737199690624,0.0,35.89528683400505,0.0,0.0,0.0,0.0,0.0,0.0,0.0,5.563451491696996,30.33183534230805,0.0,0.0,0.0,0.0,0.0,0.0,0.0,0.0,5.563451491696996,0.0,18.19910120538483,19.05647133661384,0.0,0.0,0.0,0.0,0.0,1.32175925925926,0.0,10.26157407407407,0.0,2.083333333333333,0.0,0.1428571428571428,0.0,0.0,0.0,0.0,0.0,0.0,0.0,0.0,1.99502,0.0,0.0,0.0,0.0,0.0,0.0,0.0,0.0,0.0,0.0,0.0,0.0,0.0,0.0,0.0,1.0,0.0,0.0,0.0,0.0,0.0,0.0,0.0,0.0,0.0,0.0,0.0,0.0,-5.853679656982422,-1.393221735954285,1.659042358398438,pca,False,train,In-Domain,
Fc1ccccc1,4.9435,11.90666666666667,0.1782407407407402,-0.1782407407407402,0.4618403302914614,8.714285714285714,96.10399999999998,0.1227072403493724,-0.2070125221263808,1.0,1.857142857142857,19.14213746054271,10.35835905457376,1.765916590344246,-1.780248337396701,1.912858367878471,-1.634889653369883,5.016408312002768,0.6276568146867151,1.685616163320438,3.021465309724086,134.1073696954145,-0.8500000000000001,47.19725257297226,1.734967480072375,0.9995769964301436,0.0,5.817220841045895,0.0,0.0,0.0,0.0,0.0,4.39041504767482,0.0,0.0,18.19910120538483,12.13273413692322,0.0,0.0,4.39041504767482,0.0,0.0,0.0,0.0,0.0,0.0,36.14905618335394,0.0,0.0,4.39041504767482,0.0,0.0,0.0,0.0,0.0,30.33183534230805,0.0,0.0,0.0,0.0,4.39041504767482,5.817220841045895,0.0,0.0,12.13273413692322,18.19910120538483,0.0,0.0,0.0,11.90666666666667,0.0,0.0,0.0,0.0,-0.1782407407407402,7.938240740740741,0.0,0.0,0.0,0.0,0.0,0.0,0.0,0.0,0.0,0.0,1.0,0.0,1.8257,0.0,0.0,0.0,0.0,0.0,0.0,0.0,0.0,0.0,0.0,0.0,0.0,0.0,0.0,0.0,0.0,0.0,0.0,1.0,0.0,0.0,0.0,0.0,0.0,0.0,0.0,0.0,0.0,-5.977085590362549,-1.775763273239136,2.121681690216064,pca,False,train,In-Domain,
O=C(O)Cc1cccc2ccccc12,10.677,10.61239559712774,0.0846759259259255,-0.7904138321995455,0.7817752108880086,10.28571428571429,186.21,0.3073377835812438,-0.4809859063368553,1.071428571428571,2.571428571428572,16.36516410213658,10.02506198923673,2.032491054214042,-2.024367032153558,2.180765263842716,-1.99741449398977,5.88079486441239,-0.1357041248435955,2.175248503006303,2.58753091711869,469.210353193355,-1.83,1975.125640729724,3.499332613254201,1.592969852410985,5.106527394840706,0.0,0.0,0.0,0.0,5.969305287951849,4.794537184071822,0.0,0.0,0.0,42.46456947923127,16.33589992062659,0.0,6.42082162292601,9.901064578912528,16.74175371688144,0.0,0.0,0.0,6.42082162292601,0.0,48.02802097092827,0.0,0.0,0.0,0.0,0.0,11.07583268279256,11.21535880699783,5.563451491696996,42.46456947923127,0.0,10.77244842892959,37.3,5.969305287951849,4.794537184071822,6.42082162292601,0.0,16.33589992062659,0.0,0.0,42.46456947923127,0.0,5.106527394840706,0.0,0.0,10.61239559712774,10.8408701814059,0.8709259259259261,-0.7904138321995455,13.54821286848072,0.0846759259259255,0.0,0.0,0.0833333333333333,1.0,2.0,0.0,0.0,1.0,1.0,2.0,2.0,2.466900000000001,1.0,0.0,0.0,0.0,1.0,1.0,1.0,0.0,0.0,0.0,0.0,0.0,0.0,0.0,0.0,0.0,0.0,0.0,0.0,0.0,0.0,0.0,0.0,0.0,0.0,0.0,0.0,0.0,10.04635810852051,-7.723445892333984,-2.830599308013916,pca,False,train,In-Domain,
O=C(O)OC(=O)c1ccccn1,6.825,10.78953703703704,0.0278703703703699,-1.633654572940286,0.496620716637179,9.0,167.12,0.5134413540813902,-0.4493429764098509,1.416666666666667,2.666666666666667,16.68002187560615,10.35280581319618,2.107924707934321,-1.950031530070964,1.956236480249705,-2.106605112798322,5.925876746289286,0.0503054727219346,2.047189822463458,2.725078186491341,295.5345025160259,-1.91,515.8918352607915,3.472015324360177,2.048419991930613,9.843390348640757,5.693927994848461,0.0,0.0,0.0,12.12467091749061,0.0,14.57305288909085,0.0,0.0,6.06636706846161,12.13273413692322,6.196843571613076,0.0,19.4324647167844,12.12467091749061,0.0,4.983978520947209,0.0,0.0,0.0,30.08987277184637,0.0,0.0,4.794537184071822,0.0,0.0,22.21517683327852,4.736862953800049,10.48846517892028,24.39594477699791,0.0,0.0,76.49000000000001,12.12467091749061,9.589074368143644,5.693927994848461,0.0,0.0,12.26321064007469,12.13273413692322,0.0,9.720841474747257,5.106527394840706,3.851481481481482,0.0,24.29558626228269,8.07437641723356,-0.0278703703703699,-0.969351851851852,4.535976473922903,-0.260198412698412,0.0,0.0,0.0,1.0,5.0,0.0,1.0,4.0,1.0,5.0,1.0,0.9164,0.0,0.0,0.0,0.0,0.0,1.0,2.0,1.0,1.0,0.0,0.0,0.0,0.0,0.0,0.0,0.0,1.0,1.0,0.0,0.0,0.0,0.0,0.0,0.0,0.0,0.0,0.0,0.0,-0.03465375676751137,-9.108621597290039,-2.67522144317627,pca,False,train,In-Domain,
COCCc1ccccc1,8.6355,4.945751133786848,0.809537037037037,0.809537037037037,0.6160726875823936,9.7,136.194,0.0502171960212527,-0.3843454194131366,1.2,2.5,16.46138234350535,10.15918662454287,1.870541553342952,-1.969489027052592,1.979062616036304,-1.924174920642418,5.139570354182007,0.2020674079693295,2.029573889867405,2.426522346587954,169.3429573570552,-0.8200000000000001,251.6671623435582,4.069177515912012,2.193904845414601,4.736862953800049,0.0,0.0,0.0,0.0,0.0,0.0,0.0,0.0,0.0,30.33183534230805,11.984273114623,7.109797541277533,6.606881964512918,4.736862953800049,0.0,0.0,0.0,0.0,6.42082162292601,13.71667950579045,35.89528683400505,0.0,0.0,0.0,0.0,0.0,13.71667950579045,11.15768457672606,5.563451491696996,30.33183534230805,0.0,0.0,9.23,0.0,0.0,0.0,0.0,13.02770358743893,5.563451491696996,7.109797541277533,18.19910120538483,12.13273413692322,4.736862953800049,4.945751133786848,0.0,0.0,0.0,1.337361111111111,0.0,10.33762849584278,1.01125,0.809537037037037,1.725138888888889,0.3333333333333333,0.0,1.0,0.0,0.0,1.0,0.0,1.0,3.0,1.8755,0.0,0.0,0.0,0.0,0.0,0.0,0.0,0.0,0.0,0.0,0.0,0.0,0.0,0.0,0.0,0.0,0.0,1.0,0.0,0.0,0.0,1.0,0.0,0.0,0.0,0.0,0.0,0.0,-3.652272701263428,-5.865011215209961,-0.05470537394285202,pca,False,train,In-Domain,
NCOCCc1cccc2ccccc12,6.541,5.283088151927438,0.2963949514991186,0.2963949514991186,0.6082808918068494,10.73333333333333,201.269,0.0939894484422172,-0.3661884488272029,1.0,2.666666666666667,16.48166638967871,10.02719197041283,1.987105746726868,-2.056499558213378,2.181387918446713,-2.069288171783965,5.851045960140895,0.1441646494466482,2.29714457333829,2.259783288350702,433.9889281845332,-1.38,3997.031557608625,4.914872519644979,2.348184901155566,10.47053043096224,0.0,0.0,0.0,0.0,0.0,0.0,0.0,0.0,0.0,42.46456947923127,22.7567215435526,0.0,13.3376987120124,4.736862953800049,10.77244842892959,0.0,0.0,5.733667477162185,6.42082162292601,13.3376987120124,48.02802097092827,0.0,5.733667477162185,0.0,0.0,0.0,13.3376987120124,11.15768457672606,5.563451491696996,42.46456947923127,0.0,10.77244842892959,35.25,0.0,0.0,0.0,13.3376987120124,6.42082162292601,16.33589992062659,0.0,0.0,42.46456947923127,10.47053043096224,5.164116827286469,0.0,0.0,2.586453609221467,6.603967781557068,0.0,14.74880794910557,0.9152314814814816,0.9814223513479472,0.0,0.2307692307692307,2.0,2.0,0.0,0.0,2.0,1.0,2.0,4.0,2.3151,0.0,0.0,0.0,0.0,0.0,0.0,0.0,0.0,0.0,0.0,0.0,0.0,0.0,0.0,0.0,0.0,0.0,1.0,0.0,0.0,0.0,0.0,0.0,0.0,0.0,0.0,0.0,0.0,-3.864467144012451,-6.222150802612305,0.672240138053894,pca,False,train,In-Domain,
CCOC(=O)c1cccnc1,6.974500000000001,10.9824537037037,0.3188888888888885,-0.3188888888888885,0.5970980588686805,9.181818181818182,151.165,0.3391873209160381,-0.4623507306085107,1.727272727272727,3.090909090909091,16.53213427627087,10.28365084990536,2.028655884041533,-1.982126676311498,1.97055461759066,-2.036798038779469,5.883338492441399,0.0525652265031728,2.066172828612932,2.6930079504145,233.1071909292144,-1.38,380.1758004647795,3.706849487944401,2.036427858314952,4.736862953800049,0.0,0.0,0.0,0.0,5.969305287951849,4.983978520947209,4.794537184071822,0.0,0.0,0.0,19.05647133661384,12.39368714322615,12.17033345620991,9.53140013787187,5.969305287951849,0.0,4.983978520947209,0.0,6.923737199690624,6.606881964512918,30.08987277184637,0.0,0.0,0.0,0.0,0.0,17.56016577341197,4.736862953800049,17.28172587545944,24.52642128014937,0.0,0.0,39.19,0.0,4.794537184071822,5.969305287951849,12.17033345620991,0.0,6.196843571613076,25.25331490822692,0.0,4.983978520947209,4.736862953800049,4.748981481481482,0.0,14.76962112622827,0.0,0.4947685185185189,-0.3188888888888885,3.372268518518518,3.097935563114135,2.1686470143613,0.0,0.25,0.0,3.0,0.0,1.0,3.0,0.0,3.0,2.0,1.2583,0.0,0.0,0.0,0.0,0.0,0.0,1.0,1.0,1.0,0.0,0.0,0.0,0.0,0.0,0.0,0.0,1.0,1.0,0.0,0.0,0.0,0.0,0.0,0.0,0.0,0.0,0.0,0.0,7.774255275726318,-7.741176128387451,-2.70086669921875,pca,False,train,In-Domain,
FC(F)(F)c1ccccc1,6.275499999999999,11.78787037037037,0.6018518518518527,-4.207083333333333,0.5274607455911078,11.5,146.111,0.4159095025194128,-0.1661375500065051,0.9,1.7,19.41316628386184,10.20458722539983,2.288620868476487,-2.033152281478607,2.276693022207796,-2.028599899047084,5.168684338236331,-0.1371287091349269,1.882242377932386,2.966043178581663,199.8412460336634,-0.99,165.63732925805,2.32548722941792,1.495933778840967,0.0,0.0,0.0,0.0,0.0,6.176298517443475,0.0,0.0,13.17124514302446,0.0,30.33183534230805,0.0,0.0,5.563451491696996,13.17124514302446,0.0,0.0,0.0,0.0,6.176298517443475,0.0,35.89528683400505,0.0,0.0,13.17124514302446,0.0,0.0,0.0,6.176298517443475,5.563451491696996,30.33183534230805,0.0,0.0,0.0,11.73975000914047,13.17124514302446,0.0,0.0,12.13273413692322,12.13273413692322,6.06636706846161,0.0,0.0,0.0,35.36361111111111,0.0,0.0,0.0,-0.6018518518518527,0.0,6.36199074074074,-4.207083333333333,0.0,0.0,0.1428571428571428,0.0,0.0,0.0,0.0,0.0,0.0,3.0,0.0,2.705400000000001,0.0,0.0,0.0,0.0,0.0,0.0,0.0,0.0,0.0,0.0,0.0,0.0,0.0,3.0,0.0,0.0,0.0,0.0,3.0,0.0,0.0,0.0,0.0,0.0,0.0,0.0,0.0,0.0,-2.416507482528687,-9.14140796661377,-2.95421314239502,pca,False,train,In-Domain,
COOCCc1cccc2ccccc12,9.83,4.886339049508692,0.5878051776266063,0.5878051776266063,0.430876481656055,10.73333333333333,202.253,0.086225268385186,-0.240082109632478,1.0,2.666666666666667,17.19630233122098,10.02757812365691,1.991195910943884,-2.051461136920531,2.181914969267451,-1.97317215493866,5.85102668686738,-0.2709658419136745,2.29714457333829,2.259783288350702,431.9889281845332,-1.38,3997.031557608625,4.914872519644979,2.348184901155566,0.0,0.0,0.0,0.0,0.0,0.0,0.0,9.775141906512223,0.0,0.0,42.46456947923127,22.7567215435526,0.0,13.71667950579045,9.775141906512223,10.77244842892959,0.0,0.0,0.0,6.42082162292601,13.71667950579045,48.02802097092827,0.0,0.0,0.0,0.0,0.0,13.71667950579045,16.19596352943823,5.563451491696996,42.46456947923127,0.0,10.77244842892959,18.46,0.0,0.0,0.0,6.606881964512918,6.42082162292601,23.44569746190412,0.0,0.0,47.35214043248738,4.887570953256112,0.0,0.0,9.461957671957672,2.562148053665912,1.296435185185185,0.0,14.69056878306878,0.8702314814814816,0.5878051776266063,1.530853647014361,0.2307692307692307,0.0,2.0,0.0,0.0,2.0,0.0,2.0,4.0,2.960300000000002,0.0,0.0,0.0,0.0,0.0,0.0,0.0,0.0,0.0,0.0,0.0,0.0,0.0,0.0,0.0,0.0,0.0,0.0,0.0,0.0,0.0,0.0,0.0,0.0,0.0,0.0,0.0,0.0,-6.094106674194336,-6.118247032165527,0.2831471860408783,pca,False,train,In-Domain,
NCSc1ccccn1,7.17,5.283501511715798,0.5942592592592594,0.5942592592592594,0.4934109196084505,9.444444444444445,140.211,0.0971728562565642,-0.3215714811080598,1.555555555555556,3.0,32.16655729335719,10.51268162037929,1.863440680383688,-1.919868995460766,2.093970455698015,-1.91711380498635,7.987150370424521,1.130797282119215,1.910086008859914,2.61489994009295,163.968645761294,-0.54,145.1665366733534,3.478736954082842,2.032641292148182,5.733667477162185,0.0,0.0,0.0,0.0,0.0,0.0,4.983978520947209,0.0,0.0,17.82825201785273,12.13273413692322,12.07363196134643,5.025959978669241,0.0,11.76188494939112,0.0,4.983978520947209,5.733667477162185,5.025959978669241,5.876788389733356,24.39594477699791,0.0,5.733667477162185,0.0,0.0,11.76188494939112,10.86076691068056,0.0,0.0,29.42190475566714,0.0,0.0,38.91,0.0,0.0,0.0,5.876788389733356,5.025959978669241,0.0,17.95872852100419,18.19910120538483,4.983978520947209,5.733667477162185,0.0,1.541944444444444,4.051435185185185,0.9861111111111112,5.283501511715798,0.5942592592592594,5.780850340136055,1.761898148148148,0.0,0.0,0.1666666666666666,2.0,2.0,0.0,1.0,3.0,1.0,3.0,2.0,1.0899,0.0,0.0,0.0,0.0,0.0,0.0,0.0,0.0,1.0,0.0,0.0,0.0,0.0,0.0,0.0,0.0,0.0,0.0,0.0,0.0,0.0,0.0,0.0,0.0,1.0,0.0,0.0,0.0,-6.272797107696533,-6.142413139343262,0.6449963450431824,pca,False,train,In-Domain,
O=C(NO)c1cccc2ccccc12,6.722,11.26630007558579,0.4774074074074079,-0.484444444444444,0.5292562789761345,10.07142857142857,187.198,0.2747651889299849,-0.2883499146161709,1.071428571428571,2.571428571428572,16.46699528106616,10.04544367786691,2.0661694648433,-2.02889739724668,2.173737625418217,-2.182050107465622,6.059984122722095,0.0708002312611628,2.271051244095885,2.707627967901443,474.1761553969986,-1.87,2275.593346584077,3.474709061752637,1.337106571494762,0.0,0.0,0.0,0.0,5.907179729351506,0.0,10.00179020884911,5.480096598121202,0.0,0.0,36.39820241076966,16.8388154973912,5.563451491696996,0.0,10.00179020884911,16.6796281582811,0.0,5.480096598121202,0.0,0.0,0.0,48.02802097092827,0.0,5.480096598121202,0.0,0.0,0.0,11.1144327541288,0.0,10.35798867576882,42.46456947923127,0.0,10.77244842892959,49.33,5.907179729351506,4.794537184071822,0.0,5.563451491696996,10.77244842892959,0.0,17.61283073504442,30.33183534230805,0.0,5.20725302477729,0.0,0.0,11.26630007558579,10.36309240362812,2.11187074829932,-0.484444444444444,12.90984788359788,0.0,0.0,0.0,0.0,2.0,3.0,1.0,0.0,2.0,2.0,3.0,1.0,1.9588,0.0,0.0,0.0,0.0,0.0,0.0,1.0,1.0,0.0,1.0,1.0,0.0,0.0,0.0,0.0,0.0,0.0,0.0,0.0,0.0,0.0,0.0,0.0,0.0,0.0,0.0,0.0,0.0,8.554641723632812,3.213338613510132,-2.780307531356812,pca,False,train,In-Domain,
N#COC(=O)c1cccc2ccccc12,6.903,11.41393896447468,0.4117129629629634,-0.6163888888888887,0.5208625752296903,9.533333333333331,197.193,0.3535909980132584,-0.3468142358391993,1.133333333333333,2.666666666666667,16.5285414460178,10.05094480389163,2.097057902176948,-2.015415964339571,2.18382315506062,-2.006916427802145,6.041676729295634,0.0687137819421681,2.284443904400608,2.616443336370852,549.5458291071337,-2.339999999999999,3627.696920188166,3.805306833285659,1.652492507999264,4.736862953800049,0.0,0.0,0.0,6.255281654379183,5.969305287951849,0.0,4.794537184071822,0.0,5.261891554738487,36.39820241076966,16.8388154973912,0.0,5.563451491696996,9.53140013787187,16.74175371688144,5.261891554738487,0.0,0.0,0.0,0.0,48.02802097092827,6.255281654379183,0.0,0.0,0.0,0.0,5.969305287951849,4.736862953800049,10.35798867576882,42.46456947923127,0.0,10.77244842892959,50.09,5.969305287951849,4.794537184071822,0.0,5.563451491696996,10.77244842892959,6.255281654379183,12.13273413692322,30.33183534230805,4.736862953800049,5.261891554738487,4.302649281934996,0.0,11.41393896447468,10.01787950365331,0.4117129629629634,-0.6163888888888887,12.75576491244646,1.381109930083144,0.0,0.0,0.0,0.0,3.0,0.0,0.0,3.0,0.0,3.0,1.0,2.47768,0.0,0.0,0.0,0.0,0.0,0.0,1.0,1.0,1.0,0.0,0.0,0.0,0.0,0.0,0.0,0.0,1.0,1.0,0.0,0.0,0.0,0.0,0.0,0.0,0.0,0.0,0.0,0.0,-1.751645684242249,2.151146650314331,-2.958866596221924,pca,False,train,In-Domain,
CNNCc1ccccc1,8.8575,3.014537037037037,0.872361111111111,0.872361111111111,0.6034478332257173,9.7,136.198,0.0350475051537949,-0.2606387149603219,1.2,2.5,15.32752372567209,10.21220856250736,1.849930999730436,-2.000808891102597,1.950553988369865,-2.259368351200031,5.134020545830054,0.5962201677125958,2.029573889867405,2.426522346587954,171.872282370036,-0.8600000000000001,251.6671623435582,4.035942018836876,2.169025073408778,0.0,0.0,0.0,0.0,0.0,0.0,10.85158279422077,0.0,0.0,0.0,30.33183534230805,12.61112347437418,6.544756405912575,0.0,0.0,0.0,0.0,10.85158279422077,0.0,6.544756405912575,7.04767198267719,35.89528683400505,0.0,10.85158279422077,0.0,0.0,0.0,7.04767198267719,6.544756405912575,5.563451491696996,30.33183534230805,0.0,0.0,24.06,0.0,0.0,0.0,0.0,6.544756405912575,5.563451491696996,0.0,25.24677318806202,22.98431693114399,0.0,0.0,0.0,0.0,0.0,7.169463340891912,0.0,10.26081443688587,0.0,0.872361111111111,1.864027777777778,0.25,2.0,2.0,0.0,0.0,2.0,2.0,2.0,3.0,0.9105999999999996,0.0,0.0,0.0,0.0,0.0,0.0,0.0,0.0,0.0,2.0,0.0,0.0,0.0,0.0,0.0,0.0,0.0,0.0,0.0,1.0,0.0,0.0,0.0,0.0,0.0,0.0,0.0,0.0,-5.278136253356934,4.244405746459961,-0.2569136023521423,pca,False,train,In-Domain,
ONc1cccnc1,5.7415,8.247592592592593,0.6041666666666667,0.6041666666666667,0.5273420130058467,8.625,110.116,0.0784772118773809,-0.2910439932020111,1.625,2.875,16.45316723365024,10.43916985859814,1.800443315803562,-1.914371834264402,1.978552324201492,-1.869350961452776,5.357390290501587,0.3883856646528907,1.903491193316404,2.832085835007091,151.7746584303015,-1.09,91.36757727918736,2.27718071988761,0.945539331461516,0.0,0.0,0.0,0.0,0.0,0.0,15.6713281438457,0.0,0.0,0.0,0.0,12.13273413692322,6.196843571613076,11.88422984629664,5.20725302477729,5.687386274683562,0.0,4.983978520947209,0.0,0.0,5.480096598121202,24.52642128014937,0.0,5.480096598121202,5.687386274683562,0.0,0.0,10.1912315457245,0.0,0.0,24.52642128014937,0.0,0.0,45.15,0.0,0.0,0.0,5.687386274683562,0.0,6.196843571613076,18.3295777085363,5.480096598121202,4.983978520947209,5.20725302477729,0.0,0.0,3.733009259259259,8.247592592592593,2.568611111111111,0.0,3.449953703703704,3.1675,0.0,0.0,0.0,2.0,3.0,0.0,1.0,3.0,2.0,3.0,1.0,0.8826999999999998,0.0,0.0,0.0,0.0,0.0,0.0,0.0,0.0,1.0,1.0,0.0,0.0,0.0,0.0,1.0,0.0,0.0,0.0,0.0,0.0,0.0,0.0,0.0,0.0,0.0,0.0,0.0,0.0,-5.319802284240723,4.133431911468506,0.3145520389080048,pca,False,train,In-Domain,
COCOc1ccccc1,8.5535,5.132916666666667,0.3095370370370369,0.3095370370370369,0.5913272153235343,9.3,138.166,0.1882028970743536,-0.467573823687477,1.2,2.5,16.65451806439926,10.34124100406701,1.859322797318769,-2.014726612491105,2.066705206187874,-1.973095266027299,5.200653615339601,0.0511140247915086,2.029573889867405,2.426522346587954,171.872282370036,-1.02,251.6671623435582,3.903486251059233,2.070394524238473,9.473725907600098,5.749511833283905,6.792942306099827,0.0,0.0,0.0,0.0,0.0,0.0,0.0,18.19910120538483,12.13273413692322,7.109797541277533,0.0,9.473725907600098,0.0,0.0,0.0,0.0,0.0,13.90273984737736,30.33183534230805,5.749511833283905,4.736862953800049,0.0,5.749511833283905,0.0,13.90273984737736,4.736862953800049,0.0,30.33183534230805,0.0,0.0,18.46,0.0,0.0,0.0,6.792942306099827,5.749511833283905,0.0,7.109797541277533,30.33183534230805,0.0,9.473725907600098,9.856445578231291,0.0,0.0,0.0,0.0,0.8373611111111112,9.563184051398338,0.0,0.3095370370370369,1.600138888888889,0.25,0.0,2.0,0.0,0.0,2.0,0.0,2.0,3.0,1.6693,0.0,0.0,0.0,0.0,0.0,0.0,0.0,0.0,0.0,0.0,0.0,0.0,0.0,0.0,0.0,0.0,0.0,2.0,0.0,0.0,0.0,1.0,1.0,0.0,0.0,0.0,0.0,0.0,13.08665370941162,-3.769521236419678,3.611414670944214,pca,False,train,In-Domain,
OCCCc1ccccn1,4.465,8.499793083900228,0.2466014739229025,0.2466014739229025,0.6739696218821857,9.7,137.182,0.0434262401904396,-0.3963634444260536,1.4,2.9,16.24993528218773,10.21104491651503,1.891010719111861,-1.945510817876829,1.958519140151265,-1.906169752345743,5.025880731090448,0.2878631767024623,2.029573889867405,2.426522346587954,173.872282370036,-0.8900000000000001,251.6671623435582,4.011046940626403,2.15042303420261,5.106527394840706,0.0,0.0,0.0,0.0,0.0,4.983978520947209,0.0,0.0,0.0,6.06636706846161,24.97437738277524,18.49765353097445,0.0,5.106527394840706,0.0,0.0,4.983978520947209,0.0,12.84164324585202,6.606881964512918,30.08987277184637,0.0,0.0,0.0,0.0,0.0,16.69738788030083,6.42082162292601,12.11474961777447,24.39594477699791,0.0,0.0,33.12,0.0,0.0,6.606881964512918,0.0,18.53557124070048,0.0,6.196843571613076,18.19910120538483,4.983978520947209,5.106527394840706,0.0,0.0,4.105138888888889,8.499793083900228,1.052361111111111,0.0,5.817275132275132,3.445496976568405,0.2466014739229025,0.0,0.375,1.0,2.0,0.0,1.0,2.0,1.0,2.0,3.0,1.0065,0.0,1.0,0.0,0.0,0.0,0.0,0.0,0.0,1.0,0.0,0.0,0.0,0.0,0.0,0.0,1.0,0.0,0.0,0.0,0.0,0.0,0.0,0.0,0.0,0.0,0.0,0.0,0.0,3.080862522125244,-5.004959106445312,4.171098232269287,pca,False,train,In-Domain,
CONC(=O)c1cccc2ccccc12,10.052,11.62255007558579,0.2275,-0.2275,0.7557225084085759,10.2,201.225,0.2749547038844909,-0.276716527277733,1.133333333333333,2.666666666666667,16.64034517371574,10.0453624714295,2.075436483356053,-2.050300694225804,2.175312949274216,-2.214009631056218,6.060748631945466,0.0539219684369556,2.284443904400608,2.55515457436636,488.4510308012037,-1.87,3627.696920188166,4.106021219985196,1.823059621671442,0.0,0.0,0.0,0.0,5.907179729351506,0.0,9.632125767808455,5.480096598121202,0.0,0.0,36.39820241076966,16.8388154973912,5.563451491696996,7.109797541277533,9.632125767808455,16.6796281582811,0.0,5.480096598121202,0.0,0.0,7.109797541277533,48.02802097092827,0.0,5.480096598121202,0.0,0.0,0.0,13.01697727062904,4.837588583736633,10.35798867576882,42.46456947923127,0.0,10.77244842892959,38.33,0.0,4.794537184071822,5.907179729351506,5.563451491696996,10.77244842892959,7.109797541277533,6.06636706846161,36.39820241076966,10.31768518185784,0.0,0.0,0.0,16.22995393990929,1.968336167800454,2.935342970521542,-0.2275,13.34086049697657,0.0,0.0,1.419673091458806,0.0833333333333333,1.0,3.0,1.0,0.0,2.0,1.0,3.0,2.0,2.131,0.0,0.0,0.0,0.0,0.0,0.0,1.0,1.0,0.0,1.0,1.0,0.0,0.0,0.0,0.0,0.0,0.0,0.0,0.0,0.0,0.0,0.0,0.0,0.0,0.0,0.0,0.0,0.0,-0.4156025350093842,-2.797531127929688,7.121157169342041,pca,False,train,In-Domain,
NC(=O)CCCc1cccnc1,7.698499999999999,10.39611095364072,0.2371386054421764,-0.2371386054421764,0.7180452808457325,9.666666666666666,164.208,0.2169244051532962,-0.3696798158776853,1.583333333333333,3.0,16.14601558584144,10.11755090346042,1.950101030543197,-1.968009704377782,2.012725669959895,-2.095734545227874,5.731247213138864,-0.117605032011343,2.054764686586734,2.290572056240154,245.9652649298467,-1.38,567.1150534979386,4.488186487375711,3.142667965973564,5.733667477162185,0.0,0.0,5.907179729351506,0.0,0.0,9.77851570501903,0.0,0.0,0.0,6.06636706846161,24.47146180601062,18.81450876615216,0.0,4.794537184071822,5.907179729351506,0.0,4.983978520947209,5.733667477162185,19.26246486877803,0.0,30.08987277184637,0.0,5.733667477162185,0.0,0.0,0.0,10.89115825029871,11.21535880699783,18.40509473754901,24.52642128014937,0.0,0.0,55.98,0.0,4.794537184071822,5.907179729351506,6.42082162292601,18.40509473754901,0.0,12.39368714322615,12.13273413692322,4.983978520947209,5.733667477162185,0.0,0.0,14.36237276392038,0.0,6.153661974048879,-0.2371386054421764,3.882533541194256,5.671903659611993,0.0,0.0,0.3333333333333333,2.0,3.0,1.0,1.0,2.0,1.0,3.0,4.0,0.8896,0.0,0.0,0.0,0.0,0.0,0.0,1.0,1.0,1.0,0.0,0.0,0.0,0.0,0.0,0.0,1.0,0.0,0.0,0.0,0.0,0.0,0.0,0.0,1.0,0.0,0.0,0.0,0.0,-0.5104443430900574,-2.843560934066772,7.413432598114014,pca,False,train,In-Domain,
N#CCc1cccc2ccccc12,4.017,8.629157218442932,0.4874537037037036,0.4874537037037036,0.6402290530161575,9.76923076923077,167.211,0.0669450323975674,-0.1979742030143947,1.0,2.615384615384615,14.22724088585606,10.03010352281444,1.971815561214902,-2.007050098480851,2.177401730337169,-1.827376160036225,5.853124010095599,1.287475844681466,2.189827491530279,2.698444076636897,460.5033256160557,-1.81,1449.665799393045,3.283307126117016,1.388121187393646,0.0,0.0,0.0,0.0,0.0,0.0,0.0,0.0,5.261891554738487,0.0,42.46456947923127,16.33589992062659,0.0,12.49004293571828,0.0,10.77244842892959,5.261891554738487,0.0,0.0,6.42082162292601,0.0,48.02802097092827,6.069221312792274,0.0,0.0,0.0,0.0,0.0,6.42082162292601,5.563451491696996,42.46456947923127,0.0,10.77244842892959,23.79,0.0,0.0,0.0,6.42082162292601,5.563451491696996,10.77244842892959,0.0,24.26546827384644,24.2683225181771,5.261891554738487,0.0,0.0,0.0,11.01971277399849,1.111666666666667,0.0,16.38116685563114,0.4874537037037036,0.0,0.0,0.0833333333333333,0.0,1.0,0.0,0.0,1.0,0.0,1.0,1.0,2.905880000000001,0.0,0.0,0.0,0.0,0.0,0.0,0.0,0.0,1.0,0.0,0.0,0.0,0.0,0.0,0.0,0.0,0.0,0.0,0.0,0.0,0.0,0.0,0.0,0.0,0.0,0.0,0.0,0.0,10.82542610168457,-3.965521335601807,1.724698066711426,pca,False,train,In-Domain,
CCc1cccnc1,5.9055,3.95550925925926,1.077222222222222,1.077222222222222,0.5313362980164081,9.125,107.156,0.0299241518199397,-0.264448680480673,1.625,2.875,14.60654476045535,10.22642774805139,1.806040729306135,-1.884006470817122,1.932639745002977,-1.773256064670957,5.067415025951651,1.103426401631875,1.903491193316404,2.832085835007091,145.732814450335,-0.85,91.36757727918736,2.455694606496293,1.059403087580997,0.0,0.0,0.0,0.0,0.0,0.0,4.983978520947209,0.0,0.0,0.0,12.99010426815223,18.05064018308461,12.39368714322615,0.0,0.0,0.0,0.0,4.983978520947209,0.0,13.34455882261663,0.0,30.08987277184637,0.0,0.0,0.0,0.0,0.0,4.983978520947209,6.42082162292601,12.48718869138762,24.52642128014937,0.0,0.0,12.89,0.0,0.0,0.0,0.0,6.42082162292601,5.563451491696996,6.196843571613076,12.26321064007469,17.97408278909944,0.0,0.0,0.0,3.95550925925926,0.0,1.298611111111111,0.0,4.033564814814815,4.756944444444445,2.122037037037037,0.0,0.2857142857142857,0.0,1.0,0.0,1.0,1.0,0.0,1.0,1.0,1.644,0.0,0.0,0.0,0.0,0.0,0.0,0.0,0.0,1.0,0.0,0.0,0.0,0.0,0.0,0.0,1.0,0.0,0.0,0.0,0.0,0.0,0.0,0.0,0.0,0.0,0.0,0.0,0.0,0.771852970123291,-5.185503005981445,2.080767869949341,pca,False,train,In-Domain,
NCCCCCc1ccccn1,7.836,5.392348985890653,0.8077562043335852,0.8077562043335852,0.6732970008549991,10.08333333333333,164.252,0.0403108287001549,-0.3304735024128549,1.166666666666667,2.75,14.65274343158111,10.13091232959584,1.915126119020821,-1.981251781976113,2.017220916876641,-1.980868752772436,5.026189536390139,0.6790122570488129,2.144015907892219,2.157795777203053,196.253369807243,-0.8900000000000001,694.6611541570788,5.7213645832552,3.486219293300076,5.733667477162185,0.0,0.0,0.0,0.0,0.0,4.983978520947209,0.0,0.0,0.0,12.48718869138762,37.93995541161382,11.89077156646154,0.0,0.0,0.0,0.0,4.983978520947209,5.733667477162185,25.68328649170404,6.544756405912575,30.08987277184637,0.0,5.733667477162185,0.0,0.0,0.0,11.52873492685978,6.42082162292601,24.95639286362649,24.39594477699791,0.0,0.0,38.91,0.0,0.0,0.0,0.0,19.3863996517646,18.53557124070048,0.0,18.3295777085363,11.05034558940882,5.733667477162185,0.0,0.0,4.245126133786848,0.0,6.581720679012346,0.0,6.052672430083145,6.479391219450744,0.8077562043335852,0.0,0.5,2.0,2.0,0.0,1.0,2.0,1.0,2.0,5.0,1.7531,0.0,0.0,0.0,0.0,0.0,0.0,0.0,0.0,1.0,0.0,0.0,0.0,0.0,0.0,0.0,1.0,0.0,0.0,0.0,0.0,0.0,0.0,0.0,0.0,0.0,0.0,2.0,0.0,-3.032094717025757,-2.795537948608398,5.079122066497803,pca,False,train,In-Domain,
COOC(=O)c1ccccc1,10.1075,10.8974537037037,0.4786111111111115,-0.4786111111111115,0.4743693307054206,9.181818181818182,152.149,0.372558139213523,-0.2931122894489013,1.272727272727273,2.454545454545455,17.20546822661804,10.21509099489826,2.039435463986344,-1.967977045389556,1.995594148608196,-2.024701000903933,5.88264100474387,-0.2157154702109903,2.066172828612932,2.6930079504145,230.3523034270509,-1.35,380.1758004647795,3.729813590230065,2.053024326101249,0.0,0.0,0.0,0.0,0.0,5.969305287951849,4.887570953256112,4.794537184071822,4.887570953256112,0.0,18.19910120538483,12.13273413692322,0.0,12.67324903297453,14.56967909058405,5.969305287951849,0.0,0.0,0.0,0.0,7.109797541277533,35.89528683400505,0.0,0.0,0.0,0.0,0.0,13.07910282922938,9.775141906512223,10.35798867576882,30.33183534230805,0.0,0.0,35.53,5.969305287951849,4.794537184071822,0.0,5.563451491696996,0.0,7.109797541277533,24.26546827384644,6.06636706846161,9.775141906512223,0.0,0.0,0.0,19.39491780045352,0.0,0.48087962962963,-0.4786111111111115,8.6436470143613,0.0,0.0,1.2925,0.125,0.0,3.0,0.0,0.0,3.0,0.0,3.0,2.0,1.4048,0.0,0.0,0.0,0.0,0.0,0.0,1.0,1.0,0.0,0.0,0.0,0.0,0.0,0.0,0.0,0.0,0.0,0.0,0.0,0.0,0.0,0.0,0.0,0.0,0.0,0.0,0.0,0.0,-2.940451383590698,-2.928986072540283,5.359553337097168,pca,False,train,In-Domain,
N#Cc1ccccn1,6.183,8.225092592592592,0.4652777777777779,0.4652777777777779,0.4910355135676337,7.875,104.112,0.1399318192047749,-0.2455722835386355,1.5,2.75,14.65399165520094,10.38146022261692,1.808077272922261,-1.790737420853028,1.864722597747143,-1.748248699941633,5.175702837124723,1.264531391979116,1.903491193316404,3.049388908161901,197.5185620370296,-1.36,91.36757727918736,2.080311394972725,0.8235562414266115,0.0,11.76314930764074,0.0,0.0,0.0,0.0,0.0,4.983978520947209,5.261891554738487,0.0,6.06636706846161,12.13273413692322,6.196843571613076,0.0,0.0,0.0,5.261891554738487,4.983978520947209,0.0,0.0,0.0,30.08987277184637,6.069221312792274,0.0,0.0,0.0,0.0,4.983978520947209,0.0,5.693927994848461,24.39594477699791,0.0,0.0,36.68,0.0,0.0,0.0,5.693927994848461,0.0,0.0,24.39594477699791,6.069221312792274,4.983978520947209,5.261891554738487,0.0,0.0,3.736111111111111,8.225092592592592,0.4652777777777779,0.0,7.144398148148148,1.595787037037037,0.0,0.0,0.0,0.0,2.0,0.0,1.0,2.0,0.0,2.0,0.0,0.95328,0.0,0.0,0.0,0.0,0.0,0.0,0.0,0.0,2.0,0.0,0.0,0.0,0.0,0.0,0.0,0.0,0.0,0.0,0.0,0.0,0.0,0.0,0.0,0.0,0.0,0.0,0.0,0.0,8.65912914276123,-0.09560392051935196,0.3087149560451508,pca,False,train,In-Domain,
N#CNCc1ccccn1,5.534,8.138681972789115,0.5112499999999999,0.5112499999999999,0.4757263690523652,8.3,133.154,0.1763717804076619,-0.3178276527663423,1.6,3.1,14.87269641955668,10.3461165803579,1.868043334231461,-1.935352340271715,1.897931706347378,-2.048929295199761,5.029160496628141,0.848454221222665,2.029573889867405,2.524167878187628,224.3565771121841,-1.56,251.6671623435582,3.462586900316001,1.748568576503574,5.316788604006331,0.0,6.19315609577884,0.0,0.0,0.0,4.983978520947209,0.0,5.261891554738487,0.0,6.06636706846161,12.13273413692322,6.196843571613076,12.23868440076104,0.0,0.0,5.261891554738487,10.30076712495354,0.0,6.544756405912575,0.0,30.08987277184637,6.19315609577884,5.316788604006331,0.0,0.0,0.0,4.983978520947209,6.544756405912575,5.693927994848461,24.39594477699791,0.0,0.0,48.71,0.0,0.0,0.0,6.544756405912575,5.693927994848461,0.0,6.196843571613076,24.39225730116367,10.30076712495354,5.261891554738487,0.0,0.0,4.002638888888889,10.64627456538171,0.8787500000000001,0.0,5.59881141345427,3.528941798941799,0.5112499999999999,0.0,0.1428571428571428,1.0,3.0,0.0,1.0,3.0,1.0,3.0,2.0,0.65228,0.0,0.0,0.0,0.0,0.0,0.0,0.0,0.0,2.0,1.0,0.0,0.0,0.0,0.0,0.0,0.0,0.0,0.0,0.0,0.0,0.0,0.0,0.0,0.0,0.0,0.0,0.0,0.0,-1.390848398208618,-1.530149698257446,0.5192543268203735,pca,False,train,In-Domain,
CCOc1ccccn1,8.847,5.094722222222222,0.6775925925925926,0.6775925925925926,0.5938615148024204,9.0,123.155,0.2126343693570742,-0.4779576509003226,1.555555555555556,3.0,16.4832192168618,10.48524242313259,1.851297351602051,-1.971010025451618,2.008763068345067,-1.916821230180524,5.082149213305435,0.3266505867063516,1.910086008859914,2.61489994009295,161.8269363112177,-1.05,145.1665366733534,3.071656627446085,1.720081563596879,4.736862953800049,0.0,0.0,5.879988336435371,0.0,0.0,0.0,4.983978520947209,0.0,0.0,6.06636706846161,12.99010426815223,12.26321064007469,6.606881964512918,4.736862953800049,0.0,0.0,4.983978520947209,0.0,6.923737199690624,6.606881964512918,24.39594477699791,5.879988336435371,4.736862953800049,0.0,5.879988336435371,0.0,11.59086048546013,0.0,6.923737199690624,24.39594477699791,0.0,0.0,22.12,0.0,0.0,0.0,12.48687030094829,0.0,0.0,6.196843571613076,25.12283840507545,4.983978520947209,4.736862953800049,5.094722222222222,0.0,3.94625,0.0,0.0,0.6944444444444446,5.601203703703703,1.713287037037037,2.616759259259259,0.0,0.2857142857142857,0.0,2.0,0.0,1.0,2.0,0.0,2.0,2.0,1.4803,0.0,0.0,0.0,0.0,0.0,0.0,0.0,0.0,1.0,0.0,0.0,0.0,0.0,0.0,0.0,0.0,0.0,1.0,0.0,0.0,0.0,0.0,0.0,0.0,0.0,0.0,0.0,0.0,-4.948227882385254,1.065883874893188,3.477427005767822,pca,False,train,In-Domain,
Nc1ccccc1,5.8315,5.357777777777778,0.8217592592592595,0.8217592592592595,0.4800754634455599,8.571428571428571,93.129,0.0313475925912186,-0.3987288294865909,1.0,1.857142857142857,14.53191100585711,10.32560544430944,1.717748550374648,-1.832534423054877,1.953829616100672,-1.788344189435659,5.35384440237622,1.688654593629907,1.685616163320438,3.021465309724086,134.1073696954145,-0.98,47.19725257297226,1.646196215939805,0.9290591797144502,5.733667477162185,0.0,0.0,0.0,0.0,0.0,0.0,0.0,0.0,0.0,18.19910120538483,12.13273413692322,5.687386274683562,0.0,0.0,5.687386274683562,0.0,0.0,0.0,0.0,5.733667477162185,30.33183534230805,0.0,5.733667477162185,5.687386274683562,0.0,0.0,0.0,0.0,0.0,30.33183534230805,0.0,0.0,26.02,0.0,0.0,0.0,0.0,5.687386274683562,0.0,0.0,30.33183534230805,0.0,5.733667477162185,0.0,0.0,0.0,0.0,6.179537037037037,0.0,9.48712962962963,0.0,0.0,0.0,0.0,2.0,1.0,0.0,0.0,1.0,1.0,1.0,0.0,1.2688,0.0,0.0,1.0,0.0,0.0,0.0,0.0,0.0,0.0,0.0,0.0,0.0,0.0,0.0,1.0,0.0,0.0,0.0,0.0,0.0,0.0,0.0,1.0,0.0,0.0,0.0,0.0,0.0,-5.065968990325928,0.6951596140861511,3.92760968208313,pca,False,train,In-Domain,
NC(=O)NC(=O)c1cccc2ccccc12,10.011,11.65713340891912,0.4415740740740745,-0.849135015117157,0.7570852138591725,10.0,214.224,0.3185948417848929,-0.3512931252078183,1.0,2.4375,16.17573043283363,10.04281484823127,2.099545974310174,-2.045417475529383,2.175364391332843,-2.34518160733999,6.112460728794333,0.0967629642677488,2.270718063917336,2.518342488137205,558.452245177333,-2.359999999999999,4936.541070956289,4.020070308274743,1.856811406000596,5.733667477162185,0.0,0.0,0.0,5.907179729351506,6.031114512338072,10.11132578807815,4.794537184071822,0.0,0.0,36.39820241076966,16.8388154973912,5.563451491696996,0.0,9.589074368143644,22.71074267061917,0.0,5.316788604006331,5.733667477162185,0.0,0.0,48.02802097092827,0.0,11.05045608116852,4.794537184071822,0.0,0.0,11.93829424168958,0.0,10.35798867576882,42.46456947923127,0.0,10.77244842892959,72.19,11.93829424168958,9.589074368143644,0.0,5.563451491696996,10.77244842892959,0.0,12.13273413692322,30.33183534230805,5.316788604006331,5.733667477162185,0.0,0.0,22.26653234441925,3.79036186696901,5.345470836482741,-0.4821296296296291,11.91309791509196,0.0,0.0,0.0,0.0,3.0,4.0,3.0,0.0,2.0,2.0,4.0,1.0,1.6483,0.0,0.0,0.0,0.0,0.0,0.0,2.0,2.0,0.0,1.0,0.0,0.0,0.0,0.0,0.0,0.0,0.0,0.0,0.0,0.0,1.0,0.0,0.0,1.0,0.0,0.0,0.0,1.0,8.55179500579834,-4.089613437652588,-0.6091042757034302,pca,False,train,In-Domain,
N#COCCc1cccc2ccccc12,6.459,8.285322656840513,0.4489162887377174,0.4489162887377174,0.5595477270219187,9.8,197.237,0.2858102343469222,-0.4271594254082346,1.066666666666667,2.733333333333333,16.4678582013875,10.02724509019192,1.990307071117272,-2.042523820191989,2.181458569791428,-1.942419273194315,5.851070163177805,0.2748163294623699,2.29714457333829,2.307239325457475,493.8572668396344,-2.01,3997.031557608625,4.474579630274493,2.079168388732209,4.736862953800049,6.606881964512918,0.0,0.0,6.255281654379183,0.0,0.0,0.0,5.261891554738487,0.0,42.46456947923127,16.33589992062659,6.42082162292601,0.0,4.736862953800049,10.77244842892959,5.261891554738487,0.0,0.0,6.42082162292601,6.606881964512918,48.02802097092827,6.255281654379183,0.0,0.0,0.0,0.0,6.606881964512918,11.15768457672606,5.563451491696996,42.46456947923127,0.0,10.77244842892959,33.02,0.0,0.0,0.0,6.606881964512918,6.42082162292601,16.33589992062659,6.255281654379183,18.19910120538483,24.26546827384644,9.998754508538536,4.691894605064248,0.0,0.0,10.75152399848828,1.225324074074075,0.0,14.42360276518015,2.458738268455531,0.4489162887377174,0.0,0.1538461538461538,0.0,2.0,0.0,0.0,2.0,0.0,2.0,3.0,2.879980000000001,0.0,0.0,0.0,0.0,0.0,0.0,0.0,0.0,1.0,0.0,0.0,0.0,0.0,0.0,0.0,0.0,0.0,1.0,0.0,0.0,0.0,0.0,0.0,0.0,0.0,0.0,0.0,0.0,-1.64705216884613,-5.299008369445801,-0.5335755944252014,pca,False,train,In-Domain,
CNOC(=O)c1cccnc1,10.2635,10.9199537037037,0.4299999999999999,-0.4299999999999999,0.6219743528324854,9.181818181818182,152.153,0.3578727896078286,-0.3669882064170981,1.727272727272727,3.090909090909091,16.67787694262487,10.28740214523758,2.035363975755512,-1.982376075015385,1.956700411288353,-2.145628947455069,5.881329957967735,0.0309213047705663,2.066172828612932,2.6930079504145,235.4557064748111,-1.42,380.1758004647795,3.676279989619408,2.014371346583059,4.837588583736633,0.0,0.0,0.0,0.0,5.969305287951849,4.983978520947209,4.794537184071822,5.480096598121202,0.0,0.0,12.13273413692322,19.44135912590334,5.563451491696996,9.632125767808455,5.969305287951849,0.0,10.46407511906841,0.0,0.0,7.04767198267719,30.08987277184637,0.0,5.480096598121202,0.0,0.0,0.0,18.00095579157625,4.837588583736633,10.35798867576882,24.52642128014937,0.0,0.0,51.22,5.969305287951849,4.794537184071822,0.0,5.563451491696996,0.0,13.24451555429027,18.3295777085363,0.0,15.30166370280504,0.0,0.0,0.0,19.17832482993197,0.0,2.720898526077098,-0.4299999999999999,3.304490740740741,3.037527399848828,0.0,1.522091836734694,0.1428571428571428,1.0,4.0,0.0,1.0,4.0,1.0,4.0,2.0,0.3728000000000002,0.0,0.0,0.0,0.0,0.0,0.0,1.0,1.0,1.0,1.0,1.0,0.0,0.0,0.0,0.0,0.0,0.0,0.0,0.0,0.0,0.0,0.0,0.0,0.0,0.0,0.0,0.0,0.0,-5.293968677520752,-2.93917441368103,2.480276584625244,pca,False,train,In-Domain,
NC(=O)Nc1cccnc1,9.0305,10.25204081632653,0.5759259259259257,-0.5759259259259257,0.5937898584624383,8.8,137.142,0.3161661014372725,-0.3513695090976403,1.7,3.0,16.15820714915712,10.41778222978712,1.910974324859801,-1.966864207459236,1.998306306400734,-2.186193656650527,5.86885372681907,0.2590751408662636,1.881014057849052,2.674241602295127,221.6943549440617,-1.58,195.6254620163014,2.816686572772721,1.736993379776821,11.05045608116852,0.0,0.0,0.0,0.0,6.031114512338072,4.983978520947209,4.794537184071822,0.0,0.0,0.0,12.13273413692322,6.196843571613076,11.88422984629664,4.794537184071822,11.71850078702163,0.0,4.983978520947209,5.733667477162185,0.0,5.316788604006331,24.52642128014937,0.0,11.05045608116852,10.48192345875538,0.0,0.0,11.01509303328528,0.0,0.0,24.52642128014937,0.0,0.0,68.01,6.031114512338072,4.794537184071822,0.0,5.687386274683562,0.0,6.196843571613076,18.3295777085363,0.0,10.30076712495354,5.733667477162185,0.0,0.0,14.01949452003024,2.381111111111111,5.453131141345428,0.0,2.84375,3.135846560846561,0.0,0.0,0.0,3.0,4.0,2.0,1.0,2.0,2.0,4.0,1.0,0.5722000000000003,0.0,0.0,0.0,0.0,0.0,0.0,1.0,1.0,1.0,1.0,0.0,0.0,0.0,0.0,1.0,0.0,0.0,0.0,0.0,0.0,0.0,0.0,0.0,1.0,0.0,0.0,0.0,1.0,-5.415008068084717,-3.070791482925415,2.876675844192505,pca,False,train,In-Domain,
NCCCCCc1cccc2ccccc12,7.873,5.49851782920596,0.8150172430083144,0.8150172430083144,0.7556210408404481,10.8125,213.324,-0.0077273578944235,-0.3304735024423522,0.8125,2.5,14.50917545212911,9.996850704710528,1.989227661089152,-2.055588982947236,2.196780659225891,-1.979087724050134,5.850902421211281,0.6880728209453875,2.34732603669388,2.110960086245581,442.6341571895934,-1.34,6614.764771403353,5.664363083922098,2.6140717421719,5.733667477162185,0.0,0.0,0.0,0.0,0.0,0.0,0.0,0.0,0.0,48.88539110215728,42.14312119531719,0.0,0.0,0.0,10.77244842892959,0.0,0.0,5.733667477162185,25.68328649170404,6.544756405912575,48.02802097092827,0.0,5.733667477162185,0.0,0.0,0.0,6.544756405912575,6.42082162292601,24.82591636047502,42.46456947923127,0.0,10.77244842892959,26.02,0.0,0.0,0.0,0.0,12.96557802883859,35.59836478940461,0.0,0.0,42.46456947923127,5.733667477162185,0.0,0.0,0.0,2.746827155244814,6.966222855660988,0.0,15.18319439889516,4.788738347190728,0.8150172430083144,0.0,0.3333333333333333,2.0,1.0,0.0,0.0,1.0,1.0,1.0,5.0,3.511300000000003,0.0,0.0,0.0,0.0,0.0,0.0,0.0,0.0,0.0,0.0,0.0,0.0,0.0,0.0,0.0,1.0,0.0,0.0,0.0,0.0,0.0,0.0,0.0,0.0,0.0,0.0,2.0,0.0,9.473852157592773,5.222115516662598,-1.094533801078796,pca,False,train,In-Domain,
O=C(O)OCCc1cccnc1,6.3255,9.95166650919627,0.1815740740740739,-1.237138605442176,0.6894532409042674,9.333333333333334,167.164,0.5052675715775052,-0.4497173394319055,1.666666666666667,3.083333333333333,16.65418070682173,10.21031356366594,1.960080994840854,-1.986711378501728,1.962445415169866,-2.036848317526797,5.562144701570406,0.0926837499635054,2.054764686586734,2.290572056240154,247.739702440664,-1.58,567.1150534979386,4.329441682808623,3.005223044230256,9.843390348640757,0.0,0.0,0.0,0.0,6.155365629538759,4.983978520947209,4.794537184071822,0.0,0.0,6.06636706846161,11.62981856015861,18.81450876615216,6.606881964512918,14.63792753271258,6.155365629538759,0.0,4.983978520947209,0.0,6.42082162292601,6.606881964512918,30.08987277184637,0.0,0.0,4.794537184071822,0.0,0.0,22.85275350983959,11.15768457672606,5.563451491696996,24.52642128014937,0.0,0.0,59.42,6.155365629538759,4.794537184071822,6.606881964512918,6.42082162292601,5.563451491696996,0.0,18.46005421168776,6.06636706846161,9.720841474747257,5.106527394840706,4.334640022675737,0.0,13.83112276392038,8.153643392542202,0.9710648148148152,0.0,3.674911659108088,2.686376606198035,0.1815740740740739,0.0,0.25,1.0,4.0,0.0,1.0,3.0,1.0,4.0,3.0,1.3187,0.0,0.0,0.0,0.0,0.0,1.0,1.0,0.0,1.0,0.0,0.0,0.0,0.0,0.0,0.0,0.0,0.0,1.0,0.0,0.0,0.0,0.0,0.0,0.0,0.0,0.0,0.0,0.0,-0.7815533876419067,4.025785446166992,-1.075429439544678,pca,False,train,In-Domain,
NCNCc1ccccc1,5.4865,5.265243764172336,0.5366014739229026,0.5366014739229026,0.5999443270720481,9.7,136.198,0.0430908400327275,-0.3184922414222159,1.2,2.5,14.94344099371193,10.20799946543624,1.853170007131697,-1.98835481246871,1.953193976254368,-2.207975498341553,5.135071698429119,0.7089119727034462,2.029573889867405,2.426522346587954,171.872282370036,-0.8600000000000001,251.6671623435582,4.035942018836876,2.169025073408778,11.05045608116852,0.0,0.0,0.0,0.0,0.0,0.0,0.0,0.0,0.0,30.33183534230805,5.563451491696996,13.21344759481172,0.0,0.0,0.0,0.0,5.316788604006331,5.733667477162185,6.544756405912575,6.668691188899143,35.89528683400505,0.0,11.05045608116852,0.0,0.0,0.0,6.668691188899143,6.544756405912575,5.563451491696996,30.33183534230805,0.0,0.0,38.05,0.0,0.0,0.0,6.668691188899143,6.544756405912575,5.563451491696996,0.0,18.19910120538483,17.44952274092955,5.733667477162185,0.0,0.0,0.0,3.042314814814815,6.536493764172336,0.0,10.19278439153439,0.0,1.395073696145125,0.0,0.25,3.0,2.0,0.0,0.0,2.0,2.0,2.0,3.0,0.6923999999999992,0.0,0.0,0.0,0.0,0.0,0.0,0.0,0.0,0.0,1.0,0.0,0.0,0.0,0.0,0.0,0.0,0.0,0.0,0.0,0.0,0.0,0.0,0.0,0.0,0.0,0.0,0.0,0.0,-4.284018039703369,6.079602241516113,1.546152472496033,pca,False,train,In-Domain,
NCNc1ccccc1,5.708500000000001,5.249427437641724,0.4900925925925925,0.4900925925925925,0.5744778501509334,9.0,122.171,0.062752060455242,-0.3727007612366498,1.222222222222222,2.444444444444445,14.95160407966465,10.31078828336689,1.810893859800522,-1.987277419362795,2.017126989581374,-2.096353346308524,5.413884154412085,1.14414588054181,1.910086008859914,2.61489994009295,159.8269363112177,-1.02,145.1665366733534,3.095316888309086,1.738013020028032,11.05045608116852,0.0,0.0,0.0,0.0,0.0,0.0,0.0,0.0,0.0,18.19910120538483,12.13273413692322,5.687386274683562,6.668691188899143,0.0,5.687386274683562,0.0,0.0,5.733667477162185,0.0,11.98547979290547,30.33183534230805,0.0,11.05045608116852,5.687386274683562,0.0,0.0,6.668691188899143,0.0,0.0,30.33183534230805,0.0,0.0,38.05,0.0,0.0,0.0,6.668691188899143,5.687386274683562,0.0,0.0,30.33183534230805,5.316788604006331,5.733667477162185,0.0,0.0,0.0,2.985277777777778,6.318871882086168,0.0,9.872424414210128,0.0,0.4900925925925925,0.0,0.1428571428571428,3.0,2.0,0.0,0.0,2.0,2.0,2.0,2.0,1.0147,0.0,0.0,0.0,0.0,0.0,0.0,0.0,0.0,0.0,1.0,0.0,0.0,0.0,0.0,1.0,0.0,0.0,0.0,0.0,0.0,0.0,0.0,1.0,0.0,0.0,0.0,0.0,0.0,-4.319561004638672,5.971244335174561,2.108142614364624,pca,False,train,In-Domain,
N#CSc1ccccn1,7.088,8.192651171579744,0.7500000000000002,0.7500000000000002,0.4348326297603294,8.333333333333334,136.179,0.1396502298137484,-0.2488956023731975,1.555555555555556,3.0,32.16646459667992,10.51271576644416,1.86900250295419,-1.855337456737928,2.097958807176551,-1.713426645594907,8.032072620263072,1.140048293705228,1.910086008859914,2.756899621214729,214.2495115060054,-1.01,145.1665366733534,3.103211936139648,1.744003252501752,0.0,10.4272132752823,0.0,0.0,0.0,0.0,0.0,4.983978520947209,5.261891554738487,0.0,6.06636706846161,12.13273413692322,17.95872852100419,0.0,0.0,11.76188494939112,5.261891554738487,4.983978520947209,0.0,5.025959978669241,0.0,24.39594477699791,5.401253296613055,0.0,0.0,0.0,11.76188494939112,4.983978520947209,0.0,0.0,29.42190475566714,0.0,0.0,36.68,0.0,0.0,0.0,0.0,16.78784492806036,0.0,12.26321064007469,17.53398743353628,4.983978520947209,5.261891554738487,0.0,1.069722222222222,3.908935185185185,10.88079931972789,0.0,0.0,5.474200680272109,1.666342592592592,0.0,0.0,0.0,0.0,2.0,0.0,1.0,3.0,0.0,3.0,1.0,1.65478,0.0,0.0,0.0,0.0,0.0,0.0,0.0,0.0,2.0,0.0,0.0,0.0,0.0,0.0,0.0,0.0,0.0,0.0,0.0,0.0,0.0,0.0,0.0,0.0,1.0,1.0,0.0,0.0,9.485721588134766,-2.089077472686768,1.289648175239563,pca,False,train,In-Domain,
N#CNC(=O)c1cccc2ccccc12,6.681,11.52505007558579,0.3663888888888891,-0.3663888888888891,0.5602101675945871,9.533333333333331,196.209,0.2643975770065994,-0.2681717281012543,1.133333333333333,2.666666666666667,16.14899621158801,10.04336141861247,2.073033088063182,-2.025762286839936,2.174692159753779,-2.169262569762559,6.06945491055786,0.0974260345843269,2.284443904400608,2.616443336370852,549.5458291071337,-2.339999999999999,3627.696920188166,3.805306833285659,1.652492507999264,0.0,0.0,6.19315609577884,0.0,5.907179729351506,0.0,10.11132578807815,0.0,5.261891554738487,0.0,36.39820241076966,16.8388154973912,5.563451491696996,0.0,4.794537184071822,16.6796281582811,5.261891554738487,5.316788604006331,0.0,0.0,0.0,48.02802097092827,6.19315609577884,5.316788604006331,0.0,0.0,0.0,5.907179729351506,0.0,10.35798867576882,42.46456947923127,0.0,10.77244842892959,52.89,0.0,4.794537184071822,5.907179729351506,5.563451491696996,10.77244842892959,0.0,18.32589023270206,30.33183534230805,5.316788604006331,5.261891554738487,0.0,0.0,11.52505007558579,12.35206506676745,0.5228240740740744,-0.3663888888888891,13.0020064090451,1.631109930083144,0.0,0.0,0.0,1.0,3.0,1.0,0.0,2.0,1.0,3.0,1.0,2.05068,0.0,0.0,0.0,0.0,0.0,0.0,1.0,1.0,1.0,1.0,0.0,0.0,0.0,0.0,0.0,0.0,0.0,0.0,0.0,0.0,0.0,0.0,0.0,0.0,0.0,0.0,0.0,0.0,-0.6319345831871033,-3.252196311950684,1.544424891471863,pca,False,train,In-Domain,
NNC(=O)c1ccccc1,6.637499999999999,10.77731481481482,0.263333333333333,-0.263333333333333,0.330985552998467,8.9,136.154,0.2646695563047525,-0.2901445510984406,1.3,2.4,16.15195354996857,10.20056339839293,1.97905160813034,-1.953664016224866,1.95360345798863,-2.292881173622466,5.93065663381589,0.0953430176486559,2.048167390601267,2.852627928819143,220.3075329961489,-1.35,237.587417309747,2.982672088871256,1.326592354200191,0.0,0.0,0.0,0.0,5.907179729351506,0.0,10.22032858118221,5.842670270266239,0.0,0.0,18.19910120538483,12.13273413692322,5.563451491696996,0.0,4.794537184071822,5.907179729351506,0.0,5.425791397110385,5.842670270266239,0.0,0.0,35.89528683400505,0.0,11.26846166737662,0.0,0.0,0.0,5.907179729351506,0.0,10.35798867576882,30.33183534230805,0.0,0.0,55.12,0.0,4.794537184071822,5.907179729351506,5.563451491696996,0.0,0.0,24.26546827384644,11.492158465572,0.0,5.842670270266239,0.0,0.0,10.77731481481482,0.0,2.616388888888889,4.641186696900983,8.798442932728646,0.0,0.0,0.0,0.0,3.0,3.0,1.0,0.0,2.0,2.0,3.0,1.0,0.2900999999999996,0.0,0.0,1.0,0.0,0.0,0.0,1.0,1.0,0.0,1.0,0.0,0.0,0.0,0.0,0.0,0.0,0.0,0.0,0.0,1.0,0.0,0.0,0.0,0.0,0.0,0.0,0.0,0.0,-4.216449737548828,-0.9336800575256348,4.397998809814453,pca,False,train,In-Domain,
O=C(O)CCCc1cccc2ccccc12,4.42,10.45310657596372,0.2393067365835226,-0.7220030759217264,0.8478087974109576,10.5,214.264,0.3028514981230581,-0.4812302516924297,1.0625,2.625,16.36512858190094,10.00197795488867,2.01473912133908,-2.047291439208044,2.194562588902088,-1.957783682378177,5.851751586175247,-0.1366084735322931,2.288229392694249,2.201210470473393,497.5664303368614,-1.83,5496.327001251586,4.79463040359227,2.396792810872558,5.106527394840706,0.0,0.0,0.0,0.0,5.969305287951849,4.794537184071822,0.0,0.0,0.0,42.46456947923127,29.17754316647861,6.42082162292601,0.0,9.901064578912528,16.74175371688144,0.0,0.0,0.0,19.26246486877803,0.0,48.02802097092827,0.0,0.0,0.0,0.0,0.0,11.07583268279256,11.21535880699783,18.40509473754901,42.46456947923127,0.0,10.77244842892959,37.3,5.969305287951849,4.794537184071822,6.42082162292601,6.42082162292601,6.42082162292601,16.33589992062659,0.0,18.19910120538483,24.26546827384644,5.106527394840706,0.0,0.0,10.45310657596372,11.05450207860922,1.23550925925926,-0.7220030759217264,14.38144917380533,1.76410265495087,0.0,0.0,0.2142857142857142,1.0,2.0,0.0,0.0,1.0,1.0,2.0,4.0,3.247100000000002,1.0,0.0,0.0,0.0,1.0,1.0,1.0,0.0,0.0,0.0,0.0,0.0,0.0,0.0,0.0,1.0,0.0,0.0,0.0,0.0,0.0,0.0,0.0,0.0,0.0,0.0,0.0,0.0,-4.35914421081543,-1.078212857246399,4.859017848968506,pca,False,train,In-Domain,
CCCOCCc1cccc2ccccc12,9.953,5.535644605064248,0.8212773998488285,0.8212773998488285,0.6876353049226746,10.8125,214.308,0.0506163110957683,-0.3811180644834055,0.9375,2.625,16.4728399001798,10.02698613668754,1.99001218504794,-2.063451925926432,2.182370912731868,-1.993441426358488,5.851055262260428,0.1378555742845401,2.34732603669388,2.110960086245581,442.6341571895934,-1.34,6614.764771403353,5.664363083922098,2.6140717421719,4.736862953800049,0.0,0.0,0.0,0.0,0.0,0.0,0.0,0.0,0.0,49.38830667892189,29.17754316647861,6.606881964512918,6.606881964512918,4.736862953800049,10.77244842892959,0.0,0.0,0.0,19.76538044554264,13.21376392902584,48.02802097092827,0.0,0.0,0.0,0.0,0.0,13.21376392902584,11.15768457672606,18.90801031431363,42.46456947923127,0.0,10.77244842892959,9.23,0.0,0.0,0.0,0.0,26.05540717487786,16.33589992062659,0.0,0.0,49.38830667892189,4.736862953800049,5.535644605064248,0.0,0.0,2.66721295771395,1.383521352985639,0.0,14.99554594986143,2.094137613378685,3.823937520996053,0.0,0.3333333333333333,0.0,1.0,0.0,0.0,1.0,0.0,1.0,5.0,3.808900000000003,0.0,0.0,0.0,0.0,0.0,0.0,0.0,0.0,0.0,0.0,0.0,0.0,0.0,0.0,0.0,0.0,0.0,1.0,0.0,0.0,0.0,0.0,0.0,0.0,0.0,0.0,0.0,0.0,7.183969020843506,-2.269735813140869,-1.551813960075378,pca,False,train,In-Domain,
FC(F)(F)Cc1ccccn1,7.269,11.70133786848073,0.0555555555555562,-4.15837962962963,0.6147351187844039,11.54545454545454,161.126,0.394046712233742,-0.2609649563623876,1.272727272727273,2.454545454545455,19.41311355134471,10.25646299207996,2.274086003672741,-2.031728911123924,2.188144856924083,-2.117403192651557,5.039452857526265,-0.1273591253134569,1.854984569443839,2.657660984532226,216.8773373457951,-1.06,244.8579631665867,2.900367140172372,3.020284167908217,0.0,0.0,0.0,0.0,0.0,6.176298517443475,4.983978520947209,0.0,13.17124514302446,0.0,6.06636706846161,12.13273413692322,11.89077156646154,6.42082162292601,13.17124514302446,0.0,0.0,4.983978520947209,0.0,12.59712014036948,0.0,30.08987277184637,0.0,0.0,13.17124514302446,0.0,0.0,11.16027703839068,6.42082162292601,5.693927994848461,24.39594477699791,0.0,0.0,12.89,12.59712014036948,13.17124514302446,5.693927994848461,0.0,0.0,18.3295777085363,6.06636706846161,0.0,4.983978520947209,0.0,35.10401360544218,0.0,3.544097222222222,0.0,0.0555555555555562,0.0,4.47364843159486,-3.760648148148148,0.0,0.0,0.2857142857142857,0.0,1.0,0.0,1.0,1.0,0.0,4.0,1.0,2.1864,0.0,0.0,0.0,0.0,0.0,0.0,0.0,0.0,1.0,0.0,0.0,0.0,0.0,3.0,0.0,0.0,0.0,0.0,3.0,0.0,0.0,0.0,0.0,0.0,0.0,0.0,0.0,0.0,-2.941547393798828,-3.740799427032471,-1.594185709953308,pca,False,train,In-Domain,
COCCCc1cccnc1,7.7395,4.943142715419501,0.8282681405895692,0.8282681405895692,0.610433464578322,9.909090909090908,151.2089999999999,0.0464944313140376,-0.3846780722205835,1.545454545454545,3.090909090909091,16.46136817634506,10.15804252704258,1.897848885682845,-1.97849820894694,1.989590524196457,-1.919101326476073,5.075510280283314,0.1949033426437144,2.070366610359243,2.275801287367509,186.0140382728128,-0.89,414.0733220718486,4.854359854527306,3.140286644378089,4.736862953800049,0.0,0.0,0.0,0.0,0.0,4.983978520947209,0.0,0.0,0.0,6.06636706846161,24.47146180601062,26.1103666490166,0.0,4.736862953800049,0.0,0.0,4.983978520947209,0.0,12.84164324585202,13.71667950579045,30.08987277184637,0.0,0.0,0.0,0.0,0.0,18.70065802673766,11.15768457672606,11.984273114623,24.52642128014937,0.0,0.0,22.12,0.0,0.0,0.0,0.0,19.44852521036493,5.563451491696996,13.30664111289061,12.26321064007469,11.05034558940882,4.736862953800049,4.943142715419501,0.0,4.022596844293273,0.0,1.281990740740741,0.0,4.046424792139078,5.81880361866969,0.8282681405895692,1.725439814814815,0.4444444444444444,0.0,2.0,0.0,1.0,2.0,0.0,2.0,4.0,1.6606,0.0,0.0,0.0,0.0,0.0,0.0,0.0,0.0,1.0,0.0,0.0,0.0,0.0,0.0,0.0,1.0,0.0,1.0,0.0,0.0,0.0,1.0,0.0,0.0,0.0,0.0,0.0,0.0,-6.51397180557251,-0.9748566746711731,1.009737253189087,pca,False,train,In-Domain,
NCOC(=O)c1cccnc1,6.8925,10.9024537037037,0.1034448223733939,-0.4438888888888888,0.4837417138144611,9.181818181818182,152.153,0.3405053233677102,-0.4463352111383165,1.727272727272727,3.090909090909091,16.53973635233569,10.28501369182817,2.030468480284554,-1.980965069477419,1.964013339247241,-2.115389745876036,5.883247526352026,0.051467677437652,2.066172828612932,2.6930079504145,235.4557064748111,-1.42,380.1758004647795,3.676279989619408,2.014371346583059,4.736862953800049,6.730816747499484,0.0,0.0,0.0,5.969305287951849,10.71764599810939,4.794537184071822,0.0,0.0,0.0,12.13273413692322,12.39368714322615,5.563451491696996,9.53140013787187,5.969305287951849,0.0,4.983978520947209,5.733667477162185,0.0,6.730816747499484,30.08987277184637,0.0,5.733667477162185,0.0,0.0,0.0,17.68410055639854,4.736862953800049,10.35798867576882,24.52642128014937,0.0,0.0,65.21000000000001,5.969305287951849,4.794537184071822,6.730816747499484,5.563451491696996,0.0,6.196843571613076,18.3295777085363,0.0,9.720841474747257,5.733667477162185,4.52675925925926,0.0,14.64880479969766,0.0,5.418076341647771,-0.4438888888888888,3.275896636432351,3.011130007558579,-0.1034448223733939,0.0,0.1428571428571428,2.0,4.0,0.0,1.0,4.0,1.0,4.0,2.0,0.1545999999999996,0.0,0.0,0.0,0.0,0.0,0.0,1.0,1.0,1.0,0.0,0.0,0.0,0.0,0.0,0.0,0.0,1.0,1.0,0.0,0.0,0.0,0.0,0.0,0.0,0.0,0.0,0.0,0.0,-6.663457870483398,-1.232030391693115,1.731571674346924,pca,False,train,In-Domain,
O=C(O)CCc1ccccn1,4.161,10.14484552154195,0.1498148148148146,-0.7818027210884344,0.7032519523241499,9.454545454545457,151.165,0.3032370945693354,-0.4812212354842268,1.545454545454545,2.909090909090909,16.36513375543802,10.20437654952002,1.973084897710135,-1.939450584939174,1.967102023956936,-1.978579439705792,5.664368495211496,-0.1364857636987045,2.029238942059196,2.453018743531937,233.1071909292144,-1.38,349.0290980341817,3.706849487944401,2.79776342646218,5.106527394840706,0.0,0.0,0.0,0.0,5.969305287951849,9.77851570501903,0.0,0.0,0.0,6.06636706846161,12.13273413692322,18.31159318938755,6.42082162292601,9.901064578912528,5.969305287951849,0.0,4.983978520947209,0.0,12.84164324585202,0.0,30.08987277184637,0.0,0.0,0.0,0.0,0.0,16.05981120373976,11.21535880699783,12.11474961777447,24.39594477699791,0.0,0.0,50.19,5.969305287951849,4.794537184071822,6.42082162292601,6.42082162292601,5.693927994848461,0.0,6.196843571613076,18.19910120538483,4.983978520947209,5.106527394840706,0.0,0.0,14.13220663265306,8.347015306122449,0.8286111111111114,-0.7818027210884344,5.483522770219199,2.323780234315948,0.0,0.0,0.25,1.0,3.0,0.0,1.0,2.0,1.0,3.0,3.0,1.0988,1.0,0.0,0.0,0.0,1.0,1.0,1.0,0.0,1.0,0.0,0.0,0.0,0.0,0.0,0.0,1.0,0.0,0.0,0.0,0.0,0.0,0.0,0.0,0.0,0.0,0.0,0.0,0.0,9.458479881286621,5.17179536819458,-1.557691693305969,pca,False,train,In-Domain,
NC(=O)OC(=O)c1ccccn1,10.196,10.86953703703704,0.05212962962963,-1.133654572940286,0.480609918625704,9.0,166.136,0.4120297579357294,-0.371538720800089,1.416666666666667,2.666666666666667,16.58824024621984,10.3524409263234,2.093423841029965,-1.959702062610833,1.951039200022138,-2.185513010387953,5.938428686265176,0.0631805278047239,2.047189822463458,2.725078186491341,296.7796150138624,-1.91,515.8918352607915,3.472015324360177,2.048419991930613,10.47053043096224,5.693927994848461,0.0,0.0,0.0,12.06254535889026,0.0,14.57305288909085,0.0,0.0,6.06636706846161,12.13273413692322,6.196843571613076,0.0,14.32593732194369,12.06254535889026,0.0,4.983978520947209,5.733667477162185,0.0,0.0,30.08987277184637,0.0,5.733667477162185,4.794537184071822,0.0,0.0,17.04652387983747,4.736862953800049,10.48846517892028,24.39594477699791,0.0,0.0,82.28000000000002,12.06254535889026,9.589074368143644,5.693927994848461,0.0,0.0,12.26321064007469,12.13273413692322,0.0,15.45450895190944,0.0,4.073703703703703,0.0,24.65336404006047,0.0,4.67306783824641,-0.844351851851852,4.66359835600907,0.2806179138322002,0.0,0.0,0.0,2.0,5.0,1.0,1.0,4.0,1.0,5.0,1.0,0.3171000000000002,0.0,0.0,0.0,0.0,0.0,0.0,2.0,2.0,1.0,0.0,0.0,0.0,0.0,0.0,0.0,0.0,1.0,1.0,0.0,0.0,0.0,0.0,0.0,1.0,0.0,0.0,0.0,0.0,-0.8470700979232788,3.941962957382202,-1.525584816932678,pca,False,train,In-Domain,
NC(=O)OC(=O)c1cccnc1,10.1405,10.89203703703704,0.1910185185185189,-1.121432350718065,0.480609918625704,9.0,166.136,0.4119930335479657,-0.3726499361589913,1.5,2.75,16.58781302327601,10.28470057760664,2.082612693599197,-1.963913718013214,1.972615617197925,-2.179316986458978,5.951420139396415,0.0637672127403155,2.047189822463458,2.725078186491341,296.7796150138624,-1.91,515.8918352607915,3.472015324360177,2.048419991930613,10.47053043096224,0.0,0.0,0.0,0.0,12.06254535889026,4.983978520947209,9.589074368143644,0.0,0.0,0.0,12.13273413692322,12.39368714322615,5.563451491696996,14.32593732194369,12.06254535889026,0.0,4.983978520947209,5.733667477162185,0.0,0.0,30.08987277184637,0.0,5.733667477162185,4.794537184071822,0.0,0.0,17.04652387983747,4.736862953800049,10.35798867576882,24.52642128014937,0.0,0.0,82.28000000000002,12.06254535889026,9.589074368143644,5.563451491696996,0.0,0.0,18.46005421168776,6.06636706846161,0.0,15.45450895190944,0.0,4.096203703703703,0.0,24.69392431972789,0.0,4.81932634164777,-0.7957407407407409,3.023670634920635,1.662615740740741,0.0,0.0,0.0,2.0,5.0,1.0,1.0,4.0,1.0,5.0,1.0,0.3171000000000001,0.0,0.0,0.0,0.0,0.0,0.0,2.0,2.0,1.0,0.0,0.0,0.0,0.0,0.0,0.0,0.0,1.0,1.0,0.0,0.0,0.0,0.0,0.0,1.0,0.0,0.0,0.0,0.0,-3.967854499816895,5.764875411987305,1.02322256565094,pca,False,train,In-Domain,
CCNCc1cccnc1,5.6425,3.997584089191232,0.9209722222222222,0.9209722222222222,0.6748056904535396,9.7,136.198,0.0312324103702097,-0.3128927185972481,1.6,3.1,14.83847976543276,10.2734699122927,1.862560554924672,-1.98180226075681,1.924247285153296,-2.109610405046796,5.070353876279077,0.724263835559132,2.029573889867405,2.426522346587954,171.872282370036,-0.89,251.6671623435582,4.011046940626403,2.15042303420261,5.316788604006331,0.0,0.0,0.0,0.0,0.0,4.983978520947209,0.0,0.0,0.0,12.99010426815223,18.17457496607118,18.93844354913873,0.0,0.0,0.0,0.0,10.30076712495354,0.0,13.4684936056032,6.544756405912575,30.08987277184637,0.0,5.316788604006331,0.0,0.0,0.0,11.52873492685978,6.544756405912575,12.48718869138762,24.52642128014937,0.0,0.0,24.92,0.0,0.0,0.0,0.0,13.08951281182515,5.563451491696996,6.196843571613076,12.26321064007469,23.29087139310577,0.0,0.0,0.0,3.997584089191232,3.224537037037037,1.240138888888889,0.0,4.016203703703704,3.664787414965986,4.023415532879818,0.0,0.375,1.0,2.0,0.0,1.0,2.0,1.0,2.0,3.0,1.1911,0.0,0.0,0.0,0.0,0.0,0.0,0.0,0.0,1.0,1.0,0.0,0.0,0.0,0.0,0.0,0.0,0.0,0.0,0.0,0.0,0.0,0.0,0.0,0.0,0.0,0.0,0.0,0.0,-4.134016990661621,5.588078022003174,1.647524952888489,pca,False,train,In-Domain,
CNNCc1cccnc1,8.9315,3.969806311413454,0.809861111111111,0.809861111111111,0.5884529121128766,9.7,137.186,0.0365738413539452,-0.2643966740872879,1.6,3.1,15.32783881800445,10.28367336109513,1.860394871829235,-1.995185193046626,1.917863512702109,-2.260282954054722,5.068705153287664,0.5951304313236838,2.029573889867405,2.426522346587954,173.4659104134693,-0.93,251.6671623435582,3.977895969524155,2.125697952342366,0.0,0.0,0.0,0.0,0.0,0.0,15.83556131516798,0.0,0.0,0.0,6.06636706846161,18.67749054283579,18.93844354913873,0.0,0.0,0.0,0.0,15.83556131516798,0.0,6.544756405912575,7.04767198267719,30.08987277184637,0.0,10.85158279422077,0.0,0.0,0.0,12.0316505036244,6.544756405912575,5.563451491696996,24.52642128014937,0.0,0.0,36.95,0.0,0.0,0.0,0.0,6.544756405912575,5.563451491696996,6.196843571613076,25.37724969121349,15.83556131516798,0.0,0.0,0.0,3.969806311413454,0.0,6.990574452003024,0.0,3.948425925925926,3.604379251700681,0.809861111111111,1.843619614512472,0.2857142857142857,2.0,3.0,0.0,1.0,3.0,2.0,3.0,3.0,0.3055999999999995,0.0,0.0,0.0,0.0,0.0,0.0,0.0,0.0,1.0,2.0,0.0,0.0,0.0,0.0,0.0,0.0,0.0,0.0,0.0,1.0,0.0,0.0,0.0,0.0,0.0,0.0,0.0,0.0,11.27893924713135,-0.5836277008056641,2.694994211196899,pca,False,train,In-Domain,
NC(=O)Sc1ccccc1,10.2885,10.35389266817838,0.3692592592592587,-0.3692592592592587,0.6255746734674741,9.2,153.206,0.2807834206919699,-0.3602224008137619,1.3,2.4,32.16662875299695,10.3708222826729,1.946586700937992,-1.921384533404223,2.151061480620082,-2.004513585333856,8.131135654004733,0.2670186418644455,1.881014057849052,2.674241602295127,222.3075329961489,-0.96,195.6254620163014,3.269363579080025,2.107212770426381,5.733667477162185,0.0,0.0,0.0,5.239211713172287,0.0,4.794537184071822,0.0,0.0,0.0,18.19910120538483,23.89461908631434,4.895483475517775,0.0,4.794537184071822,17.0010966625634,0.0,0.0,5.733667477162185,4.895483475517775,0.0,30.33183534230805,0.0,5.733667477162185,4.794537184071822,0.0,11.76188494939112,5.239211713172287,0.0,0.0,35.22731881782583,0.0,0.0,43.09,0.0,4.794537184071822,5.239211713172287,0.0,16.65736842490889,0.0,0.0,30.33183534230805,0.0,5.733667477162185,0.0,1.037314814814815,11.23815192743764,-0.3692592592592587,4.948501511715797,0.0,9.311957671957671,0.0,0.0,0.0,0.0,2.0,2.0,1.0,0.0,2.0,1.0,3.0,1.0,1.8574,0.0,0.0,0.0,0.0,0.0,0.0,1.0,1.0,0.0,0.0,0.0,0.0,0.0,0.0,0.0,0.0,0.0,0.0,0.0,0.0,0.0,0.0,0.0,1.0,1.0,0.0,0.0,0.0,1.229796528816223,-1.898361682891846,3.254736185073853,pca,False,train,In-Domain,
O=C(O)CCCc1cccnc1,4.327500000000001,10.17388873141849,0.2310459183673467,-0.7371386054421765,0.7348643580046249,9.666666666666666,165.192,0.302851502937332,-0.4812302516797236,1.583333333333333,3.0,16.36512493957863,10.12169384425266,1.965906233991826,-1.963078123838478,2.016710212310022,-1.953224239543417,5.660934958944591,-0.1366087240794689,2.054764686586734,2.290572056240154,245.9652649298467,-1.38,567.1150534979386,4.488186487375711,3.142667965973564,5.106527394840706,0.0,0.0,0.0,0.0,5.969305287951849,9.77851570501903,0.0,0.0,0.0,6.06636706846161,24.47146180601062,18.81450876615216,0.0,9.901064578912528,5.969305287951849,0.0,4.983978520947209,0.0,19.26246486877803,0.0,30.08987277184637,0.0,0.0,0.0,0.0,0.0,16.05981120373976,11.21535880699783,18.40509473754901,24.52642128014937,0.0,0.0,50.19,5.969305287951849,4.794537184071822,6.42082162292601,6.42082162292601,11.984273114623,0.0,12.39368714322615,12.13273413692322,4.983978520947209,5.106527394840706,0.0,0.0,14.10890054169816,8.375865614764425,1.096064814814815,-0.7371386054421765,3.810467214663643,5.179173752834467,0.0,0.0,0.3333333333333333,1.0,3.0,0.0,1.0,2.0,1.0,3.0,4.0,1.4889,1.0,0.0,0.0,0.0,1.0,1.0,1.0,0.0,1.0,0.0,0.0,0.0,0.0,0.0,0.0,1.0,0.0,0.0,0.0,0.0,0.0,0.0,0.0,0.0,0.0,0.0,0.0,0.0,-2.509838819503784,0.3520990312099457,6.304838180541992,pca,False,train,In-Domain,
CCCCCCc1ccccn1,7.918,4.276376133786848,1.139722222222222,1.139722222222222,0.6073046453829345,10.08333333333333,163.264,0.0403108220365604,-0.2613165645592772,1.166666666666667,2.75,14.65228666051187,10.11544875085731,1.914486627347812,-1.980904112065685,2.040152927859134,-1.878994837176563,5.026106381042142,0.6604883258340064,2.144015907892219,2.157795777203053,193.4189029511064,-0.8500000000000001,694.6611541570788,5.756462429507698,3.51467203516026,0.0,0.0,0.0,0.0,0.0,0.0,4.983978520947209,0.0,0.0,0.0,32.25256913693026,24.97437738277524,11.89077156646154,0.0,0.0,0.0,0.0,4.983978520947209,0.0,39.02784531432067,0.0,30.08987277184637,0.0,0.0,0.0,0.0,0.0,4.983978520947209,6.42082162292601,38.30095168624312,24.39594477699791,0.0,0.0,12.89,0.0,0.0,0.0,0.0,6.42082162292601,31.3772144865525,0.0,12.26321064007469,24.04044985756105,0.0,0.0,0.0,4.276376133786848,0.0,1.230188019652306,0.0,6.128613788107836,8.294616559586798,2.23687216553288,0.0,0.5454545454545454,0.0,1.0,0.0,1.0,1.0,0.0,1.0,5.0,3.204400000000001,0.0,0.0,0.0,0.0,0.0,0.0,0.0,0.0,1.0,0.0,0.0,0.0,0.0,0.0,0.0,1.0,0.0,0.0,0.0,0.0,0.0,0.0,0.0,0.0,0.0,0.0,3.0,0.0,-2.477507352828979,0.2812174260616302,6.544955253601074,pca,False,train,In-Domain,
NCNc1cccnc1,5.782500000000001,5.221649659863946,0.4500925925925927,0.4500925925925927,0.5598493879681092,9.0,123.159,0.0628043607943913,-0.3714558323207296,1.666666666666667,3.111111111111111,14.96229839132048,10.42000670420167,1.822378155455434,-1.97989970028762,1.988699751848453,-2.099127662697268,5.385051449543342,1.133083144317493,1.910086008859914,2.61489994009295,161.2137582591305,-1.09,145.1665366733534,3.040168123434117,1.69626508404093,11.05045608116852,0.0,0.0,0.0,0.0,0.0,4.983978520947209,0.0,0.0,0.0,0.0,12.13273413692322,12.39368714322615,12.3560774635827,0.0,5.687386274683562,0.0,4.983978520947209,5.733667477162185,0.0,11.98547979290547,24.52642128014937,0.0,11.05045608116852,5.687386274683562,0.0,0.0,11.65266970984635,0.0,0.0,24.52642128014937,0.0,0.0,50.94,0.0,0.0,0.0,6.668691188899143,5.687386274683562,0.0,12.39368714322615,12.13273413692322,10.30076712495354,5.733667477162185,0.0,0.0,3.885231481481481,2.922777777777778,6.17998299319728,0.0,3.775648148148148,3.452933673469388,0.4500925925925927,0.0,0.1666666666666666,3.0,3.0,0.0,1.0,3.0,2.0,3.0,2.0,0.4097,0.0,0.0,0.0,0.0,0.0,0.0,0.0,0.0,1.0,1.0,0.0,0.0,0.0,0.0,1.0,0.0,0.0,0.0,0.0,0.0,0.0,0.0,0.0,0.0,0.0,0.0,0.0,0.0,8.897626876831055,-4.908799648284912,-2.252281665802002,pca,False,train,In-Domain,
O=C(O)NC(=O)c1ccccc1,6.4735,10.96314814814815,0.3332407407407411,-1.343654572940286,0.6541986704544775,9.0,165.148,0.4111488817846388,-0.464735275946729,1.166666666666667,2.25,16.38731713957626,10.19544994545684,2.058928179601125,-1.971845580761815,1.964651531346996,-2.279338929455923,6.017852545690227,0.094781302492743,2.047189822463458,2.725078186491341,294.4310994682657,-1.84,515.8918352607915,3.52179451409355,2.086362156468448,5.106527394840706,0.0,0.0,0.0,5.907179729351506,6.093240070938415,10.11132578807815,4.794537184071822,0.0,0.0,18.19910120538483,12.13273413692322,5.563451491696996,0.0,14.69560176298435,12.00041980028992,0.0,5.316788604006331,0.0,0.0,0.0,35.89528683400505,0.0,5.316788604006331,4.794537184071822,0.0,0.0,17.10694719513063,0.0,10.35798867576882,30.33183534230805,0.0,0.0,66.4,12.00041980028992,9.589074368143644,0.0,5.563451491696996,0.0,12.13273413692322,23.51588980939116,0.0,0.0,5.106527394840706,0.0,0.0,21.0142436696901,9.950024565381709,0.3332407407407411,-0.6082407407407409,8.15438633786848,-1.343654572940286,0.0,0.0,0.0,2.0,4.0,2.0,0.0,2.0,2.0,4.0,1.0,1.0944,0.0,0.0,0.0,0.0,0.0,1.0,2.0,1.0,0.0,1.0,0.0,0.0,0.0,0.0,0.0,0.0,0.0,0.0,0.0,0.0,1.0,0.0,0.0,0.0,0.0,0.0,0.0,0.0,-1.254248976707458,-6.147297382354736,-2.208792448043823,pca,False,train,In-Domain,
NCCOc1ccccn1,5.394,5.223577097505669,0.5243792517006804,0.5243792517006804,0.6580630289918705,9.3,138.17,0.2126918256190868,-0.4763173032400529,1.5,3.0,16.48439582153522,10.48302414597843,1.877200675827047,-1.997489023835541,2.008741643579888,-2.104408450072002,5.083533423308731,0.3154516861388451,2.029573889867405,2.426522346587954,176.2207979156328,-1.09,251.6671623435582,3.84578737395388,2.027699097944099,10.47053043096224,6.606881964512918,0.0,5.879988336435371,0.0,0.0,0.0,4.983978520947209,0.0,0.0,6.06636706846161,6.06636706846161,18.80796704598726,0.0,4.736862953800049,0.0,0.0,4.983978520947209,5.733667477162185,0.0,13.15163837042549,24.39594477699791,5.879988336435371,10.47053043096224,0.0,5.879988336435371,0.0,18.1356168913727,0.0,0.0,24.39594477699791,0.0,0.0,48.14,0.0,0.0,0.0,19.03162670686086,0.0,0.0,12.26321064007469,12.13273413692322,4.983978520947209,10.47053043096224,5.119027777777778,0.0,3.938472222222222,0.0,5.223577097505669,0.6323611111111114,5.517674792139077,1.686359599395314,1.049194066515495,0.0,0.2857142857142857,2.0,3.0,0.0,1.0,3.0,1.0,3.0,3.0,0.4190999999999998,0.0,0.0,0.0,0.0,0.0,0.0,0.0,0.0,1.0,0.0,0.0,0.0,0.0,0.0,0.0,0.0,0.0,1.0,0.0,0.0,0.0,0.0,0.0,0.0,0.0,0.0,0.0,0.0,-4.600603103637695,-3.614002227783203,0.3807832896709442,pca,False,train,In-Domain,
CONCc1ccccn1,8.905,4.655751133786849,0.6501388888888889,0.6501388888888889,0.6251579716606849,9.7,138.17,0.0633082768501694,-0.3047370890803613,1.6,3.1,16.63294400093042,10.35312987626192,1.875017244195884,-1.980944332131288,1.901441761966458,-2.109005216892036,5.018153375185008,0.0858284824248564,2.029573889867405,2.426522346587954,176.2207979156328,-0.9300000000000002,251.6671623435582,3.977895969524155,2.125697952342366,4.837588583736633,0.0,0.0,0.0,0.0,0.0,4.983978520947209,0.0,5.480096598121202,0.0,6.06636706846161,12.13273413692322,6.196843571613076,19.34848194203857,4.837588583736633,0.0,0.0,10.46407511906841,0.0,6.544756405912575,7.109797541277533,30.08987277184637,0.0,5.480096598121202,0.0,0.0,0.0,12.09377606222474,11.38234498964921,5.693927994848461,24.39594477699791,0.0,0.0,34.15,0.0,0.0,0.0,6.544756405912575,5.693927994848461,0.0,13.30664111289061,18.19910120538483,15.30166370280504,0.0,0.0,0.0,8.729501133786849,0.0,3.678287037037038,0.0,5.765869236583523,1.75662037037037,0.6501388888888889,1.58625,0.2857142857142857,1.0,3.0,0.0,1.0,3.0,1.0,3.0,3.0,0.7325999999999999,0.0,0.0,0.0,0.0,0.0,0.0,0.0,0.0,1.0,1.0,1.0,0.0,0.0,0.0,0.0,0.0,0.0,0.0,0.0,0.0,0.0,0.0,0.0,0.0,0.0,0.0,0.0,0.0,-5.073899745941162,-3.798073530197144,1.097387909889221,pca,False,train,In-Domain,
COCc1ccccn1,7.351,4.86537037037037,0.5980555555555555,0.5980555555555555,0.5896626698853737,9.444444444444445,123.155,0.0883562922328059,-0.3783979023307871,1.555555555555556,3.0,16.4620592203975,10.36713717613257,1.859053321020577,-1.937903388152171,1.925010142540811,-1.884690714323072,5.011194969609855,0.1812738236798291,1.910086008859914,2.61489994009295,161.8269363112177,-0.8900000000000001,145.1665366733534,3.198271052304978,1.816389947961151,4.736862953800049,0.0,0.0,0.0,0.0,0.0,4.983978520947209,0.0,0.0,0.0,6.06636706846161,12.13273413692322,13.30664111289061,12.30080995936138,4.736862953800049,0.0,0.0,4.983978520947209,0.0,6.606881964512918,7.109797541277533,30.08987277184637,0.0,0.0,0.0,0.0,0.0,12.09377606222474,11.34374491831297,5.693927994848461,24.39594477699791,0.0,0.0,22.12,0.0,0.0,0.0,6.606881964512918,5.693927994848461,0.0,13.30664111289061,18.19910120538483,4.983978520947209,4.736862953800049,4.86537037037037,0.0,4.043472222222222,0.0,0.9722222222222224,0.0,5.76787037037037,1.758287037037037,0.5980555555555555,1.661388888888889,0.2857142857142857,0.0,2.0,0.0,1.0,2.0,0.0,2.0,2.0,1.228,0.0,0.0,0.0,0.0,0.0,0.0,0.0,0.0,1.0,0.0,0.0,0.0,0.0,0.0,0.0,0.0,0.0,1.0,0.0,0.0,0.0,1.0,0.0,0.0,0.0,0.0,0.0,0.0,6.19782018661499,-4.620078086853027,-3.365603446960449,pca,False,train,In-Domain,
COc1ccccc1,5.387499999999999,4.914166666666667,0.9097222222222224,0.9097222222222224,0.5316253154127668,8.625,108.14,0.1183577151370223,-0.4967685686134767,1.125,2.125,16.4652404638671,10.34190591272163,1.797147440481107,-1.934541224513704,2.049631127064869,-1.779639062125716,5.198905536384115,0.4145702171982055,1.903491193316404,2.832085835007091,145.732814450335,-0.98,91.36757727918736,2.358604859422516,0.9971092570832982,4.736862953800049,5.749511833283905,0.0,0.0,0.0,0.0,0.0,0.0,0.0,0.0,18.19910120538483,12.13273413692322,0.0,7.109797541277533,4.736862953800049,0.0,0.0,0.0,0.0,0.0,7.109797541277533,30.33183534230805,5.749511833283905,4.736862953800049,0.0,5.749511833283905,0.0,7.109797541277533,0.0,0.0,30.33183534230805,0.0,0.0,9.23,0.0,0.0,0.0,0.0,5.749511833283905,0.0,7.109797541277533,30.33183534230805,0.0,4.736862953800049,4.914166666666667,0.0,0.0,0.0,0.0,0.9097222222222224,9.680740740740742,0.0,0.0,1.662037037037037,0.1428571428571428,0.0,1.0,0.0,0.0,1.0,0.0,1.0,1.0,1.6952,0.0,0.0,0.0,0.0,0.0,0.0,0.0,0.0,0.0,0.0,0.0,0.0,0.0,0.0,0.0,0.0,0.0,1.0,0.0,0.0,0.0,1.0,1.0,0.0,0.0,0.0,0.0,0.0,-4.064310073852539,-6.066713809967041,-3.881642580032349,pca,False,train,In-Domain,
NOC(=O)c1cccc2ccccc12,7.026,11.28018896447468,0.4912962962962968,-0.5122222222222217,0.693167554376226,10.07142857142857,187.198,0.3567303317715278,-0.3696180081667664,1.071428571428571,2.571428571428572,16.65262260741533,10.05153331375672,2.084452690766556,-2.023194587360382,2.180165150577635,-2.097997795295086,6.037664577791605,0.050556840362591,2.271051244095885,2.707627967901443,474.1761553969985,-1.87,2275.593346584077,3.474709061752637,1.337106571494762,4.837588583736633,0.0,0.0,0.0,0.0,5.969305287951849,0.0,4.794537184071822,5.896975471277056,0.0,36.39820241076966,16.8388154973912,0.0,5.563451491696996,9.632125767808455,16.74175371688144,0.0,0.0,5.896975471277056,0.0,0.0,48.02802097092827,0.0,5.896975471277056,0.0,0.0,0.0,5.969305287951849,4.837588583736633,10.35798867576882,42.46456947923127,0.0,10.77244842892959,52.32,5.969305287951849,4.794537184071822,0.0,5.563451491696996,10.77244842892959,0.0,12.13273413692322,30.33183534230805,4.837588583736633,5.896975471277056,0.0,0.0,15.48561602418745,1.84800925925926,0.4912962962962968,4.333328609221467,13.00841647770219,0.0,0.0,0.0,0.0,2.0,3.0,0.0,0.0,3.0,1.0,3.0,1.0,1.8703,0.0,0.0,0.0,0.0,0.0,0.0,1.0,1.0,0.0,0.0,0.0,0.0,0.0,0.0,0.0,0.0,0.0,0.0,0.0,0.0,0.0,0.0,0.0,0.0,0.0,0.0,0.0,0.0,-7.589668750762939,-3.270553112030029,-1.124470710754395,pca,False,train,In-Domain,
Cc1cccc2ccccc12,4.222,2.157407407407407,1.326388888888889,1.326388888888889,0.5297256591150028,10.27272727272727,142.201,-0.0154735978452877,-0.0616293804300127,0.8181818181818182,2.363636363636364,13.9643512678882,10.06565764133852,1.914936577265334,-1.984173317569095,2.160451849412721,-1.746384771078144,5.847478750779856,1.53135539197258,2.055950140473121,2.91316116360486,369.2000235425418,-1.3,505.7637345563877,2.387074829931973,1.006320698806977,0.0,0.0,0.0,0.0,0.0,0.0,0.0,0.0,0.0,0.0,42.46456947923127,23.25963712031721,0.0,0.0,0.0,10.77244842892959,0.0,0.0,0.0,6.923737199690624,0.0,48.02802097092827,0.0,0.0,0.0,0.0,0.0,0.0,0.0,5.563451491696996,42.46456947923127,0.0,10.77244842892959,0.0,0.0,0.0,0.0,0.0,0.0,16.33589992062659,0.0,0.0,49.38830667892189,0.0,0.0,0.0,0.0,2.682870370370371,1.350092592592593,0.0,14.82583333333334,0.0,2.141203703703704,0.0,0.0909090909090909,0.0,0.0,0.0,0.0,0.0,0.0,0.0,0.0,3.148220000000002,0.0,0.0,0.0,0.0,0.0,0.0,0.0,0.0,0.0,0.0,0.0,0.0,0.0,0.0,0.0,1.0,0.0,0.0,0.0,0.0,0.0,0.0,0.0,0.0,0.0,0.0,0.0,0.0,-7.865170001983643,-3.473798513412476,-0.3239205777645111,pca,False,train,In-Domain,
NC(=O)OC(=O)c1cccc2ccccc12,10.233,11.54602229780801,0.3304629629629634,-1.099135015117157,0.5844126942955749,10.0,215.208,0.4119926575601271,-0.3726748512594136,1.0,2.4375,16.58782538494371,10.05075630513576,2.124340623433607,-2.035703672548673,2.185151744546604,-2.181147977297398,6.065795647105284,0.0640255954040465,2.270718063917336,2.518342488137205,557.6973576751694,-2.359999999999999,4936.541070956289,4.020070308274743,1.856811406000596,10.47053043096224,0.0,0.0,0.0,0.0,12.06254535889026,0.0,9.589074368143644,0.0,0.0,36.39820241076966,16.8388154973912,0.0,5.563451491696996,14.32593732194369,22.83499378781985,0.0,0.0,5.733667477162185,0.0,0.0,48.02802097092827,0.0,5.733667477162185,4.794537184071822,0.0,0.0,12.06254535889026,4.736862953800049,10.35798867576882,42.46456947923127,0.0,10.77244842892959,69.39000000000001,12.06254535889026,9.589074368143644,0.0,5.563451491696996,10.77244842892959,0.0,18.19910120538483,24.26546827384644,4.736862953800049,5.733667477162185,4.344315948601663,0.0,22.04431012219703,1.636731859410431,5.123248614260519,-0.7321296296296291,12.51599143361048,-1.099135015117157,0.0,0.0,0.0,2.0,4.0,1.0,0.0,3.0,1.0,4.0,1.0,2.0753,0.0,0.0,0.0,0.0,0.0,0.0,2.0,2.0,0.0,0.0,0.0,0.0,0.0,0.0,0.0,0.0,1.0,1.0,0.0,0.0,0.0,0.0,0.0,1.0,0.0,0.0,0.0,0.0,8.483136177062988,3.534424543380737,-3.208208322525024,pca,False,train,In-Domain,
CCCCCc1ccccn1,6.142,4.250547052154195,1.133611111111111,1.133611111111111,0.5997448817825911,9.909090909090908,149.237,0.0403108206336475,-0.2613165645647591,1.272727272727273,2.818181818181818,14.65224378804463,10.13989175362474,1.902507371143976,-1.966955030317192,2.017357402343706,-1.873096321987402,5.025958494454264,0.7071883724352015,2.070366610359243,2.275801287367509,181.32408233692,-0.8500000000000001,414.0733220718486,4.888623338494641,3.168696336940507,0.0,0.0,0.0,0.0,0.0,0.0,4.983978520947209,0.0,0.0,0.0,25.83174751400425,24.97437738277524,11.89077156646154,0.0,0.0,0.0,0.0,4.983978520947209,0.0,32.60702369139466,0.0,30.08987277184637,0.0,0.0,0.0,0.0,0.0,4.983978520947209,6.42082162292601,31.88013006331711,24.39594477699791,0.0,0.0,12.89,0.0,0.0,0.0,0.0,6.42082162292601,24.95639286362649,0.0,18.3295777085363,17.97408278909944,0.0,0.0,0.0,4.250547052154195,0.0,1.223101851851852,0.0,6.10442436696901,6.867936744142101,2.220656651549509,0.0,0.5,0.0,1.0,0.0,1.0,1.0,0.0,1.0,4.0,2.814300000000001,0.0,0.0,0.0,0.0,0.0,0.0,0.0,0.0,1.0,0.0,0.0,0.0,0.0,0.0,0.0,1.0,0.0,0.0,0.0,0.0,0.0,0.0,0.0,0.0,0.0,0.0,2.0,0.0,-1.778323411941528,2.281066179275513,-3.376077651977539,pca,False,train,In-Domain,
NCc1cccnc1,4.8655,5.309814814814815,0.5772222222222221,0.5772222222222221,0.5698981587218371,9.125,108.144,0.0312244302917075,-0.3264491462415097,1.625,2.875,14.62778490530692,10.28810554379133,1.807319522885627,-1.887432699614974,1.900595289857447,-1.946602603294221,5.064781290446553,1.047649688138153,1.903491193316404,2.832085835007091,147.8745239004113,-0.89,91.36757727918736,2.425723536271459,1.040082501828488,5.733667477162185,0.0,0.0,0.0,0.0,0.0,4.983978520947209,0.0,0.0,0.0,6.06636706846161,11.62981856015861,18.93844354913873,0.0,0.0,0.0,0.0,4.983978520947209,5.733667477162185,6.544756405912575,0.0,30.08987277184637,0.0,5.733667477162185,0.0,0.0,0.0,4.983978520947209,6.544756405912575,5.563451491696996,24.52642128014937,0.0,0.0,38.91,0.0,0.0,0.0,6.544756405912575,5.563451491696996,0.0,12.39368714322615,12.13273413692322,4.983978520947209,5.733667477162185,0.0,0.0,3.87550925925926,0.0,6.386203703703704,0.0,3.828564814814815,3.499166666666667,0.5772222222222221,0.0,0.1666666666666666,2.0,2.0,0.0,1.0,2.0,1.0,2.0,1.0,0.5403,0.0,0.0,0.0,0.0,0.0,0.0,0.0,0.0,1.0,0.0,0.0,0.0,0.0,0.0,0.0,0.0,0.0,0.0,0.0,0.0,0.0,0.0,0.0,0.0,0.0,0.0,0.0,0.0,-5.153537273406982,4.324584007263184,-0.8486295938491821,pca,False,train,In-Domain,
CNCc1cccnc1,8.1955,3.963287037037037,0.8966666666666666,0.8966666666666666,0.6272692040948417,9.444444444444445,122.171,0.0312322066223667,-0.3156372265026285,1.666666666666667,3.111111111111111,14.80226246865541,10.27931614833212,1.841105848212975,-1.946309327738297,1.917894264413356,-2.040370906563795,5.068954704537856,0.8131428315212278,1.910086008859914,2.61489994009295,159.8269363112177,-0.89,145.1665366733534,3.198271052304978,1.816389947961151,5.316788604006331,0.0,0.0,0.0,0.0,0.0,4.983978520947209,0.0,0.0,0.0,6.06636706846161,18.67749054283579,18.93844354913873,0.0,0.0,0.0,0.0,10.30076712495354,0.0,6.544756405912575,7.04767198267719,30.08987277184637,0.0,5.316788604006331,0.0,0.0,0.0,12.0316505036244,6.544756405912575,5.563451491696996,24.52642128014937,0.0,0.0,24.92,0.0,0.0,0.0,0.0,6.544756405912575,5.563451491696996,6.196843571613076,25.37724969121349,10.30076712495354,0.0,0.0,0.0,3.963287037037037,3.043981481481481,1.222222222222222,0.0,3.982314814814815,3.634583333333333,0.8966666666666666,1.923611111111111,0.2857142857142857,1.0,2.0,0.0,1.0,2.0,1.0,2.0,2.0,0.8010000000000002,0.0,0.0,0.0,0.0,0.0,0.0,0.0,0.0,1.0,1.0,0.0,0.0,0.0,0.0,0.0,0.0,0.0,0.0,0.0,0.0,0.0,0.0,0.0,0.0,0.0,0.0,0.0,0.0,-5.222862243652344,4.06330394744873,-0.04560361802577972,pca,False,train,In-Domain,
CCc1ccccc1,5.8315,2.162037037037037,1.139722222222222,1.139722222222222,0.5147578217927745,9.125,106.168,-0.0307440828251019,-0.0622487416550616,1.125,2.125,13.85659693832989,10.17071031253983,1.794357751286123,-1.891751252005772,1.963140557619402,-1.73342650034674,5.133138170456356,1.140415220080154,1.903491193316404,2.832085835007091,141.3842989047383,-0.78,91.36757727918736,2.50834780755501,1.093537203382254,0.0,0.0,0.0,0.0,0.0,0.0,0.0,0.0,0.0,0.0,37.25557254199867,11.984273114623,0.0,0.0,0.0,0.0,0.0,0.0,0.0,13.34455882261663,0.0,35.89528683400505,0.0,0.0,0.0,0.0,0.0,0.0,6.42082162292601,12.48718869138762,30.33183534230805,0.0,0.0,0.0,0.0,0.0,0.0,0.0,6.42082162292601,5.563451491696996,0.0,6.06636706846161,31.18920547353706,0.0,0.0,0.0,0.0,0.0,1.409722222222222,0.0,10.45518518518519,1.139722222222222,2.162037037037037,0.0,0.25,0.0,0.0,0.0,0.0,0.0,0.0,0.0,1.0,2.249000000000001,0.0,0.0,0.0,0.0,0.0,0.0,0.0,0.0,0.0,0.0,0.0,0.0,0.0,0.0,0.0,1.0,0.0,0.0,0.0,0.0,0.0,0.0,0.0,0.0,0.0,0.0,0.0,0.0,12.65503120422363,-3.004983186721802,3.358187437057495,pca,False,train,In-Domain,
CCCOCCc1ccccn1,9.916,5.34672335600907,0.7825925925925926,0.7825925925925926,0.6228598286965883,10.08333333333333,165.236,0.0521041729277573,-0.3810582324006492,1.333333333333333,2.916666666666667,16.4728664582069,10.27169034977964,1.911389729621427,-2.004304043377966,1.94420254056924,-1.999503854285331,5.026928167026739,0.1370648696790943,2.144015907892219,2.157795777203053,198.253369807243,-0.8900000000000001,694.6611541570788,5.7213645832552,3.486219293300076,4.736862953800049,0.0,0.0,0.0,0.0,0.0,4.983978520947209,0.0,0.0,0.0,12.99010426815223,18.55355575984923,24.91847515390047,6.606881964512918,4.736862953800049,0.0,0.0,4.983978520947209,0.0,19.76538044554264,13.21376392902584,30.08987277184637,0.0,0.0,0.0,0.0,0.0,18.19774244997305,11.15768457672606,19.03848681746509,24.39594477699791,0.0,0.0,22.12,0.0,0.0,0.0,0.0,31.74933516972632,0.0,0.0,24.39594477699791,11.90771572063783,4.736862953800049,5.34672335600907,0.0,4.196376133786848,0.0,1.105188019652306,0.0,5.952241906021667,3.817670934114386,3.748466317082389,0.0,0.5,0.0,2.0,0.0,1.0,2.0,0.0,2.0,5.0,2.0507,0.0,0.0,0.0,0.0,0.0,0.0,0.0,0.0,1.0,0.0,0.0,0.0,0.0,0.0,0.0,0.0,0.0,1.0,0.0,0.0,0.0,0.0,0.0,0.0,0.0,0.0,0.0,0.0,2.644357919692993,-4.226661682128906,3.937816619873047,pca,False,train,In-Domain,
O=C(O)CCCc1ccccn1,4.383,10.16910556815319,0.2188236961451246,-0.7445082199546482,0.7348643580046249,9.666666666666666,165.192,0.3028524941189324,-0.4812302461863089,1.5,2.916666666666667,16.36512607408779,10.16140087655213,1.970916993088324,-1.959446068106054,1.999338255085413,-1.9619925189325,5.660804061708749,-0.1366102333040993,2.054764686586734,2.290572056240154,245.9652649298467,-1.38,567.1150534979386,4.48818648737571,3.142667965973563,5.106527394840706,0.0,0.0,0.0,0.0,5.969305287951849,9.77851570501903,0.0,0.0,0.0,6.06636706846161,24.97437738277524,18.31159318938755,0.0,9.901064578912528,5.969305287951849,0.0,4.983978520947209,0.0,19.26246486877803,0.0,30.08987277184637,0.0,0.0,0.0,0.0,0.0,16.05981120373976,11.21535880699783,18.53557124070048,24.39594477699791,0.0,0.0,50.19,5.969305287951849,4.794537184071822,6.42082162292601,6.42082162292601,12.11474961777447,0.0,6.196843571613076,18.19910120538483,4.983978520947209,5.106527394840706,0.0,0.0,14.2517576845553,8.371082451499118,0.9571759259259262,-0.7445082199546482,5.65837962962963,3.339445861678005,0.0,0.0,0.3333333333333333,1.0,3.0,0.0,1.0,2.0,1.0,3.0,4.0,1.4889,1.0,0.0,0.0,0.0,1.0,1.0,1.0,0.0,1.0,0.0,0.0,0.0,0.0,0.0,0.0,1.0,0.0,0.0,0.0,0.0,0.0,0.0,0.0,0.0,0.0,0.0,0.0,0.0,-0.8402700424194336,-2.249762773513794,6.926970481872559,pca,False,train,In-Domain,
COOC(=O)c1cccnc1,10.1815,10.8574537037037,0.3697685185185189,-0.5411111111111115,0.4654161942934162,9.181818181818182,153.137,0.3741143075099451,-0.2930474110200756,1.636363636363636,3.0,17.20547410463241,10.28812966173932,2.048756620444341,-1.963021401762642,1.972202688038678,-2.031639384144164,5.878898104522812,-0.2157325329468391,2.066172828612932,2.6930079504145,234.7008189726477,-1.42,380.1758004647795,3.676279989619408,2.014371346583059,0.0,0.0,0.0,0.0,0.0,5.969305287951849,9.87154947420332,4.794537184071822,4.887570953256112,0.0,0.0,12.13273413692322,12.39368714322615,12.67324903297453,14.56967909058405,5.969305287951849,0.0,4.983978520947209,0.0,0.0,7.109797541277533,30.08987277184637,0.0,0.0,0.0,0.0,0.0,18.06308135017659,9.775141906512223,10.35798867576882,24.52642128014937,0.0,0.0,48.42,5.969305287951849,4.794537184071822,0.0,5.563451491696996,0.0,13.30664111289061,18.3295777085363,0.0,14.75912042745943,0.0,0.0,0.0,23.01875188964475,0.0,0.3697685185185189,-0.5411111111111115,3.236712962962963,2.977119236583523,0.0,1.272091836734694,0.1428571428571428,0.0,4.0,0.0,1.0,4.0,0.0,4.0,2.0,0.7997999999999998,0.0,0.0,0.0,0.0,0.0,0.0,1.0,1.0,1.0,0.0,0.0,0.0,0.0,0.0,0.0,0.0,0.0,0.0,0.0,0.0,0.0,0.0,0.0,0.0,0.0,0.0,0.0,0.0,-0.9854416251182556,-2.192726135253906,7.237224578857422,pca,False,train,In-Domain,
OCCc1ccccc1,5.3055,8.519688208616781,0.2400925925925925,0.2400925925925925,0.6249752698115418,9.444444444444445,122.167,0.0470944874198693,-0.3960313152991432,1.111111111111111,2.333333333333333,16.2499505074552,10.16038661303266,1.848727325364449,-1.929045323832341,1.967945528908244,-1.875846959629597,5.138812350059316,0.2994023147340511,1.910086008859914,2.61489994009295,157.4784207656209,-0.8200000000000001,145.1665366733534,3.253988636849076,1.859038601827228,5.106527394840706,0.0,0.0,0.0,0.0,0.0,0.0,0.0,0.0,0.0,30.33183534230805,11.984273114623,6.606881964512918,0.0,5.106527394840706,0.0,0.0,0.0,0.0,6.42082162292601,6.606881964512918,35.89528683400505,0.0,0.0,0.0,0.0,0.0,11.71340935935362,6.42082162292601,5.563451491696996,30.33183534230805,0.0,0.0,20.23,0.0,0.0,6.606881964512918,0.0,6.42082162292601,5.563451491696996,0.0,30.33183534230805,0.0,5.106527394840706,0.0,0.0,0.0,8.519688208616781,1.194444444444445,0.0,9.947719198790626,0.7647222222222221,0.2400925925925925,0.0,0.25,1.0,1.0,0.0,0.0,1.0,1.0,1.0,2.0,1.2214,0.0,1.0,0.0,0.0,0.0,0.0,0.0,0.0,0.0,0.0,0.0,0.0,0.0,0.0,0.0,0.0,0.0,0.0,0.0,0.0,0.0,0.0,0.0,0.0,0.0,0.0,0.0,0.0,10.39943695068359,-2.932782173156738,1.099740147590637,pca,False,train,In-Domain,
NC(=O)c1ccccc1,6.7195,10.42314814814815,0.3790740740740739,-0.3790740740740739,0.5859367170668043,8.88888888888889,121.139,0.2481951142456483,-0.3655995116322135,1.222222222222222,2.111111111111111,16.14625644986716,10.20341550303187,1.932352871390824,-1.889748933607161,1.94203125139536,-2.094426059552919,5.920744208728861,0.1000074782189683,1.900372627989795,2.981454614041131,205.415952604261,-1.31,129.2253387033061,2.306763635550358,1.287705031935811,5.733667477162185,0.0,0.0,5.907179729351506,0.0,0.0,4.794537184071822,0.0,0.0,0.0,18.19910120538483,12.13273413692322,5.563451491696996,0.0,4.794537184071822,5.907179729351506,0.0,0.0,5.733667477162185,0.0,0.0,35.89528683400505,0.0,5.733667477162185,0.0,0.0,0.0,5.907179729351506,0.0,10.35798867576882,30.33183534230805,0.0,0.0,43.09,0.0,4.794537184071822,5.907179729351506,5.563451491696996,0.0,0.0,24.26546827384644,6.06636706846161,0.0,5.733667477162185,0.0,0.0,10.42314814814815,0.0,5.528055555555556,-0.3790740740740739,8.761203703703703,0.0,0.0,0.0,0.0,2.0,2.0,1.0,0.0,1.0,1.0,2.0,1.0,0.7855000000000001,0.0,0.0,0.0,0.0,0.0,0.0,1.0,1.0,0.0,0.0,0.0,0.0,0.0,0.0,0.0,0.0,0.0,0.0,0.0,0.0,0.0,0.0,0.0,1.0,0.0,0.0,0.0,0.0,0.320603609085083,-4.116702556610107,1.367126107215881,pca,False,train,In-Domain,
NCSc1ccccc1,7.0405,5.323501511715798,0.6567592592592594,0.6567592592592594,0.498205248368584,9.444444444444445,139.223,0.0440223126128954,-0.3216171275879426,1.222222222222222,2.444444444444445,32.16654779992285,10.37084265558088,1.845165613510345,-1.931501691899282,2.130558163871376,-1.90305319766954,7.988279708389804,1.367744070926815,1.910086008859914,2.61489994009295,161.8269363112177,-0.47,145.1665366733534,3.53537541468979,2.076770453703028,5.733667477162185,0.0,0.0,0.0,0.0,0.0,0.0,0.0,0.0,11.76188494939112,18.19910120538483,12.13273413692322,10.77227186525113,0.0,0.0,11.76188494939112,0.0,0.0,5.733667477162185,4.895483475517775,5.876788389733356,30.33183534230805,0.0,5.733667477162185,0.0,0.0,11.76188494939112,5.876788389733356,0.0,0.0,35.22731881782583,0.0,0.0,26.02,0.0,0.0,0.0,5.876788389733356,0.0,4.895483475517775,11.76188494939112,18.19910120538483,12.13273413692322,5.733667477162185,0.0,1.653055555555555,1.236111111111111,0.0,5.323501511715798,0.6567592592592594,10.13057256235828,0.0,0.0,0.0,0.1428571428571428,2.0,1.0,0.0,0.0,2.0,1.0,2.0,2.0,1.6949,0.0,0.0,0.0,0.0,0.0,0.0,0.0,0.0,0.0,0.0,0.0,0.0,0.0,0.0,0.0,0.0,0.0,0.0,0.0,0.0,0.0,0.0,0.0,0.0,1.0,0.0,0.0,0.0,-3.376291513442993,-1.992065191268921,4.52354621887207,pca,False,train,In-Domain,
FC(F)(F)c1cccc2ccccc12,6.442,12.51781934996221,0.2523148148148155,-4.276921296296297,0.5997517919215529,11.92857142857143,196.171,0.4165071906427657,-0.166110669822944,0.7857142857142857,2.142857142857143,19.41317258515551,10.04635162311955,2.313978375427953,-2.089229124569054,2.337757433177192,-2.046416492235904,5.855570164495912,-0.135827386654709,2.153975952404114,2.778149470291124,452.0344517988318,-1.51,1628.40582001751,3.011529267928433,1.454012841442294,0.0,0.0,0.0,0.0,0.0,6.176298517443475,0.0,0.0,13.17124514302446,0.0,36.39820241076966,16.8388154973912,0.0,5.563451491696996,13.17124514302446,10.77244842892959,0.0,0.0,0.0,6.176298517443475,0.0,48.02802097092827,0.0,0.0,13.17124514302446,0.0,0.0,0.0,6.176298517443475,5.563451491696996,42.46456947923127,0.0,10.77244842892959,0.0,11.73975000914047,13.17124514302446,5.386224214464796,5.386224214464796,6.06636706846161,12.13273413692322,24.26546827384644,0.0,0.0,0.0,37.55345804988661,0.0,0.0,0.8655787037037048,-0.5735185185185194,0.0,10.68140306122449,-4.276921296296297,0.0,0.0,0.0909090909090909,0.0,0.0,0.0,0.0,0.0,0.0,3.0,0.0,3.858600000000002,0.0,0.0,0.0,0.0,0.0,0.0,0.0,0.0,0.0,0.0,0.0,0.0,0.0,3.0,0.0,0.0,0.0,0.0,3.0,0.0,0.0,0.0,0.0,0.0,0.0,0.0,0.0,0.0,-3.35579776763916,-2.071963310241699,4.770398616790771,pca,False,train,In-Domain,
NCOC(=O)c1cccc2ccccc12,6.985,11.55643896447468,0.095184004157218,-0.3802777777777775,0.5961281441310637,10.2,201.225,0.3395626611308656,-0.4463598480881655,1.133333333333333,2.666666666666667,16.53974783010501,10.05082617513766,2.089429499753907,-2.04599474759936,2.183596074029349,-2.118667117176112,6.038896054805375,0.0517515481273536,2.284443904400608,2.55515457436636,488.4510308012037,-1.87,3627.696920188166,4.106021219985196,1.823059621671442,4.736862953800049,6.730816747499484,0.0,0.0,0.0,5.969305287951849,5.733667477162185,4.794537184071822,0.0,0.0,36.39820241076966,16.8388154973912,0.0,5.563451491696996,9.53140013787187,16.74175371688144,0.0,0.0,5.733667477162185,0.0,6.730816747499484,48.02802097092827,0.0,5.733667477162185,0.0,0.0,0.0,12.70012203545133,4.736862953800049,10.35798867576882,42.46456947923127,0.0,10.77244842892959,52.32,0.0,4.794537184071822,12.70012203545133,5.563451491696996,10.77244842892959,0.0,6.06636706846161,36.39820241076966,0.0,10.47053043096224,4.774871504157218,0.0,11.55643896447468,1.905019841269842,5.72199861426052,-0.3802777777777775,13.1837995244394,0.0,-0.095184004157218,0.0,0.0833333333333333,2.0,3.0,0.0,0.0,3.0,1.0,3.0,2.0,1.9128,0.0,0.0,0.0,0.0,0.0,0.0,1.0,1.0,0.0,0.0,0.0,0.0,0.0,0.0,0.0,0.0,1.0,1.0,0.0,0.0,0.0,0.0,0.0,0.0,0.0,0.0,0.0,0.0,8.549188613891602,0.2722538709640503,-0.2285831570625305,pca,False,train,In-Domain,
NC(=O)CCCc1cccc2ccccc12,7.791,10.67532879818594,0.2220030759217262,-0.2220030759217262,0.8331774781749345,10.5,213.28,0.2169244003796241,-0.3696798158931336,1.0625,2.625,16.14601790497234,10.00094242565305,2.007020350582295,-2.049169436822738,2.194004459342219,-2.096294044302736,5.852292553354693,-0.1176048141026248,2.288229392694249,2.201210470473393,499.5664303368613,-1.83,5496.327001251586,4.79463040359227,2.396792810872558,5.733667477162185,0.0,0.0,5.907179729351506,0.0,0.0,4.794537184071822,0.0,0.0,0.0,42.46456947923127,29.17754316647861,6.42082162292601,0.0,4.794537184071822,16.6796281582811,0.0,0.0,5.733667477162185,19.26246486877803,0.0,48.02802097092827,0.0,5.733667477162185,0.0,0.0,0.0,5.907179729351506,11.21535880699783,18.40509473754901,42.46456947923127,0.0,10.77244842892959,43.09,0.0,4.794537184071822,5.907179729351506,6.42082162292601,12.84164324585202,16.33589992062659,0.0,12.13273413692322,30.33183534230805,5.733667477162185,0.0,0.0,10.67532879818594,2.521801303854875,6.421375188964476,-0.2220030759217262,14.57883957441001,2.191324877173092,0.0,0.0,0.2142857142857142,2.0,2.0,1.0,0.0,1.0,1.0,2.0,4.0,2.647800000000001,0.0,0.0,0.0,0.0,0.0,0.0,1.0,1.0,0.0,0.0,0.0,0.0,0.0,0.0,0.0,1.0,0.0,0.0,0.0,0.0,0.0,0.0,0.0,1.0,0.0,0.0,0.0,0.0,-1.437151551246643,-1.315357089042664,0.08301153033971786,pca,False,train,In-Domain,
N#Cc1ccccc1,6.0535,8.287592592592592,0.7152777777777779,0.7152777777777779,0.4884445703746373,7.875,103.124,0.0991088368244062,-0.1924370514343749,1.125,2.125,14.22571969826466,10.23586340395411,1.790351598579569,-1.795060714022159,1.924929765136265,-1.657459606323374,5.267807767357365,1.485586806042628,1.903491193316404,3.049388908161901,195.3768525869532,-1.29,91.36757727918736,2.13092991566867,0.8545400393598551,0.0,0.0,0.0,0.0,0.0,0.0,0.0,0.0,5.261891554738487,0.0,18.19910120538483,12.13273413692322,0.0,11.63267280448927,0.0,0.0,5.261891554738487,0.0,0.0,0.0,0.0,35.89528683400505,6.069221312792274,0.0,0.0,0.0,0.0,0.0,0.0,5.563451491696996,30.33183534230805,0.0,0.0,23.79,0.0,0.0,0.0,5.563451491696996,0.0,0.0,12.13273413692322,24.2683225181771,0.0,5.261891554738487,0.0,0.0,0.0,8.287592592592592,0.7152777777777779,0.0,11.1637962962963,0.0,0.0,0.0,0.0,0.0,1.0,0.0,0.0,1.0,0.0,1.0,0.0,1.55828,0.0,0.0,0.0,0.0,0.0,0.0,0.0,0.0,1.0,0.0,0.0,0.0,0.0,0.0,0.0,0.0,0.0,0.0,0.0,0.0,0.0,0.0,0.0,0.0,0.0,0.0,0.0,0.0,-5.013530731201172,1.218500137329102,2.991735219955444,pca,False,train,In-Domain,
FC(F)(F)Cc1cccc2ccccc12,7.306,12.26924508692366,0.3338888888888895,-4.14868575207861,0.6682110008895018,11.93333333333333,210.198,0.3925618228226258,-0.170775855005842,0.8666666666666667,2.266666666666667,19.413114821327,10.02201670208982,2.276508073118021,-2.085732385919083,2.259652389946331,-2.111338941125323,5.851712249955852,-0.1264970252976587,2.160079240548532,2.515703102642712,466.2460807121859,-1.51,2492.731443593006,3.570505157744325,2.291584333469332,0.0,0.0,0.0,0.0,0.0,6.176298517443475,0.0,0.0,13.17124514302446,0.0,42.46456947923127,16.33589992062659,0.0,6.42082162292601,13.17124514302446,10.77244842892959,0.0,0.0,0.0,12.59712014036948,0.0,48.02802097092827,0.0,0.0,13.17124514302446,0.0,0.0,6.176298517443475,6.42082162292601,5.563451491696996,42.46456947923127,0.0,10.77244842892959,0.0,12.59712014036948,13.17124514302446,0.0,10.94967570616179,5.386224214464796,6.06636706846161,18.19910120538483,18.19910120538483,0.0,0.0,36.80773526077097,0.0,0.0,1.524606481481482,0.3338888888888895,0.0,12.09916808390023,-5.015398715041572,0.0,0.0,0.1666666666666666,0.0,0.0,0.0,0.0,0.0,0.0,3.0,1.0,3.944600000000002,0.0,0.0,0.0,0.0,0.0,0.0,0.0,0.0,0.0,0.0,0.0,0.0,0.0,3.0,0.0,0.0,0.0,0.0,3.0,0.0,0.0,0.0,0.0,0.0,0.0,0.0,0.0,0.0,-5.092525005340576,1.023481965065002,3.390625715255737,pca,False,train,In-Domain,
CNCCCc1ccccc1,7.7475,3.137942885487528,1.106045918367347,1.106045918367347,0.6440139573542091,9.909090909090908,149.237,-0.0048753433096183,-0.3197404126732606,1.181818181818182,2.545454545454545,14.79230239006074,10.11533878436118,1.883967625679138,-1.987429332190685,2.003154409703718,-2.076562248158854,5.139472534533216,0.7246064335576453,2.070366610359243,2.275801287367509,181.32408233692,-0.8200000000000001,414.0733220718486,4.91434544820325,3.190046349098497,5.316788604006331,0.0,0.0,0.0,0.0,0.0,0.0,0.0,0.0,0.0,30.33183534230805,31.99752312613878,0.0,0.0,0.0,0.0,0.0,5.316788604006331,0.0,12.84164324585202,13.59242838858976,35.89528683400505,0.0,5.316788604006331,0.0,0.0,0.0,13.59242838858976,6.42082162292601,11.984273114623,30.33183534230805,0.0,0.0,12.03,0.0,0.0,0.0,0.0,6.544756405912575,18.40509473754901,0.0,7.04767198267719,35.64862394631438,0.0,0.0,0.0,0.0,3.137942885487528,1.433101851851852,0.0,10.59355749244142,2.404953703703704,1.106045918367347,1.991064814814815,0.4,1.0,1.0,0.0,0.0,1.0,1.0,1.0,4.0,1.8386,0.0,0.0,0.0,0.0,0.0,0.0,0.0,0.0,0.0,1.0,0.0,0.0,0.0,0.0,0.0,1.0,0.0,0.0,0.0,0.0,0.0,0.0,0.0,0.0,0.0,0.0,0.0,0.0,8.198861122131348,-3.165773630142212,-1.081459760665894,pca,False,train,In-Domain,
COCOc1ccccn1,8.683,5.021805555555556,0.2470370370370369,0.2470370370370369,0.5866695850573929,9.3,139.154,0.2148961017516869,-0.4505723863423217,1.5,3.0,16.65756734595845,10.48843233548876,1.877094374931762,-2.00115879518676,2.012729914498805,-1.990079701700537,5.081191354021587,0.0478232484959716,2.029573889867405,2.426522346587954,176.2207979156328,-1.09,251.6671623435582,3.84578737395388,2.027699097944099,9.473725907600098,0.0,6.792942306099827,5.879988336435371,0.0,0.0,0.0,4.983978520947209,0.0,0.0,6.06636706846161,6.06636706846161,19.37300818135222,0.0,9.473725907600098,0.0,0.0,4.983978520947209,0.0,0.0,13.90273984737736,24.39594477699791,5.879988336435371,4.736862953800049,0.0,5.879988336435371,0.0,18.88671836832457,4.736862953800049,0.0,24.39594477699791,0.0,0.0,31.35,0.0,0.0,6.792942306099827,5.879988336435371,0.0,0.0,19.37300818135222,12.13273413692322,9.720841474747257,4.736862953800049,9.70533446712018,0.0,3.914027777777778,0.0,0.0,0.5873611111111112,5.468924792139077,1.67162037037037,0.2470370370370369,1.572361111111111,0.2857142857142857,0.0,3.0,0.0,1.0,3.0,0.0,3.0,3.0,1.0643,0.0,0.0,0.0,0.0,0.0,0.0,0.0,0.0,1.0,0.0,0.0,0.0,0.0,0.0,0.0,0.0,0.0,2.0,0.0,0.0,0.0,1.0,0.0,0.0,0.0,0.0,0.0,0.0,-2.015831470489502,-4.358829498291016,-1.107118368148804,pca,False,train,In-Domain,
CONc1cccnc1,9.0715,4.63787037037037,0.8611111111111112,0.8611111111111112,0.5982818952104985,9.0,124.143,0.0787140678247454,-0.2794067822822657,1.666666666666667,3.111111111111111,16.63345859218364,10.43855183363237,1.82821913244431,-1.981273631930889,1.998059768192493,-1.940098074454762,5.361906616539062,0.2706219090509453,1.910086008859914,2.61489994009295,163.968645761294,-1.09,145.1665366733534,3.040168123434117,1.69626508404093,0.0,0.0,0.0,0.0,0.0,0.0,15.30166370280504,0.0,0.0,0.0,0.0,12.13273413692322,6.196843571613076,18.99402738757417,4.837588583736633,5.687386274683562,0.0,4.983978520947209,0.0,0.0,12.58989413939874,24.52642128014937,0.0,5.480096598121202,5.687386274683562,0.0,0.0,12.09377606222474,4.837588583736633,0.0,24.52642128014937,0.0,0.0,34.15,0.0,0.0,0.0,0.0,5.687386274683562,0.0,19.50348468450369,12.13273413692322,15.30166370280504,0.0,0.0,0.0,8.498657407407407,0.0,3.506111111111111,0.0,3.706203703703704,3.393194444444444,0.0,1.5625,0.1666666666666666,1.0,3.0,0.0,1.0,3.0,1.0,3.0,2.0,1.0549,0.0,0.0,0.0,0.0,0.0,0.0,0.0,0.0,1.0,1.0,0.0,0.0,0.0,0.0,1.0,0.0,0.0,0.0,0.0,0.0,0.0,0.0,0.0,0.0,0.0,0.0,0.0,0.0,-5.594890117645264,-2.207843542098999,2.07823657989502,pca,False,train,In-Domain,
NC(=O)CCc1ccccc1,7.4025,10.39484552154195,0.2418027210884352,-0.2418027210884352,0.6867858121579199,9.454545454545457,149.193,0.2172475944750275,-0.3696698197449066,1.272727272727273,2.454545454545455,16.14601564184352,10.11289581249423,1.941993349146804,-1.956012476483325,2.004766240224408,-2.104857374840614,5.734749543304175,-0.1174907138603311,2.029238942059196,2.453018743531937,230.5778659162335,-1.31,349.0290980341817,3.760481303066603,2.846053041174159,5.733667477162185,0.0,0.0,5.907179729351506,0.0,0.0,4.794537184071822,0.0,0.0,0.0,30.33183534230805,11.984273114623,6.42082162292601,0.0,4.794537184071822,5.907179729351506,0.0,0.0,5.733667477162185,12.84164324585202,0.0,35.89528683400505,0.0,5.733667477162185,0.0,0.0,0.0,5.907179729351506,11.21535880699783,11.984273114623,30.33183534230805,0.0,0.0,43.09,0.0,4.794537184071822,5.907179729351506,6.42082162292601,11.984273114623,0.0,0.0,30.33183534230805,0.0,5.733667477162185,0.0,0.0,10.39484552154195,0.0,6.159965986394558,-0.2418027210884352,9.83958380574452,1.180740740740741,0.0,0.0,0.2222222222222222,2.0,2.0,1.0,0.0,1.0,1.0,2.0,3.0,1.1045,0.0,0.0,0.0,0.0,0.0,0.0,1.0,1.0,0.0,0.0,0.0,0.0,0.0,0.0,0.0,1.0,0.0,0.0,0.0,0.0,0.0,0.0,0.0,1.0,0.0,0.0,0.0,0.0,-5.793720722198486,-2.216607093811035,2.49933934211731,pca,False,train,In-Domain,
COCOc1cccnc1,8.627500000000001,5.070416666666667,0.2695370370370369,0.2695370370370369,0.5866695850573929,9.3,139.154,0.1882888762890991,-0.4659514996996384,1.6,3.1,16.65464659419879,10.46522076022812,1.870229612398359,-2.008738358290541,2.043230984409129,-1.978298574523462,5.143870998004833,0.0508473692055492,2.029573889867405,2.426522346587954,176.2207979156328,-1.09,251.6671623435582,3.84578737395388,2.027699097944099,9.473725907600098,5.749511833283905,6.792942306099827,0.0,0.0,0.0,4.983978520947209,0.0,0.0,0.0,0.0,12.13273413692322,13.30664111289061,6.196843571613076,9.473725907600098,0.0,0.0,4.983978520947209,0.0,0.0,13.90273984737736,24.52642128014937,5.749511833283905,4.736862953800049,0.0,5.749511833283905,0.0,18.88671836832457,4.736862953800049,0.0,24.52642128014937,0.0,0.0,31.35,0.0,0.0,6.792942306099827,0.0,5.749511833283905,0.0,19.50348468450369,12.13273413692322,4.983978520947209,9.473725907600098,9.766167800453514,0.0,3.857028533635677,0.0,0.0,0.7262500000000001,3.635925925925926,3.33202664399093,0.2695370370370369,1.579730725623583,0.2857142857142857,0.0,3.0,0.0,1.0,3.0,0.0,3.0,3.0,1.0643,0.0,0.0,0.0,0.0,0.0,0.0,0.0,0.0,1.0,0.0,0.0,0.0,0.0,0.0,0.0,0.0,0.0,2.0,0.0,0.0,0.0,1.0,0.0,0.0,0.0,0.0,0.0,0.0,9.585082054138184,4.952098369598389,-1.446267366409302,pca,False,train,In-Domain,
Brc1ccccn1,5.295,3.895833333333333,0.8842592592592594,0.8842592592592594,0.5246354080014145,8.714285714285714,157.998,0.1055477034107755,-0.2493805783023755,1.428571428571429,2.571428571428572,79.91873099311223,10.51702762016145,1.754007025310707,-1.795755579931908,1.99693927922277,-1.658659677674799,9.102378809103358,1.278110802585986,1.685616163320438,3.021465309724086,138.0075042253047,-0.37,47.19725257297226,2.073105009026589,1.274302599417008,0.0,4.60319601898388,0.0,0.0,0.0,0.0,0.0,4.983978520947209,0.0,0.0,6.06636706846161,28.06267803487257,6.196843571613076,0.0,0.0,15.92994389794935,0.0,4.983978520947209,0.0,0.0,0.0,28.99914079598178,0.0,0.0,0.0,0.0,15.92994389794935,4.983978520947209,0.0,0.0,28.99914079598178,0.0,0.0,12.89,0.0,0.0,0.0,0.0,4.60319601898388,0.0,6.196843571613076,18.19910120538483,20.91392241889656,0.0,0.8842592592592594,3.200138888888889,3.895833333333333,0.0,0.0,0.0,5.696273148148148,1.740162037037037,0.0,0.0,0.0,0.0,1.0,0.0,1.0,1.0,0.0,2.0,0.0,1.8441,0.0,0.0,0.0,0.0,0.0,0.0,0.0,0.0,1.0,0.0,0.0,0.0,0.0,0.0,0.0,0.0,0.0,0.0,1.0,0.0,0.0,0.0,0.0,0.0,0.0,0.0,0.0,0.0,-0.7626833319664001,3.850154638290405,-1.40602695941925,pca,False,train,In-Domain,
CNCCc1cccc2ccccc12,7.692,3.180878448601663,1.035721844293273,1.035721844293273,0.7746922511891288,10.64285714285714,185.27,-0.001113341892877,-0.3194212794719328,1.0,2.642857142857143,14.79306007144285,10.02377939268164,1.97754783087938,-2.049933966167797,2.178321084216989,-2.098501525691688,5.851152865347344,0.7947880165598087,2.261019386051472,2.429747226129962,415.0100062685839,-1.34,2437.378898163487,4.248460270697676,1.776977696859354,5.316788604006331,0.0,0.0,0.0,0.0,0.0,0.0,0.0,0.0,0.0,42.46456947923127,36.34914993214236,0.0,0.0,0.0,10.77244842892959,0.0,5.316788604006331,0.0,6.42082162292601,13.59242838858976,48.02802097092827,0.0,5.316788604006331,0.0,0.0,0.0,13.59242838858976,6.42082162292601,5.563451491696996,42.46456947923127,0.0,10.77244842892959,12.03,0.0,0.0,0.0,0.0,12.96557802883859,16.33589992062659,0.0,7.04767198267719,47.7813580832376,0.0,0.0,0.0,0.0,5.895094246031746,1.428194444444444,0.0,15.05469600340136,1.095092592592593,1.035721844293273,1.991200869236584,0.2307692307692307,1.0,1.0,0.0,0.0,1.0,1.0,1.0,3.0,2.601700000000001,0.0,0.0,0.0,0.0,0.0,0.0,0.0,0.0,0.0,1.0,0.0,1.0,0.0,0.0,0.0,0.0,0.0,0.0,0.0,0.0,0.0,0.0,0.0,0.0,0.0,0.0,0.0,0.0,-4.112553596496582,5.738925933837891,1.240976452827454,pca,False,train,In-Domain,
NOCCc1ccccn1,6.545,4.848577097505669,0.5248148148148148,0.5248148148148148,0.6190758455901781,9.7,138.17,0.0734181053377387,-0.3042158048953918,1.5,3.0,16.61201255611113,10.27537163220531,1.892041872645144,-1.954701204635048,1.925473715881955,-2.038288725210819,5.02645112437678,0.1403585102855119,2.029573889867405,2.426522346587954,176.2207979156328,-0.9300000000000002,251.6671623435582,3.977895969524155,2.125697952342366,4.837588583736633,0.0,0.0,0.0,0.0,0.0,4.983978520947209,5.896975471277056,0.0,0.0,6.06636706846161,12.13273413692322,18.31159318938755,6.606881964512918,4.837588583736633,0.0,0.0,4.983978520947209,5.896975471277056,6.42082162292601,6.606881964512918,30.08987277184637,0.0,5.896975471277056,0.0,0.0,0.0,11.59086048546013,11.25841020666264,5.693927994848461,24.39594477699791,0.0,0.0,48.14,0.0,0.0,0.0,6.606881964512918,12.11474961777447,0.0,6.196843571613076,18.19910120538483,9.821567104683842,5.896975471277056,0.0,0.0,8.486445578231292,0.0,1.007361111111111,4.848577097505669,5.768525132275133,2.530942932728647,0.5248148148148148,0.0,0.2857142857142857,2.0,3.0,0.0,1.0,3.0,1.0,3.0,3.0,0.5143999999999997,0.0,0.0,0.0,0.0,0.0,0.0,0.0,0.0,1.0,0.0,0.0,0.0,0.0,0.0,0.0,0.0,0.0,0.0,0.0,0.0,0.0,0.0,0.0,0.0,0.0,0.0,0.0,0.0,-4.149261951446533,5.626778125762939,1.782476305961609,pca,False,train,In-Domain,
CCOCCc1ccccc1,6.4565,5.237417800453515,0.8123348922902495,0.8123348922902495,0.5981236056698555,9.909090909090908,150.221,0.0505800972886107,-0.3813943652560971,1.181818181818182,2.545454545454545,16.47219744443792,10.15861365340397,1.885458156923145,-1.995693813101064,1.984075457329858,-1.964762915099866,5.139729272621353,0.1506571211580888,2.070366610359243,2.275801287367509,181.32408233692,-0.8200000000000001,414.0733220718486,4.91434544820325,3.190046349098497,4.736862953800049,0.0,0.0,0.0,0.0,0.0,0.0,0.0,0.0,0.0,30.33183534230805,18.90801031431363,6.606881964512918,6.606881964512918,4.736862953800049,0.0,0.0,0.0,0.0,13.34455882261663,13.21376392902584,35.89528683400505,0.0,0.0,0.0,0.0,0.0,13.21376392902584,11.15768457672606,12.48718869138762,30.33183534230805,0.0,0.0,9.23,0.0,0.0,0.0,0.0,19.63458555195184,5.563451491696996,0.0,12.99010426815223,24.26546827384644,4.736862953800049,5.237417800453515,0.0,0.0,0.0,1.348101851851852,0.0,10.39362693688586,1.0225,3.665020077475434,0.0,0.4,0.0,1.0,0.0,0.0,1.0,0.0,1.0,4.0,2.2656,0.0,0.0,0.0,0.0,0.0,0.0,0.0,0.0,0.0,0.0,0.0,0.0,0.0,0.0,0.0,0.0,0.0,1.0,0.0,0.0,0.0,0.0,0.0,0.0,0.0,0.0,0.0,0.0,9.435439109802246,-1.447109222412109,0.6637642979621887,pca,False,train,In-Domain,
NCCCOc1cccnc1,8.6685,5.303888888888889,0.6669267290249433,0.6669267290249433,0.6493068871998069,9.545454545454543,152.1969999999999,0.1370684770525306,-0.4919288234682288,1.545454545454545,3.090909090909091,16.47702848436825,10.42346770596777,1.888549236152247,-2.020310767573023,2.049727281472911,-2.054719077335181,5.14588603071651,0.3119906211088387,2.070366610359243,2.275801287367509,188.5433632857936,-1.09,414.0733220718486,4.683614801882916,2.999233482859481,10.47053043096224,5.749511833283905,0.0,0.0,0.0,0.0,4.983978520947209,0.0,0.0,0.0,0.0,25.0983121657618,6.196843571613076,12.803725536126,4.736862953800049,0.0,0.0,4.983978520947209,5.733667477162185,6.42082162292601,13.15163837042549,24.52642128014937,5.749511833283905,10.47053043096224,0.0,5.749511833283905,0.0,18.1356168913727,0.0,6.42082162292601,24.52642128014937,0.0,0.0,48.14,0.0,0.0,0.0,13.15163837042549,12.17033345620991,0.0,12.39368714322615,12.13273413692322,4.983978520947209,10.47053043096224,5.303888888888889,0.0,3.907163170823885,0.0,5.297041603678508,0.8064351851851854,3.723508125472411,4.292860371000252,1.335769321617536,0.0,0.375,2.0,3.0,0.0,1.0,3.0,1.0,3.0,4.0,0.8092000000000004,0.0,0.0,0.0,0.0,0.0,0.0,0.0,0.0,1.0,0.0,0.0,0.0,0.0,0.0,0.0,0.0,0.0,1.0,0.0,0.0,0.0,0.0,0.0,0.0,0.0,0.0,0.0,0.0,-0.7522377371788025,-2.55000638961792,0.8645790219306946,pca,False,train,In-Domain,
CNOCCc1cccnc1,9.8195,4.959640022675737,0.6827314814814816,0.6827314814814816,0.5109767630414647,9.909090909090908,152.1969999999999,0.0722455061261003,-0.3017312389643963,1.636363636363636,3.181818181818182,16.64045741710307,10.21144126282068,1.895606020403432,-1.994498551474972,1.952338376310054,-2.094827427564243,5.076135725599215,0.0603236608915983,2.070366610359243,2.275801287367509,188.5433632857936,-0.93,414.0733220718486,4.820134032505637,3.111942576066566,4.837588583736633,0.0,0.0,0.0,0.0,0.0,4.983978520947209,5.480096598121202,0.0,0.0,6.06636706846161,18.05064018308461,19.44135912590334,6.606881964512918,4.837588583736633,0.0,0.0,10.46407511906841,0.0,6.42082162292601,13.65455394719011,30.08987277184637,0.0,5.480096598121202,0.0,0.0,0.0,18.63853246813732,11.25841020666264,5.563451491696996,24.52642128014937,0.0,0.0,34.15,0.0,0.0,0.0,6.606881964512918,6.42082162292601,5.563451491696996,13.24451555429027,18.3295777085363,10.46407511906841,4.837588583736633,0.0,0.0,8.94708947467876,0.0,3.814525462962963,0.0,3.959055177626606,4.510047477324263,0.6827314814814816,1.753217592592593,0.375,1.0,3.0,0.0,1.0,3.0,1.0,3.0,4.0,0.7751000000000001,0.0,0.0,0.0,0.0,0.0,0.0,0.0,0.0,1.0,1.0,1.0,0.0,0.0,0.0,0.0,0.0,0.0,0.0,0.0,0.0,0.0,0.0,0.0,0.0,0.0,0.0,0.0,0.0,-4.315208435058594,-0.4086654484272003,3.862900495529175,pca,False,train,In-Domain,
NCOCCc1cccnc1,6.448499999999999,5.154819381456287,0.2919267290249436,0.2919267290249436,0.5061872466903461,9.909090909090908,152.1969999999999,0.0939894548805746,-0.3661878349147858,1.545454545454545,3.090909090909091,16.48166264715208,10.21030672117551,1.894937600511772,-1.98996476954521,1.955665871780706,-2.067485109651088,5.076344352616094,0.1439105071207754,2.070366610359243,2.275801287367509,188.5433632857936,-0.93,414.0733220718486,4.820134032505637,3.111942576066566,10.47053043096224,0.0,0.0,0.0,0.0,0.0,4.983978520947209,0.0,0.0,0.0,6.06636706846161,18.05064018308461,12.39368714322615,13.3376987120124,4.736862953800049,0.0,0.0,4.983978520947209,5.733667477162185,6.42082162292601,13.3376987120124,30.08987277184637,0.0,5.733667477162185,0.0,0.0,0.0,18.32167723295961,11.15768457672606,5.563451491696996,24.52642128014937,0.0,0.0,48.14,0.0,0.0,0.0,13.3376987120124,6.42082162292601,5.563451491696996,6.196843571613076,18.3295777085363,4.983978520947209,10.47053043096224,4.987417800453515,0.0,3.97660761526833,0.0,6.336254566641472,0.0,3.935174792139078,4.470442570546737,0.9607693216175364,0.0,0.375,2.0,3.0,0.0,1.0,3.0,1.0,3.0,4.0,0.5568999999999995,0.0,0.0,0.0,0.0,0.0,0.0,0.0,0.0,1.0,0.0,0.0,0.0,0.0,0.0,0.0,0.0,0.0,1.0,0.0,0.0,0.0,0.0,0.0,0.0,0.0,0.0,0.0,0.0,-4.530881881713867,-0.4211440682411194,4.344444751739502,pca,False,train,In-Domain,
CNCOc1cccc2ccccc12,8.802,5.557314814814815,0.535721844293273,0.535721844293273,0.7448485857658886,10.35714285714286,187.242,0.1388742728546176,-0.4777371436973722,1.071428571428571,2.714285714285714,16.48800095634414,10.11269790276337,1.986017551633405,-2.074250541064772,2.240799265380913,-2.136286907093534,5.876258200827309,0.2992308239975141,2.261019386051472,2.429747226129962,420.0961725957642,-1.54,2437.378898163487,4.113007561711995,1.700818385250983,4.736862953800049,12.48032858078339,0.0,0.0,0.0,0.0,5.316788604006331,0.0,0.0,0.0,36.39820241076966,18.5002632656036,5.386224214464796,0.0,4.736862953800049,10.77244842892959,0.0,5.316788604006331,0.0,0.0,13.77848873017667,42.46456947923127,5.749511833283905,10.05365155780638,0.0,5.749511833283905,0.0,13.77848873017667,0.0,0.0,42.46456947923127,0.0,10.77244842892959,21.26,0.0,0.0,0.0,6.730816747499484,11.1357360477487,5.386224214464796,0.0,31.31314025652363,23.51588980939116,4.736862953800049,5.557314814814815,0.0,0.0,5.325649801587303,0.0,0.9281944444444444,14.28691822562358,0.0,0.535721844293273,1.866200869236584,0.1666666666666666,1.0,2.0,0.0,0.0,2.0,1.0,2.0,3.0,2.3955,0.0,0.0,0.0,0.0,0.0,0.0,0.0,0.0,0.0,1.0,0.0,0.0,0.0,0.0,0.0,0.0,0.0,1.0,0.0,0.0,0.0,0.0,0.0,0.0,0.0,0.0,0.0,0.0,6.977865695953369,-2.070220947265625,-2.135223150253296,pca,False,train,In-Domain,
COCCc1cccnc1,8.709499999999998,4.91797335600907,0.7695370370370371,0.7695370370370371,0.62553552987213,9.7,137.182,0.0502738495325214,-0.384344415741,1.6,3.1,16.46138623543716,10.21063571558269,1.880115020985393,-1.963209640357636,1.952411270961758,-1.933517742534889,5.076142516256117,0.20198968178909,2.029573889867405,2.426522346587954,173.872282370036,-0.89,251.6671623435582,4.011046940626403,2.15042303420261,4.736862953800049,0.0,0.0,0.0,0.0,0.0,4.983978520947209,0.0,0.0,0.0,6.06636706846161,18.05064018308461,19.50348468450369,6.606881964512918,4.736862953800049,0.0,0.0,4.983978520947209,0.0,6.42082162292601,13.71667950579045,30.08987277184637,0.0,0.0,0.0,0.0,0.0,18.70065802673766,11.15768457672606,5.563451491696996,24.52642128014937,0.0,0.0,22.12,0.0,0.0,0.0,0.0,13.02770358743893,5.563451491696996,13.30664111289061,18.3295777085363,4.983978520947209,4.736862953800049,4.91797335600907,0.0,3.982028533635677,0.0,1.226250000000001,0.0,3.983148148148148,4.582998866213152,0.7695370370370371,1.704730725623583,0.375,0.0,2.0,0.0,1.0,2.0,0.0,2.0,3.0,1.2705,0.0,0.0,0.0,0.0,0.0,0.0,0.0,0.0,1.0,0.0,0.0,0.0,0.0,0.0,0.0,0.0,0.0,1.0,0.0,0.0,0.0,1.0,0.0,0.0,0.0,0.0,0.0,0.0,-3.10364031791687,-3.662045478820801,-2.171968221664429,pca,False,train,In-Domain,
N#COCCc1ccccc1,6.2925,8.072046170319979,0.4727314814814813,0.4727314814814813,0.4814717424988871,8.636363636363637,147.177,0.2858102314749873,-0.4271598265668863,1.272727272727273,2.636363636363636,16.46785064800838,10.15912145704651,1.890065152155799,-1.961804901787697,1.981987673993021,-1.922321977237767,5.140351947531798,0.2744610294672098,2.070366610359243,2.346264661018707,237.4896877218761,-1.49,414.0733220718486,4.345142282145318,2.722330757600575,4.736862953800049,6.606881964512918,0.0,0.0,6.255281654379183,0.0,0.0,0.0,5.261891554738487,0.0,30.33183534230805,5.563451491696996,6.42082162292601,0.0,4.736862953800049,0.0,5.261891554738487,0.0,0.0,6.42082162292601,6.606881964512918,35.89528683400505,6.255281654379183,0.0,0.0,0.0,0.0,6.606881964512918,11.15768457672606,5.563451491696996,30.33183534230805,0.0,0.0,33.02,0.0,0.0,0.0,6.606881964512918,6.42082162292601,5.563451491696996,6.255281654379183,30.33183534230805,4.736862953800049,5.261891554738487,4.54297335600907,0.0,0.0,8.072046170319979,1.196990740740741,0.0,9.943982032627863,2.437942885487528,0.4727314814814813,0.0,0.2222222222222222,0.0,2.0,0.0,0.0,2.0,0.0,2.0,3.0,1.72678,0.0,0.0,0.0,0.0,0.0,0.0,0.0,0.0,1.0,0.0,0.0,0.0,0.0,0.0,0.0,0.0,0.0,1.0,0.0,0.0,0.0,0.0,0.0,0.0,0.0,0.0,0.0,0.0,-6.569689750671387,-1.035742402076721,0.4725726842880249,pca,False,train,In-Domain,
NC(=O)NC(=O)c1ccccn1,9.974,10.98064814814815,0.1632407407407412,-0.8836545729402865,0.6083811266617168,9.0,165.152,0.3186393547023424,-0.3512924757485945,1.416666666666667,2.666666666666667,16.17601970339653,10.32717557029706,2.062953999331024,-1.97086878152377,1.910271509981744,-2.348316629139139,6.019714912399497,0.0961123164322869,2.047189822463458,2.725078186491341,296.7796150138624,-1.91,515.8918352607915,3.472015324360177,2.048419991930613,5.733667477162185,5.693927994848461,0.0,0.0,5.907179729351506,6.031114512338072,15.09530430902536,4.794537184071822,0.0,0.0,6.06636706846161,12.13273413692322,6.196843571613076,0.0,9.589074368143644,11.93829424168958,0.0,10.30076712495354,5.733667477162185,0.0,0.0,30.08987277184637,0.0,11.05045608116852,4.794537184071822,0.0,0.0,16.92227276263679,0.0,10.48846517892028,24.39594477699791,0.0,0.0,85.08,11.93829424168958,9.589074368143644,5.693927994848461,0.0,0.0,12.26321064007469,12.13273413692322,5.316788604006331,4.983978520947209,5.733667477162185,0.0,0.0,24.93808626228269,1.896481481481481,4.895290060468632,-0.594351851851852,3.910221560846561,1.454272486772487,0.0,0.0,0.0,3.0,5.0,3.0,1.0,3.0,2.0,5.0,1.0,-0.1099000000000003,0.0,0.0,0.0,0.0,0.0,0.0,2.0,2.0,1.0,1.0,0.0,0.0,0.0,0.0,0.0,0.0,0.0,0.0,0.0,0.0,1.0,0.0,0.0,1.0,0.0,0.0,0.0,1.0,-6.833747863769531,-1.301784515380859,1.276692986488342,pca,False,train,In-Domain,
CNCOc1ccccc1,8.6355,5.244027777777778,0.559537037037037,0.559537037037037,0.6327680544451756,9.3,137.182,0.1388403072079999,-0.4783916943398728,1.3,2.6,16.4876466536467,10.34068845802937,1.85307308244491,-2.021056966324447,2.060755331263938,-2.133254381404236,5.201528864427822,0.2957813236025196,2.029573889867405,2.426522346587954,173.872282370036,-1.02,251.6671623435582,3.903486251059233,2.070394524238473,4.736862953800049,12.48032858078339,0.0,0.0,0.0,0.0,5.316788604006331,0.0,0.0,0.0,18.19910120538483,19.18040611960041,0.0,0.0,4.736862953800049,0.0,0.0,5.316788604006331,0.0,0.0,13.77848873017667,30.33183534230805,5.749511833283905,10.05365155780638,0.0,5.749511833283905,0.0,13.77848873017667,0.0,0.0,30.33183534230805,0.0,0.0,21.26,0.0,0.0,0.0,6.730816747499484,5.749511833283905,0.0,0.0,37.37950732498524,5.316788604006331,4.736862953800049,5.244027777777778,0.0,0.0,2.893954081632653,0.0,0.8998611111111112,9.7191477702192,0.0,0.559537037037037,1.850138888888889,0.25,1.0,2.0,0.0,0.0,2.0,1.0,2.0,3.0,1.2423,0.0,0.0,0.0,0.0,0.0,0.0,0.0,0.0,0.0,1.0,0.0,0.0,0.0,0.0,0.0,0.0,0.0,1.0,0.0,0.0,0.0,0.0,1.0,0.0,0.0,0.0,0.0,0.0,9.470698356628418,4.259316921234131,-2.50754976272583,pca,False,train,In-Domain,
NNC(=O)c1cccc2ccccc12,6.804,11.39130007558579,0.2622222222222221,-0.2622222222222221,0.4020239888625987,10.07142857142857,186.214,0.2653015188795436,-0.2901251988465212,1.071428571428571,2.571428571428572,16.15199452995714,10.04500278600966,2.060652667696262,-2.03421682681633,2.172922253741997,-2.295763557728617,6.062210233876879,0.0955085046415944,2.271051244095885,2.707627967901443,474.1761553969985,-1.87,2275.593346584077,3.474709061752637,1.337106571494762,0.0,0.0,0.0,0.0,5.907179729351506,0.0,10.22032858118221,5.842670270266239,0.0,0.0,36.39820241076966,16.8388154973912,5.563451491696996,0.0,4.794537184071822,16.6796281582811,0.0,5.425791397110385,5.842670270266239,0.0,0.0,48.02802097092827,0.0,11.26846166737662,0.0,0.0,0.0,5.907179729351506,0.0,10.35798867576882,42.46456947923127,0.0,10.77244842892959,55.12,0.0,4.794537184071822,5.907179729351506,5.563451491696996,10.77244842892959,0.0,6.06636706846161,36.39820241076966,5.425791397110385,5.842670270266239,0.0,0.0,11.39130007558579,1.95050925925926,2.73687074829932,4.833328609221466,13.25465797430083,0.0,0.0,0.0,0.0,3.0,3.0,1.0,0.0,2.0,2.0,3.0,1.0,1.4433,0.0,0.0,1.0,0.0,0.0,0.0,1.0,1.0,0.0,1.0,0.0,0.0,0.0,0.0,0.0,0.0,0.0,0.0,0.0,1.0,0.0,0.0,0.0,0.0,0.0,0.0,0.0,0.0,-0.7990108132362366,3.142735958099365,-2.503237009048462,pca,False,train,In-Domain,
CNOCCc1ccccn1,9.875,4.947417800453515,0.6602314814814815,0.6602314814814815,0.5109767630414648,9.909090909090908,152.197,0.0736976469337774,-0.3016713370564486,1.545454545454545,3.090909090909091,16.64047776575921,10.27519920236447,1.902886398741225,-1.991029566133604,1.929537702230889,-2.099209794660281,5.026595369284657,0.0599345877211836,2.070366610359243,2.275801287367509,188.5433632857936,-0.9300000000000002,414.0733220718486,4.820134032505637,3.111942576066566,4.837588583736633,0.0,0.0,0.0,0.0,0.0,4.983978520947209,5.480096598121202,0.0,0.0,6.06636706846161,12.13273413692322,25.35926517206473,6.606881964512918,4.837588583736633,0.0,0.0,10.46407511906841,0.0,6.42082162292601,13.65455394719011,30.08987277184637,0.0,5.480096598121202,0.0,0.0,0.0,18.63853246813732,11.25841020666264,5.693927994848461,24.39594477699791,0.0,0.0,34.15,0.0,0.0,0.0,6.606881964512918,12.11474961777447,0.0,13.24451555429027,18.19910120538483,10.46407511906841,4.837588583736633,0.0,0.0,9.090187074829933,0.0,3.668266959561602,0.0,5.864241543839758,2.635305177626606,0.6602314814814815,1.748434429327286,0.375,1.0,3.0,0.0,1.0,3.0,1.0,3.0,4.0,0.7750999999999999,0.0,0.0,0.0,0.0,0.0,0.0,0.0,0.0,1.0,1.0,1.0,0.0,0.0,0.0,0.0,0.0,0.0,0.0,0.0,0.0,0.0,0.0,0.0,0.0,0.0,0.0,0.0,0.0,-4.008020877838135,5.28500509262085,-0.01835185661911964,pca,False,train,In-Domain,
CSc1cccnc1,10.5675,3.934675925925926,1.215277777777778,1.215277777777778,0.5307278167830294,9.125,125.196,0.0403279297351065,-0.2635657870052915,1.625,2.875,32.16640676580562,10.50763698101342,1.811517484594225,-1.880628673403498,2.093116449808514,-1.685863699972992,7.982040756125069,1.240502236797486,1.903491193316404,2.832085835007091,149.8745239004113,-0.5,91.36757727918736,2.721453287197232,1.234072022160665,0.0,0.0,0.0,0.0,0.0,0.0,4.983978520947209,0.0,0.0,11.76188494939112,0.0,18.38850332043462,17.28917061874393,0.0,0.0,11.76188494939112,0.0,4.983978520947209,0.0,4.895483475517775,6.255769183511404,24.52642128014937,0.0,0.0,0.0,0.0,11.76188494939112,11.23974770445861,0.0,0.0,29.42190475566714,0.0,0.0,12.89,0.0,0.0,0.0,0.0,0.0,4.895483475517775,17.95872852100419,24.5853468920477,4.983978520947209,0.0,0.0,1.706296296296296,5.149953703703703,0.0,0.0,0.0,3.975694444444444,5.668055555555556,0.0,0.0,0.1666666666666666,0.0,1.0,0.0,1.0,2.0,0.0,2.0,1.0,1.8035,0.0,0.0,0.0,0.0,0.0,0.0,0.0,0.0,1.0,0.0,0.0,0.0,0.0,0.0,0.0,0.0,0.0,0.0,0.0,0.0,0.0,0.0,0.0,0.0,1.0,0.0,0.0,0.0,-4.19288969039917,4.978736877441406,0.7302467226982117,pca,False,train,In-Domain,
Fc1cccc2ccccc12,5.11,12.9862037037037,0.1499074074074069,-0.1499074074074069,0.5356108268212689,10.27272727272727,146.164,0.1305245735520984,-0.206324067291504,0.8181818181818182,2.363636363636364,19.14217151289321,10.12117633310348,1.950560650835071,-1.954634478389282,2.154405112073764,-1.757062327718808,5.822244245467431,0.6396716000109451,2.055950140473121,2.91316116360486,374.0344903986784,-1.37,505.7637345563877,2.34731416405302,0.9844581378009734,0.0,5.817220841045895,0.0,0.0,0.0,0.0,0.0,4.39041504767482,0.0,0.0,36.39820241076966,11.45259128292641,5.386224214464796,0.0,4.39041504767482,10.77244842892959,0.0,0.0,0.0,0.0,0.0,48.28179032027716,0.0,0.0,4.39041504767482,0.0,0.0,0.0,0.0,0.0,42.46456947923127,0.0,10.77244842892959,0.0,0.0,4.39041504767482,5.817220841045895,5.386224214464796,5.386224214464796,6.06636706846161,12.13273413692322,24.26546827384644,0.0,0.0,12.9862037037037,0.0,0.0,1.641203703703704,0.0,-0.1499074074074069,12.5225,0.0,0.0,0.0,0.0,0.0,0.0,0.0,0.0,0.0,0.0,1.0,0.0,2.978900000000001,0.0,0.0,0.0,0.0,0.0,0.0,0.0,0.0,0.0,0.0,0.0,0.0,0.0,0.0,0.0,0.0,0.0,0.0,1.0,0.0,0.0,0.0,0.0,0.0,0.0,0.0,0.0,0.0,11.30484294891357,-1.174984335899353,1.69139552116394,pca,False,train,In-Domain,
N#Cc1cccc2ccccc12,6.22,8.785614134542707,0.7436111111111112,0.7436111111111112,0.5704642426130299,9.583333333333334,153.184,0.0997667554012197,-0.1924137524876172,0.9166666666666666,2.5,14.23487295763185,10.06159551690845,1.957042950600236,-1.965151619868007,2.163440565779357,-1.765647502807964,5.870967222718917,1.503380285133353,2.16854290746428,2.906279989690213,446.5059204008426,-1.81,902.1138495051404,2.671577438467584,0.9429306855589368,0.0,0.0,0.0,0.0,0.0,0.0,0.0,0.0,5.261891554738487,0.0,36.39820241076966,16.8388154973912,0.0,11.63267280448927,0.0,10.77244842892959,5.261891554738487,0.0,0.0,0.0,0.0,48.02802097092827,6.069221312792274,0.0,0.0,0.0,0.0,0.0,0.0,5.563451491696996,42.46456947923127,0.0,10.77244842892959,23.79,0.0,0.0,0.0,0.0,16.33589992062659,0.0,0.0,42.46456947923127,6.069221312792274,5.261891554738487,0.0,0.0,0.0,10.93751228269086,0.7436111111111112,0.0,15.81887660619804,0.0,0.0,0.0,0.0,0.0,1.0,0.0,0.0,1.0,0.0,1.0,0.0,2.711480000000001,0.0,0.0,0.0,0.0,0.0,0.0,0.0,0.0,1.0,0.0,0.0,0.0,0.0,0.0,0.0,0.0,0.0,0.0,0.0,0.0,0.0,0.0,0.0,0.0,0.0,0.0,0.0,0.0,1.245606064796448,-2.329677104949951,2.196679353713989,pca,False,train,In-Domain,
NNc1ccccc1,5.749499999999999,5.099814814814815,0.9375000000000002,0.9375000000000002,0.4153026226145051,8.625,108.144,0.0484566729520531,-0.3241511611701499,1.125,2.125,15.20665747605138,10.32066692064001,1.77803120678098,-1.935801499564725,1.999847868620146,-2.051185063413464,5.400498911543334,1.352908968408844,1.903491193316404,2.832085835007091,147.8745239004113,-1.02,91.36757727918736,2.3289174062977,0.9782341357433744,5.425791397110385,0.0,0.0,0.0,0.0,0.0,5.842670270266239,0.0,0.0,0.0,18.19910120538483,12.13273413692322,5.687386274683562,0.0,0.0,5.687386274683562,0.0,0.0,5.842670270266239,0.0,5.425791397110385,30.33183534230805,0.0,11.26846166737662,5.687386274683562,0.0,0.0,0.0,0.0,0.0,30.33183534230805,0.0,0.0,38.05,0.0,0.0,0.0,0.0,5.687386274683562,0.0,0.0,30.33183534230805,5.425791397110385,5.842670270266239,0.0,0.0,0.0,0.0,3.464444444444444,5.099814814814815,9.602407407407409,0.0,0.0,0.0,0.0,3.0,2.0,0.0,0.0,2.0,2.0,2.0,1.0,0.9722000000000002,0.0,0.0,1.0,0.0,0.0,0.0,0.0,0.0,0.0,1.0,0.0,0.0,0.0,0.0,1.0,0.0,0.0,0.0,0.0,1.0,0.0,0.0,1.0,0.0,0.0,0.0,0.0,0.0,-2.420680284500122,-0.1899874955415726,5.297130107879639,pca,False,train,In-Domain,
OCOc1ccccn1,5.353,8.257465986394557,0.3224074074074075,-0.3224074074074075,0.5819205559276291,9.0,125.127,0.2148862621180916,-0.4507671449074307,1.555555555555556,3.0,16.58895017862283,10.48853273455476,1.858152049828035,-1.962586292930773,2.004597288317481,-1.948560725128723,5.080734848330959,0.0941156577902255,1.910086008859914,2.61489994009295,163.968645761294,-1.09,145.1665366733534,3.040168123434117,1.69626508404093,9.843390348640757,0.0,6.792942306099827,5.879988336435371,0.0,0.0,0.0,4.983978520947209,0.0,0.0,6.06636706846161,6.06636706846161,12.26321064007469,0.0,9.843390348640757,0.0,0.0,4.983978520947209,0.0,0.0,6.792942306099827,24.39594477699791,5.879988336435371,4.736862953800049,0.0,5.879988336435371,0.0,16.88344822188774,0.0,0.0,24.39594477699791,0.0,0.0,42.35,0.0,0.0,6.792942306099827,5.879988336435371,0.0,0.0,24.39594477699791,0.0,9.720841474747257,5.106527394840706,4.650277777777777,0.0,3.78625,8.257465986394557,0.0,0.4444444444444446,5.248459939531369,1.602175925925926,-0.3224074074074075,0.0,0.1666666666666666,1.0,3.0,0.0,1.0,3.0,1.0,3.0,2.0,0.4101999999999999,0.0,1.0,0.0,0.0,0.0,0.0,0.0,0.0,1.0,0.0,0.0,0.0,0.0,0.0,0.0,0.0,0.0,1.0,0.0,0.0,0.0,0.0,0.0,0.0,0.0,0.0,0.0,0.0,-2.50646448135376,-0.1897943168878555,5.622761249542236,pca,False,train,In-Domain,
NNC(=O)c1cccnc1,6.7115,10.73731481481481,0.325833333333333,-0.325833333333333,0.3165786787720107,8.9,137.142,0.2662359197023632,-0.2900953453072472,1.7,3.0,16.15199078724898,10.26805875112088,1.989311915289771,-1.947401009542683,1.921797911291548,-2.294262548686956,5.927490432927819,0.0953063224770707,2.048167390601267,2.852627928819143,221.6943549440617,-1.42,237.587417309747,2.931903402289157,1.294592269254198,0.0,0.0,0.0,0.0,5.907179729351506,0.0,15.20430710212942,5.842670270266239,0.0,0.0,0.0,12.13273413692322,12.39368714322615,5.563451491696996,4.794537184071822,5.907179729351506,0.0,10.40976991805759,5.842670270266239,0.0,0.0,30.08987277184637,0.0,11.26846166737662,0.0,0.0,0.0,10.89115825029871,0.0,10.35798867576882,24.52642128014937,0.0,0.0,68.00999999999999,0.0,4.794537184071822,5.907179729351506,5.563451491696996,0.0,6.196843571613076,18.3295777085363,5.425791397110385,4.983978520947209,5.842670270266239,0.0,0.0,14.47462962962963,0.0,2.465277777777778,4.550908919123206,3.305324074074074,3.037192932728648,0.0,0.0,0.0,3.0,4.0,1.0,1.0,3.0,2.0,4.0,1.0,-0.3149000000000006,0.0,0.0,1.0,0.0,0.0,0.0,1.0,1.0,1.0,1.0,0.0,0.0,0.0,0.0,0.0,0.0,0.0,0.0,0.0,1.0,0.0,0.0,0.0,0.0,0.0,0.0,0.0,0.0,8.644453048706055,-4.257134437561035,-2.69063401222229,pca,False,train,In-Domain,
NSc1cccc2ccccc12,7.248,5.532575585789871,1.132500000000001,1.132500000000001,0.6743297474053659,10.41666666666667,175.256,0.0303826308065185,-0.273572290883469,0.9166666666666666,2.5,32.17183138880996,10.12781323120044,1.962047261857506,-2.007205216165927,2.232996368913189,-1.807052722046318,7.968947127346388,1.540491470111238,2.16854290746428,2.790967029739265,392.4656418352572,-0.99,902.1138495051404,3.170304634712611,1.193300267669831,0.0,0.0,0.0,0.0,0.0,0.0,5.138973737607942,0.0,0.0,0.0,36.39820241076966,28.7867384637724,4.895483475517775,0.0,0.0,22.72037139531079,0.0,0.0,5.138973737607942,4.895483475517775,0.0,42.46456947923127,0.0,5.138973737607942,0.0,0.0,11.9479229663812,0.0,0.0,0.0,47.36005295474904,0.0,10.77244842892959,26.02,0.0,0.0,0.0,0.0,4.895483475517775,22.72037139531079,0.0,24.26546827384644,18.19910120538483,5.138973737607942,0.0,1.298287037037037,1.132500000000001,8.00521447467876,0.0,0.0,14.39733182161754,0.0,0.0,0.0,0.0,2.0,1.0,0.0,0.0,2.0,1.0,2.0,1.0,2.805600000000001,0.0,0.0,0.0,0.0,0.0,0.0,0.0,0.0,0.0,0.0,0.0,0.0,0.0,0.0,0.0,0.0,0.0,0.0,0.0,0.0,0.0,0.0,0.0,0.0,0.0,0.0,0.0,0.0,-1.456058859825134,-5.577410697937012,-2.60708475112915,pca,False,train,In-Domain,
NOC(=O)c1ccccn1,6.989,10.6037037037037,0.2129629629629634,-0.6244444444444446,0.559234392197098,8.9,138.126,0.3748706788233538,-0.3684906901862719,1.6,2.9,16.6530058083738,10.35552996292448,2.033137909097029,-1.928741164076094,1.925064871747228,-2.106313743642351,5.861942984147512,0.0496265982319079,2.048167390601267,2.852627928819143,222.4492424462252,-1.42,237.587417309747,2.931903402289157,1.294592269254198,4.837588583736633,5.693927994848461,0.0,0.0,0.0,5.969305287951849,0.0,9.77851570501903,5.896975471277056,0.0,6.06636706846161,12.13273413692322,6.196843571613076,0.0,9.632125767808455,5.969305287951849,0.0,4.983978520947209,5.896975471277056,0.0,0.0,30.08987277184637,0.0,5.896975471277056,0.0,0.0,0.0,10.95328380889906,4.837588583736633,10.48846517892028,24.39594477699791,0.0,0.0,65.21000000000001,5.969305287951849,4.794537184071822,5.693927994848461,0.0,0.0,12.26321064007469,12.13273413692322,0.0,15.7185425759609,0.0,0.0,0.0,18.23347222222223,0.0,0.2129629629629634,3.990075585789872,4.904507747543462,1.492314814814815,0.0,0.0,0.0,2.0,4.0,0.0,1.0,4.0,1.0,4.0,1.0,0.1120999999999999,0.0,0.0,0.0,0.0,0.0,0.0,1.0,1.0,1.0,0.0,0.0,0.0,0.0,0.0,0.0,0.0,0.0,0.0,0.0,0.0,0.0,0.0,0.0,0.0,0.0,0.0,0.0,0.0,-4.93791675567627,-3.068511009216309,0.01215896662324667,pca,False,train,In-Domain,
O=C(O)COc1cccc2ccccc12,5.308,10.38370449105568,0.3115003779289493,-0.9695053854875272,0.8301975444958709,10.13333333333333,202.209,0.3412227364548822,-0.4812647577925676,1.133333333333333,2.666666666666667,16.5025231991572,10.11205665195566,2.025018729405212,-2.060068994682033,2.242887766062892,-2.089530009305075,5.879620094990834,-0.1387778975028577,2.25934343853336,2.377634119750364,485.6961432990402,-2.03,3375.459097168839,4.002881593971449,2.070848839522495,9.843390348640757,5.749511833283905,6.606881964512918,0.0,0.0,5.969305287951849,0.0,4.794537184071822,0.0,0.0,36.39820241076966,11.45259128292641,5.386224214464796,0.0,14.63792753271258,16.74175371688144,0.0,0.0,0.0,0.0,6.606881964512918,42.46456947923127,5.749511833283905,4.736862953800049,0.0,5.749511833283905,0.0,17.68271464730547,4.794537184071822,0.0,42.46456947923127,0.0,10.77244842892959,46.53,5.969305287951849,4.794537184071822,6.606881964512918,5.749511833283905,10.77244842892959,0.0,6.06636706846161,36.39820241076966,0.0,9.843390348640757,5.181157407407408,0.0,10.38370449105568,10.49561004031242,0.0,-0.3625609410430825,13.28025604686319,0.0,-0.3115003779289493,0.0,0.0833333333333333,1.0,3.0,0.0,0.0,2.0,1.0,3.0,3.0,2.3032,1.0,0.0,0.0,0.0,1.0,1.0,1.0,0.0,0.0,0.0,0.0,0.0,0.0,0.0,0.0,0.0,0.0,1.0,0.0,0.0,0.0,0.0,0.0,0.0,0.0,0.0,0.0,0.0,-5.260562896728516,-3.316504001617432,0.7464086413383484,pca,False,train,In-Domain,
CNSc1ccccc1,10.4115,3.000648148148148,1.25,1.25,0.6280724956317733,9.444444444444445,139.223,0.0227495166513127,-0.2629904311647928,1.222222222222222,2.444444444444445,32.17198649908137,10.37100047140297,1.84077512192385,-1.942347613755304,2.105523294070843,-1.885494318810719,7.969858888744411,1.276595734192136,1.910086008859914,2.61489994009295,161.8269363112177,-0.47,145.1665366733534,3.53537541468979,2.076770453703028,0.0,0.0,0.0,0.0,0.0,0.0,4.722094864452088,0.0,0.0,0.0,18.19910120538483,31.1283290859816,4.895483475517775,0.0,0.0,11.9479229663812,0.0,4.722094864452088,0.0,4.895483475517775,7.04767198267719,30.33183534230805,0.0,4.722094864452088,0.0,0.0,11.9479229663812,7.04767198267719,0.0,0.0,35.22731881782583,0.0,0.0,12.03,0.0,0.0,0.0,0.0,0.0,4.895483475517775,11.9479229663812,25.24677318806202,16.85482900137531,0.0,3.000648148148148,1.625277777777778,1.25,0.0,0.0,0.0,10.20972222222222,0.0,0.0,1.914351851851852,0.1428571428571428,1.0,1.0,0.0,0.0,2.0,1.0,2.0,2.0,1.9131,0.0,0.0,0.0,0.0,0.0,0.0,0.0,0.0,0.0,1.0,0.0,0.0,0.0,0.0,0.0,0.0,0.0,0.0,0.0,0.0,0.0,0.0,0.0,0.0,0.0,0.0,0.0,0.0,5.652593612670898,-3.241849899291992,-3.662329912185669,pca,False,train,In-Domain,
NCCCCCc1cccnc1,7.7805,5.395628306878307,0.8125393675988913,0.8125393675988913,0.6732970008549991,10.08333333333333,164.252,0.0299345913292428,-0.3304735024423193,1.25,2.833333333333333,14.60749106383834,10.09972204427004,1.908860704206786,-1.984898803526528,2.032317170183677,-1.977534312628938,5.075446015381233,0.685386836739369,2.144015907892219,2.157795777203053,196.253369807243,-0.89,694.6611541570788,5.7213645832552,3.486219293300076,5.733667477162185,0.0,0.0,0.0,0.0,0.0,4.983978520947209,0.0,0.0,0.0,12.48718869138762,37.43703983484921,12.39368714322615,0.0,0.0,0.0,0.0,4.983978520947209,5.733667477162185,25.68328649170404,6.544756405912575,30.08987277184637,0.0,5.733667477162185,0.0,0.0,0.0,11.52873492685978,6.42082162292601,24.82591636047502,24.52642128014937,0.0,0.0,38.91,0.0,0.0,0.0,0.0,19.3863996517646,18.40509473754901,0.0,18.46005421168776,11.05034558940882,5.733667477162185,0.0,0.0,4.05887999181154,0.0,6.723888888888889,0.0,4.104871897833207,8.46648652053414,0.8125393675988913,0.0,0.5,2.0,2.0,0.0,1.0,2.0,1.0,2.0,5.0,1.7531,0.0,0.0,0.0,0.0,0.0,0.0,0.0,0.0,1.0,0.0,0.0,0.0,0.0,0.0,0.0,1.0,0.0,0.0,0.0,0.0,0.0,0.0,0.0,0.0,0.0,0.0,2.0,0.0,-4.485544681549072,-4.822731018066406,-4.047823905944824,pca,False,train,In-Domain,
N#CNC(=O)c1ccccc1,6.5145,10.91106481481481,0.3674999999999999,-0.3674999999999999,0.472322428328877,8.272727272727273,146.149,0.2637656083430103,-0.2681968631114158,1.363636363636364,2.545454545454545,16.14895658335954,10.19640136418066,1.999936467490865,-1.935427273561986,1.959935426088078,-2.162411613659914,5.944706072304061,0.0972640311048371,2.066172828612932,2.792418480761213,286.7104097624586,-1.82,380.1758004647795,3.373794182686308,1.798454410853802,0.0,0.0,6.19315609577884,0.0,5.907179729351506,0.0,10.11132578807815,0.0,5.261891554738487,0.0,18.19910120538483,12.13273413692322,5.563451491696996,0.0,4.794537184071822,5.907179729351506,5.261891554738487,5.316788604006331,0.0,0.0,0.0,35.89528683400505,6.19315609577884,5.316788604006331,0.0,0.0,0.0,5.907179729351506,0.0,10.35798867576882,30.33183534230805,0.0,0.0,52.89,0.0,4.794537184071822,5.907179729351506,5.563451491696996,0.0,0.0,30.45862436962528,11.38315567246794,0.0,5.261891554738487,0.0,0.0,10.91106481481481,10.14446900982615,0.494490740740741,-0.3674999999999999,8.58440098261527,1.566407785336357,0.0,0.0,0.0,1.0,3.0,1.0,0.0,2.0,1.0,3.0,1.0,0.89748,0.0,0.0,0.0,0.0,0.0,0.0,1.0,1.0,1.0,1.0,0.0,0.0,0.0,0.0,0.0,0.0,0.0,0.0,0.0,0.0,0.0,0.0,0.0,0.0,0.0,0.0,0.0,0.0,-8.200940132141113,-1.847472786903381,-0.9687288403511047,pca,False,train,In-Domain,
O=C(O)CCc1ccccc1,4.031499999999999,10.17262329931973,0.2123148148148146,-0.7418027210884344,0.7116430298202236,9.454545454545457,150.177,0.3031777626958256,-0.4812219344108281,1.272727272727273,2.454545454545455,16.36512515613154,10.11746761352814,1.96084681701472,-1.949500906985372,2.009092285149708,-1.962016679923505,5.665464939552948,-0.1364691703020031,2.029238942059196,2.453018743531937,228.5778659162335,-1.31,349.0290980341817,3.760481303066603,2.846053041174159,5.106527394840706,0.0,0.0,0.0,0.0,5.969305287951849,4.794537184071822,0.0,0.0,0.0,30.33183534230805,11.984273114623,6.42082162292601,0.0,9.901064578912528,5.969305287951849,0.0,0.0,0.0,12.84164324585202,0.0,35.89528683400505,0.0,0.0,0.0,0.0,0.0,11.07583268279256,11.21535880699783,11.984273114623,30.33183534230805,0.0,0.0,37.3,5.969305287951849,4.794537184071822,6.42082162292601,6.42082162292601,5.563451491696996,0.0,0.0,30.33183534230805,0.0,5.106527394840706,0.0,0.0,10.17262329931973,8.374793083900226,1.078611111111111,-0.7418027210884344,9.615590041572185,0.8335185185185181,0.0,0.0,0.2222222222222222,1.0,2.0,0.0,0.0,1.0,1.0,2.0,3.0,1.7038,1.0,0.0,0.0,0.0,1.0,1.0,1.0,0.0,0.0,0.0,0.0,0.0,0.0,0.0,0.0,1.0,0.0,0.0,0.0,0.0,0.0,0.0,0.0,0.0,0.0,0.0,0.0,0.0,-8.27790641784668,-2.391039848327637,-0.4753513634204865,pca,False,train,In-Domain,
N#CCc1ccccc1,10.5515,8.269688208616781,0.5147222222222221,0.5147222222222221,0.5493761204967548,8.333333333333334,117.151,0.0669214516694829,-0.1979745904989837,1.222222222222222,2.444444444444445,14.22272115267711,10.16579786660173,1.838981810240131,-1.875639896948765,1.964687481342805,-1.760984488523599,5.170665996675376,1.26351738603546,1.910086008859914,2.756899621214729,207.7592865103324,-1.29,145.1665366733534,2.883755439002109,1.578795480892324,0.0,0.0,0.0,0.0,0.0,0.0,0.0,0.0,5.261891554738487,0.0,30.33183534230805,5.563451491696996,0.0,12.49004293571828,0.0,0.0,5.261891554738487,0.0,0.0,6.42082162292601,0.0,35.89528683400505,6.069221312792274,0.0,0.0,0.0,0.0,0.0,6.42082162292601,5.563451491696996,30.33183534230805,0.0,0.0,23.79,0.0,0.0,0.0,6.42082162292601,5.563451491696996,0.0,0.0,30.33183534230805,6.069221312792274,5.261891554738487,0.0,0.0,0.0,8.269688208616781,1.083333333333334,0.0,11.79892290249433,0.5147222222222221,0.0,0.0,0.125,0.0,1.0,0.0,0.0,1.0,0.0,1.0,1.0,1.75268,0.0,0.0,0.0,0.0,0.0,0.0,0.0,0.0,1.0,0.0,0.0,0.0,0.0,0.0,0.0,0.0,0.0,0.0,0.0,0.0,0.0,0.0,0.0,0.0,0.0,0.0,0.0,0.0,7.699474334716797,-7.787277221679688,-4.67460823059082,pca,False,train,In-Domain,
CNc1ccccc1,9.1615,3.026944444444444,1.159722222222222,1.159722222222222,0.5759031939735615,8.625,107.156,0.0337042914585278,-0.3881220693538709,1.125,2.125,14.80767782644698,10.31362402002586,1.773859461002749,-1.936620481161437,2.00983528492967,-1.838462914842452,5.407417345095292,1.514940241535672,1.903491193316404,2.832085835007091,145.732814450335,-0.98,91.36757727918736,2.358604859422516,0.9971092570832982,5.316788604006331,0.0,0.0,0.0,0.0,0.0,0.0,0.0,0.0,0.0,18.19910120538483,12.13273413692322,12.73505825736075,0.0,0.0,5.687386274683562,0.0,0.0,0.0,0.0,12.36446058668352,30.33183534230805,0.0,5.316788604006331,5.687386274683562,0.0,0.0,7.04767198267719,0.0,0.0,30.33183534230805,0.0,0.0,12.03,0.0,0.0,0.0,0.0,5.687386274683562,0.0,0.0,37.37950732498524,5.316788604006331,0.0,0.0,0.0,0.0,3.026944444444444,1.159722222222222,0.0,10.06796296296296,0.0,0.0,1.912037037037037,0.1428571428571428,1.0,1.0,0.0,0.0,1.0,1.0,1.0,1.0,1.7283,0.0,0.0,0.0,0.0,0.0,0.0,0.0,0.0,0.0,1.0,0.0,0.0,0.0,0.0,1.0,0.0,0.0,0.0,0.0,0.0,0.0,0.0,1.0,0.0,0.0,0.0,0.0,0.0,-2.522092342376709,-9.213234901428223,-5.053595542907715,pca,False,train,In-Domain,
OCOc1cccnc1,5.297499999999999,8.269688208616781,0.2999074074074075,-0.2999074074074075,0.5819205559276291,9.0,125.127,0.1860499986707296,-0.4661463692208142,1.666666666666667,3.111111111111111,16.58446733081148,10.46538263381592,1.85151136593719,-1.970336231045996,2.035878759940779,-1.933083200025514,5.14343317653753,0.0981635085205187,1.910086008859914,2.61489994009295,163.968645761294,-1.09,145.1665366733534,3.040168123434117,1.69626508404093,9.843390348640757,5.749511833283905,6.792942306099827,0.0,0.0,0.0,4.983978520947209,0.0,0.0,0.0,0.0,12.13273413692322,6.196843571613076,6.196843571613076,9.843390348640757,0.0,0.0,4.983978520947209,0.0,0.0,6.792942306099827,24.52642128014937,5.749511833283905,4.736862953800049,0.0,5.749511833283905,0.0,16.88344822188774,0.0,0.0,24.52642128014937,0.0,0.0,42.35,0.0,0.0,6.792942306099827,5.749511833283905,0.0,6.196843571613076,18.3295777085363,0.0,4.983978520947209,9.843390348640757,4.698888888888889,0.0,3.767175925925926,8.269688208616781,0.0,0.5833333333333335,3.466481481481481,3.181006235827664,-0.2999074074074075,0.0,0.1666666666666666,1.0,3.0,0.0,1.0,3.0,1.0,3.0,2.0,0.4101999999999999,0.0,1.0,0.0,0.0,0.0,0.0,0.0,0.0,1.0,0.0,0.0,0.0,0.0,0.0,0.0,0.0,0.0,1.0,0.0,0.0,0.0,0.0,0.0,0.0,0.0,0.0,0.0,0.0,-6.107836723327637,-5.890498638153076,-2.338606595993042,pca,False,train,In-Domain,
NC(=O)OCCc1ccccn1,9.752,10.16910556815319,0.2840740740740739,-0.7445082199546482,0.7190200640145227,9.333333333333334,166.18,0.4039982957450221,-0.4492982433939323,1.583333333333333,3.0,16.54387918841629,10.27361776728042,1.948918728692309,-1.991991459522841,1.938185698268806,-2.144482761753925,5.639958949483224,0.1576325491465157,2.054764686586734,2.290572056240154,248.4945899428275,-1.58,567.1150534979386,4.329441682808623,3.005223044230256,10.47053043096224,0.0,0.0,0.0,0.0,6.093240070938415,4.983978520947209,4.794537184071822,0.0,0.0,6.06636706846161,12.13273413692322,18.31159318938755,6.606881964512918,9.53140013787187,6.093240070938415,0.0,4.983978520947209,5.733667477162185,6.42082162292601,6.606881964512918,30.08987277184637,0.0,5.733667477162185,4.794537184071822,0.0,0.0,17.68410055639854,11.15768457672606,5.693927994848461,24.39594477699791,0.0,0.0,65.21000000000001,6.093240070938415,4.794537184071822,6.606881964512918,6.42082162292601,5.693927994848461,0.0,6.196843571613076,18.19910120538483,9.720841474747257,5.733667477162185,4.544640022675737,0.0,14.21257401108592,0.0,5.662767699672462,0.0,5.578765432098765,1.55051209372638,0.2840740740740739,0.0,0.25,2.0,4.0,1.0,1.0,3.0,1.0,4.0,3.0,0.7193999999999999,0.0,0.0,0.0,0.0,0.0,0.0,1.0,1.0,1.0,0.0,0.0,0.0,0.0,0.0,0.0,0.0,0.0,1.0,0.0,0.0,0.0,0.0,0.0,1.0,0.0,0.0,0.0,0.0,-6.432057857513428,-6.205711841583252,-1.628311038017273,pca,False,train,In-Domain,
NCCOC(=O)c1ccccc1,10.1485,11.12578703703704,0.2715551776266063,-0.3184722222222218,0.6738929698065423,9.416666666666666,165.192,0.3376643234388559,-0.4607507439390199,1.333333333333333,2.583333333333333,16.53306935086285,10.2118271677304,2.029749751804224,-2.008061157692213,1.994237486038364,-2.128988696073866,5.887303715312917,0.0516552036024687,2.154522458102369,2.539556056342092,245.9652649298467,-1.35,646.3567374307108,4.512097517536597,2.358651236473343,10.47053043096224,6.606881964512918,0.0,0.0,0.0,5.969305287951849,0.0,4.794537184071822,0.0,0.0,18.19910120538483,12.13273413692322,6.544756405912575,5.563451491696996,9.53140013787187,5.969305287951849,0.0,0.0,5.733667477162185,0.0,13.15163837042549,35.89528683400505,0.0,5.733667477162185,0.0,0.0,0.0,19.12094365837734,4.736862953800049,10.35798867576882,30.33183534230805,0.0,0.0,52.32,0.0,4.794537184071822,12.57618725246477,12.10820789760957,0.0,0.0,24.26546827384644,6.06636706846161,0.0,10.47053043096224,4.813287037037037,0.0,11.12578703703704,0.0,5.738731418493323,-0.3184722222222218,8.842748881960192,0.0,0.6312511810279673,0.0,0.2222222222222222,2.0,3.0,0.0,0.0,3.0,1.0,3.0,3.0,0.8020999999999996,0.0,0.0,0.0,0.0,0.0,0.0,1.0,1.0,0.0,0.0,0.0,0.0,0.0,0.0,0.0,0.0,1.0,1.0,0.0,0.0,0.0,0.0,0.0,0.0,0.0,0.0,0.0,0.0,5.481491088867188,-8.55204963684082,-4.975840091705322,pca,False,train,In-Domain,
NCSc1cccnc1,7.1145,5.29572373393802,0.6167592592592595,0.6167592592592595,0.4934109196084505,9.444444444444445,140.211,0.0440783174485003,-0.3216163506191682,1.666666666666667,3.111111111111111,32.16654784410234,10.50755116382708,1.856193921748675,-1.924219248979747,2.116553978576968,-1.907791808838841,7.988235254222535,1.231739875363618,1.910086008859914,2.61489994009295,163.968645761294,-0.54,145.1665366733534,3.478736954082842,2.032641292148182,5.733667477162185,0.0,0.0,0.0,0.0,0.0,4.983978520947209,0.0,0.0,11.76188494939112,0.0,12.13273413692322,23.16595900847728,0.0,0.0,11.76188494939112,0.0,4.983978520947209,5.733667477162185,4.895483475517775,5.876788389733356,24.52642128014937,0.0,5.733667477162185,0.0,0.0,11.76188494939112,10.86076691068056,0.0,0.0,29.42190475566714,0.0,0.0,38.91,0.0,0.0,0.0,5.876788389733356,4.895483475517775,0.0,24.15557209261726,12.13273413692322,4.983978520947209,5.733667477162185,0.0,1.590555555555555,5.051898148148148,0.0,5.29572373393802,0.6167592592592595,3.891388888888889,3.553674414210128,0.0,0.0,0.1666666666666666,2.0,2.0,0.0,1.0,3.0,1.0,3.0,2.0,1.0899,0.0,0.0,0.0,0.0,0.0,0.0,0.0,0.0,1.0,0.0,0.0,0.0,0.0,0.0,0.0,0.0,0.0,0.0,0.0,0.0,0.0,0.0,0.0,0.0,1.0,0.0,0.0,0.0,-5.048867225646973,-10.01989650726318,-5.799882411956787,pca,False,train,In-Domain,
NC(=O)Sc1cccc2ccccc12,10.455,10.79758078231292,0.3737471655328785,-0.3737471655328785,0.7238151837374448,10.28571428571429,203.266,0.2808045328852555,-0.3602221032334096,1.071428571428571,2.571428571428572,32.16662936155112,10.12773230366734,2.027508163993341,-2.020957837825701,2.267641116837998,-2.009399942776803,8.132834724119443,0.2670250189681983,2.175248503006303,2.58753091711869,476.1761553969986,-1.48,1975.125640729724,3.717080734621144,1.723514739229025,5.733667477162185,0.0,0.0,0.0,5.239211713172287,0.0,4.794537184071822,0.0,0.0,0.0,36.39820241076966,28.60070044678232,4.895483475517775,0.0,4.794537184071822,27.77354509149299,0.0,0.0,5.733667477162185,4.895483475517775,0.0,42.46456947923127,0.0,5.733667477162185,4.794537184071822,0.0,11.76188494939112,5.239211713172287,0.0,0.0,47.36005295474904,0.0,10.77244842892959,43.09,0.0,4.794537184071822,5.239211713172287,0.0,27.42981685383848,0.0,0.0,42.46456947923127,0.0,5.733667477162185,0.0,1.066805555555555,11.71017337490552,1.818428760393048,5.13953231292517,0.0,13.76505999622071,0.0,0.0,0.0,0.0,2.0,2.0,1.0,0.0,2.0,1.0,3.0,1.0,3.010600000000001,0.0,0.0,0.0,0.0,0.0,0.0,1.0,1.0,0.0,0.0,0.0,0.0,0.0,0.0,0.0,0.0,0.0,0.0,0.0,0.0,0.0,0.0,0.0,1.0,1.0,0.0,0.0,0.0,-8.846748352050781,-6.767130851745605,-2.323514699935913,pca,False,train,In-Domain,
Sc1ccccc1,7.1635,4.084382716049383,1.016203703703704,1.016203703703704,0.4849033405149622,8.714285714285714,110.181,0.0039920050653017,-0.1434268922977095,1.0,1.857142857142857,32.11691025659743,10.37112557141021,1.725801558938439,-1.81302506774763,2.003262340658289,-1.564823728048392,7.798895708674257,1.480463460412682,1.685616163320438,3.021465309724086,134.1073696954145,-0.43,47.19725257297226,2.029999057672206,1.238796211144248,0.0,0.0,0.0,0.0,0.0,0.0,0.0,0.0,0.0,12.62878914801299,18.19910120538483,12.13273413692322,4.895483475517775,0.0,0.0,12.62878914801299,0.0,0.0,0.0,4.895483475517775,0.0,30.33183534230805,0.0,0.0,0.0,0.0,12.62878914801299,0.0,0.0,0.0,35.22731881782583,0.0,0.0,0.0,0.0,0.0,0.0,0.0,4.895483475517775,0.0,0.0,30.33183534230805,12.62878914801299,0.0,0.0,4.084382716049383,1.016203703703704,0.0,0.0,0.0,9.788302469135802,0.0,0.0,0.0,0.0,0.0,0.0,0.0,0.0,1.0,1.0,1.0,0.0,1.9753,0.0,0.0,0.0,0.0,0.0,0.0,0.0,0.0,0.0,0.0,0.0,0.0,1.0,0.0,0.0,0.0,0.0,0.0,0.0,0.0,0.0,0.0,0.0,0.0,0.0,0.0,0.0,0.0,-9.011677742004395,-6.879562854766846,-1.973794221878052,pca,False,train,In-Domain,
NC(=O)Sc1cccnc1,10.3625,10.3261148904006,0.4092592592592587,-0.4092592592592587,0.6192070781192863,9.2,154.194,0.2808371136864834,-0.3602216352829205,1.7,3.0,32.16662879725359,10.50751450237237,1.955040588854704,-1.914579549301608,2.138828735029707,-2.006781260242751,8.131100443118333,0.2670149917377073,1.881014057849052,2.674241602295127,224.4492424462252,-1.03,195.6254620163014,3.217441227379884,2.064278005233465,5.733667477162185,0.0,0.0,0.0,5.239211713172287,0.0,9.77851570501903,0.0,0.0,0.0,0.0,23.89461908631434,17.28917061874393,0.0,4.794537184071822,17.0010966625634,0.0,4.983978520947209,5.733667477162185,4.895483475517775,0.0,24.52642128014937,0.0,5.733667477162185,4.794537184071822,0.0,11.76188494939112,10.2231902341195,0.0,0.0,29.42190475566714,0.0,0.0,55.98,5.239211713172287,4.794537184071822,0.0,0.0,16.65736842490889,0.0,24.52642128014937,0.0,4.983978520947209,5.733667477162185,0.0,0.9748148148148148,14.90838340891912,-0.4092592592592587,4.920723733938019,0.0,3.535416666666666,3.236587301587302,0.0,0.0,0.0,2.0,3.0,1.0,1.0,3.0,1.0,4.0,1.0,1.2524,0.0,0.0,0.0,0.0,0.0,0.0,1.0,1.0,1.0,0.0,0.0,0.0,0.0,0.0,0.0,0.0,0.0,0.0,0.0,0.0,0.0,0.0,0.0,1.0,1.0,0.0,0.0,0.0,4.899083137512207,-7.781981945037842,-8.424464225769043,pca,False,train,In-Domain,
O=C(O)COc1ccccc1,5.141500000000001,10.04762329931973,0.2876851851851854,-0.9640249433106568,0.7062096181798528,9.090909090909092,152.149,0.3412221183131221,-0.4819192283634051,1.363636363636364,2.545454545454545,16.50221246111881,10.33795031024554,1.957071854893618,-1.997774023710626,2.066891551482585,-2.08532107459374,5.679644460509116,-0.1388078092982865,2.029238942059196,2.453018743531937,230.3523034270509,-1.51,349.0290980341817,3.607707076422454,2.708675792549771,9.843390348640757,5.749511833283905,6.606881964512918,0.0,0.0,5.969305287951849,0.0,4.794537184071822,0.0,0.0,18.19910120538483,12.13273413692322,0.0,0.0,14.63792753271258,5.969305287951849,0.0,0.0,0.0,0.0,6.606881964512918,30.33183534230805,5.749511833283905,4.736862953800049,0.0,5.749511833283905,0.0,17.68271464730547,4.794537184071822,0.0,30.33183534230805,0.0,0.0,46.53,5.969305287951849,4.794537184071822,6.606881964512918,5.749511833283905,0.0,0.0,24.26546827384644,6.06636706846161,0.0,9.843390348640757,4.867870370370371,0.0,10.04762329931973,8.249793083900228,0.0,-0.3854138321995453,8.84114559712774,0.0,-0.2876851851851854,0.0,0.125,1.0,3.0,0.0,0.0,2.0,1.0,3.0,3.0,1.15,1.0,0.0,0.0,0.0,1.0,1.0,1.0,0.0,0.0,0.0,0.0,0.0,0.0,0.0,0.0,0.0,0.0,1.0,0.0,0.0,0.0,0.0,1.0,0.0,0.0,0.0,0.0,0.0,-5.396557331085205,-9.504287719726562,-9.128887176513672,pca,False,train,In-Domain,
NCCSc1cccc2ccccc12,10.537,5.499591206853111,0.7300474773242631,0.7300474773242631,0.7761818050322176,10.64285714285714,203.31,0.015088710146778,-0.3296390987997509,1.0,2.642857142857143,32.16653512343348,10.12770278916827,1.985072634177388,-2.040530204163384,2.265224453159436,-2.003141238872381,7.991239751794608,1.149288223935215,2.261019386051472,2.429747226129962,420.0961725957642,-0.99,2437.378898163487,4.488386213347448,1.913688089146529,5.733667477162185,0.0,0.0,0.0,0.0,0.0,0.0,0.0,0.0,11.76188494939112,36.39820241076966,16.8388154973912,17.19309348817714,0.0,0.0,22.5343333783207,0.0,0.0,5.733667477162185,4.895483475517775,12.29761001265936,42.46456947923127,0.0,5.733667477162185,0.0,0.0,11.76188494939112,12.29761001265936,0.0,0.0,47.36005295474904,0.0,10.77244842892959,26.02,0.0,0.0,0.0,0.0,12.29761001265936,15.66793190444737,0.0,11.76188494939112,42.46456947923127,5.733667477162185,0.0,1.824907407407407,1.327361111111111,2.627751322751323,5.499591206853111,0.9801662887377172,14.8435085191484,0.0,0.7300474773242631,0.0,0.1666666666666666,2.0,1.0,0.0,0.0,2.0,1.0,2.0,3.0,2.890600000000001,0.0,0.0,0.0,0.0,0.0,0.0,0.0,0.0,0.0,0.0,0.0,0.0,0.0,0.0,0.0,0.0,0.0,0.0,0.0,0.0,0.0,0.0,0.0,0.0,1.0,0.0,0.0,0.0,-9.12712287902832,-6.090859889984131,-6.183408260345459,pca,False,train,In-Domain,
CNNc1cccc2ccccc12,9.246,3.100509259259259,1.111666666666667,1.111666666666667,0.6795132052578436,10.23076923076923,172.231,0.0565360222631456,-0.3211364257676047,0.9230769230769232,2.538461538461538,15.33332196048491,10.1020551097281,1.96073811367803,-2.068299245225998,2.212601314993192,-2.144127101164283,5.930484726428616,0.9875970403694248,2.189827491530279,2.613871190454566,404.255515685913,-1.54,1449.665799393045,3.455049673054011,1.484064944981838,5.425791397110385,0.0,0.0,0.0,0.0,0.0,0.0,5.425791397110385,0.0,0.0,36.39820241076966,11.45259128292641,12.43389619714198,5.687386274683562,0.0,16.45983470361315,0.0,5.425791397110385,0.0,0.0,12.47346337978757,42.46456947923127,0.0,10.85158279422077,5.687386274683562,0.0,0.0,7.04767198267719,0.0,0.0,42.46456947923127,0.0,10.77244842892959,24.06,0.0,0.0,0.0,0.0,5.687386274683562,10.77244842892959,0.0,25.24677318806202,35.11705106806721,0.0,0.0,0.0,0.0,2.488055555555556,7.138305933484505,0.0,14.51076814058957,0.0,0.0,1.86287037037037,0.0909090909090909,2.0,2.0,0.0,0.0,2.0,2.0,2.0,2.0,2.3861,0.0,0.0,0.0,0.0,0.0,0.0,0.0,0.0,0.0,2.0,0.0,0.0,0.0,0.0,1.0,0.0,0.0,0.0,0.0,1.0,0.0,0.0,0.0,0.0,0.0,0.0,0.0,0.0,-9.52384090423584,-6.174220085144043,-5.398460865020752,pca,False,train,In-Domain,
COc1cccnc1,5.4615,4.851666666666667,0.7986111111111112,0.7986111111111112,0.5381831574540579,8.625,109.128,0.1366399714136652,-0.4951467005486811,1.625,2.875,16.46555488768938,10.46640981912475,1.809986396375892,-1.926862117148588,2.023499331084407,-1.802690896721768,5.141648452831995,0.4126573855899166,1.903491193316404,2.832085835007091,149.8745239004113,-1.05,91.36757727918736,2.306710573157707,0.9641693455260444,4.736862953800049,5.749511833283905,0.0,0.0,0.0,0.0,4.983978520947209,0.0,0.0,0.0,0.0,12.13273413692322,6.196843571613076,13.30664111289061,4.736862953800049,0.0,0.0,4.983978520947209,0.0,0.0,7.109797541277533,24.52642128014937,5.749511833283905,4.736862953800049,0.0,5.749511833283905,0.0,12.09377606222474,0.0,0.0,24.52642128014937,0.0,0.0,22.12,0.0,0.0,0.0,0.0,5.749511833283905,0.0,19.50348468450369,12.13273413692322,4.983978520947209,4.736862953800049,4.851666666666667,0.0,3.830509259259259,0.0,0.0,0.7986111111111112,3.686342592592593,3.3775,0.0,1.622037037037037,0.1666666666666666,0.0,2.0,0.0,1.0,2.0,0.0,2.0,1.0,1.0902,0.0,0.0,0.0,0.0,0.0,0.0,0.0,0.0,1.0,0.0,0.0,0.0,0.0,0.0,0.0,0.0,0.0,1.0,0.0,0.0,0.0,1.0,0.0,0.0,0.0,0.0,0.0,0.0,3.643651247024536,2.225271940231323,-4.600399017333984,pca,False,train,In-Domain,
NCCCOc1cccc2ccccc12,8.761,5.679675925925926,0.6713949514991181,0.6713949514991181,0.7714853037098685,10.46666666666667,201.269,0.1266089864376103,-0.4928963096802064,1.0,2.666666666666667,16.47708191533791,10.11154073067533,1.992334550894704,-2.077584668948337,2.244478824110284,-2.056691876946934,5.876309862628394,0.3168462516081624,2.29714457333829,2.259783288350702,433.9889281845332,-1.54,3997.031557608625,4.802019111921298,2.278602166568944,10.47053043096224,5.749511833283905,0.0,0.0,0.0,0.0,0.0,0.0,0.0,0.0,36.39820241076966,24.41816931176499,5.386224214464796,6.606881964512918,4.736862953800049,10.77244842892959,0.0,0.0,5.733667477162185,6.42082162292601,13.15163837042549,42.46456947923127,5.749511833283905,10.47053043096224,0.0,5.749511833283905,0.0,13.15163837042549,0.0,6.42082162292601,42.46456947923127,0.0,10.77244842892959,35.25,0.0,0.0,0.0,13.15163837042549,17.55655767067471,5.386224214464796,0.0,24.26546827384644,18.19910120538483,10.47053043096224,5.679675925925926,0.0,0.0,2.3747869425548,5.42531037414966,0.9458796296296298,14.32584026203074,0.8920845143613001,1.356422351347946,0.0,0.2307692307692307,2.0,2.0,0.0,0.0,2.0,1.0,2.0,4.0,2.567400000000001,0.0,0.0,0.0,0.0,0.0,0.0,0.0,0.0,0.0,0.0,0.0,0.0,0.0,0.0,0.0,0.0,0.0,1.0,0.0,0.0,0.0,0.0,0.0,0.0,0.0,0.0,0.0,0.0,0.5006603002548218,4.161858558654785,-1.224446415901184,pca,False,train,In-Domain,
NCCOc1cccnc1,5.3385,5.230946712018141,0.5366014739229026,0.5366014739229026,0.6580630289918705,9.3,138.17,0.1371413011168703,-0.4906611649554124,1.6,3.1,16.47750667292549,10.4573429928824,1.870421293294374,-2.005367300212743,2.039664697087463,-2.09935911103826,5.146085637587683,0.3267924321249546,2.029573889867405,2.426522346587954,176.2207979156328,-1.09,251.6671623435582,3.84578737395388,2.027699097944099,10.47053043096224,12.35639379779682,0.0,0.0,0.0,0.0,4.983978520947209,0.0,0.0,0.0,0.0,12.13273413692322,12.74159997752565,6.196843571613076,4.736862953800049,0.0,0.0,4.983978520947209,5.733667477162185,0.0,13.15163837042549,24.52642128014937,5.749511833283905,10.47053043096224,0.0,5.749511833283905,0.0,18.1356168913727,0.0,0.0,24.52642128014937,0.0,0.0,48.14,0.0,0.0,0.0,13.15163837042549,5.749511833283905,0.0,12.39368714322615,12.13273413692322,4.983978520947209,10.47053043096224,5.167638888888889,0.0,3.87176776266062,0.0,5.230946712018141,0.7712500000000002,3.675109599395314,3.366037414965986,1.083916288737717,0.0,0.2857142857142857,2.0,3.0,0.0,1.0,3.0,1.0,3.0,3.0,0.4190999999999998,0.0,0.0,0.0,0.0,0.0,0.0,0.0,0.0,1.0,0.0,0.0,0.0,0.0,0.0,0.0,0.0,0.0,1.0,0.0,0.0,0.0,0.0,0.0,0.0,0.0,0.0,0.0,0.0,11.06639671325684,3.210047960281372,-6.691679000854492,pca,False,train,In-Domain,
NCCOC(=O)c1ccccn1,10.278,11.06328703703704,0.2315551776266062,-0.4295833333333327,0.6511290468080695,9.416666666666666,166.18,0.3564596419613434,-0.4596231267477886,1.583333333333333,3.0,16.53363408554008,10.35026766001936,2.050066590153646,-1.999227176618493,1.948858338162192,-2.138419169052872,5.865116211613178,0.050967068982333,2.154522458102369,2.539556056342092,248.4945899428275,-1.42,646.3567374307108,4.456344969302979,2.319052876989167,10.47053043096224,12.30080995936138,0.0,0.0,0.0,5.969305287951849,0.0,9.77851570501903,0.0,0.0,6.06636706846161,12.13273413692322,12.74159997752565,0.0,9.53140013787187,5.969305287951849,0.0,4.983978520947209,5.733667477162185,0.0,13.15163837042549,30.08987277184637,0.0,5.733667477162185,0.0,0.0,0.0,24.10492217932455,4.736862953800049,10.48846517892028,24.39594477699791,0.0,0.0,65.21000000000001,5.969305287951849,4.794537184071822,6.606881964512918,12.23868440076104,0.0,0.0,24.39594477699791,0.0,4.983978520947209,10.47053043096224,4.750787037037037,0.0,14.8794992441421,0.0,5.468323255228017,-0.4295833333333327,5.06012038611741,1.540713340891912,0.5634734032501894,0.0,0.25,2.0,4.0,0.0,1.0,4.0,1.0,4.0,3.0,0.1970999999999996,0.0,0.0,0.0,0.0,0.0,0.0,1.0,1.0,1.0,0.0,0.0,0.0,0.0,0.0,0.0,0.0,1.0,1.0,0.0,0.0,0.0,0.0,0.0,0.0,0.0,0.0,0.0,0.0,1.538568258285522,1.7586669921875,-6.743734836578369,pca,False,train,In-Domain,
ONCc1ccccc1,5.4455,8.269688208616781,0.5147222222222221,0.5147222222222221,0.5783201221968974,9.444444444444445,123.155,0.0457564059437403,-0.3164902320632468,1.222222222222222,2.444444444444445,16.45238843034328,10.21363786939566,1.839599801584313,-1.944267511070041,1.95012657544467,-2.046599501327032,5.132398697128041,0.1610367337745912,1.910086008859914,2.61489994009295,161.8269363112177,-0.8600000000000001,145.1665366733534,3.222126320930433,1.83463020669211,5.20725302477729,0.0,0.0,0.0,0.0,0.0,0.0,5.480096598121202,0.0,0.0,30.33183534230805,5.563451491696996,6.544756405912575,0.0,5.20725302477729,0.0,0.0,5.480096598121202,0.0,6.544756405912575,0.0,35.89528683400505,0.0,5.480096598121202,0.0,0.0,0.0,5.20725302477729,6.544756405912575,5.563451491696996,30.33183534230805,0.0,0.0,32.26,0.0,0.0,0.0,6.544756405912575,5.563451491696996,0.0,0.0,30.33183534230805,5.480096598121202,5.20725302477729,0.0,0.0,0.0,8.269688208616781,3.167314814814815,0.0,9.71494142101285,0.0,0.5147222222222221,0.0,0.1428571428571428,2.0,2.0,0.0,0.0,2.0,2.0,2.0,2.0,1.1654,0.0,0.0,0.0,0.0,0.0,0.0,0.0,0.0,0.0,1.0,1.0,0.0,0.0,0.0,0.0,0.0,0.0,0.0,0.0,0.0,0.0,0.0,0.0,0.0,0.0,0.0,0.0,0.0,-1.616367220878601,3.831449508666992,-3.764405250549316,pca,False,train,In-Domain,
NCNc1ccccn1,5.838,5.209427437641724,0.4275925925925925,0.4275925925925925,0.5598493879681092,9.0,123.159,0.126356582101602,-0.3577369453193736,1.555555555555556,3.0,15.02779888902352,10.45945728453423,1.827970671029148,-1.973552401225294,1.958785684870558,-2.107579068135937,5.318365599450772,1.109546784281808,1.910086008859914,2.61489994009295,161.2137582591305,-1.09,145.1665366733534,3.040168123434117,1.69626508404093,11.05045608116852,5.817862777835028,0.0,0.0,0.0,0.0,0.0,4.983978520947209,0.0,0.0,6.06636706846161,12.13273413692322,6.196843571613076,6.668691188899143,0.0,5.817862777835028,0.0,4.983978520947209,5.733667477162185,0.0,11.98547979290547,24.39594477699791,0.0,11.05045608116852,5.817862777835028,0.0,0.0,11.65266970984635,0.0,0.0,24.39594477699791,0.0,0.0,50.94,0.0,0.0,0.0,6.668691188899143,5.817862777835028,0.0,6.196843571613076,18.19910120538483,10.30076712495354,5.733667477162185,0.0,0.0,3.977361111111111,2.874166666666667,5.209427437641724,0.8194444444444446,5.638442932728648,1.720231481481481,0.4275925925925925,0.0,0.1666666666666666,3.0,3.0,0.0,1.0,3.0,2.0,3.0,2.0,0.4097,0.0,0.0,0.0,0.0,0.0,0.0,0.0,0.0,1.0,1.0,0.0,0.0,0.0,0.0,1.0,0.0,0.0,0.0,0.0,0.0,0.0,0.0,0.0,0.0,0.0,0.0,0.0,0.0,-1.582499742507935,3.683303833007812,-3.423298120498657,pca,False,train,In-Domain,
N#CNc1cccnc1,5.7005,8.130799319727892,0.7222222222222223,0.7222222222222223,0.4423852556905696,7.888888888888889,119.127,0.1809818571538889,-0.2912795204055017,1.666666666666667,3.111111111111111,14.8711874509354,10.42362032162043,1.823657330077715,-1.901205088217742,1.989949778391561,-1.852563029108145,5.425806459279594,1.319464894240569,1.910086008859914,2.756899621214729,211.4946240038419,-1.56,145.1665366733534,2.675461916848228,1.424648807813846,0.0,0.0,6.19315609577884,0.0,0.0,0.0,10.30076712495354,0.0,5.261891554738487,0.0,0.0,12.13273413692322,6.196843571613076,11.88422984629664,0.0,5.687386274683562,5.261891554738487,4.983978520947209,0.0,0.0,5.316788604006331,24.52642128014937,6.19315609577884,5.316788604006331,5.687386274683562,0.0,0.0,4.983978520947209,0.0,0.0,24.52642128014937,0.0,0.0,48.71,0.0,0.0,0.0,0.0,5.687386274683562,0.0,30.71957737592821,0.0,10.30076712495354,5.261891554738487,0.0,0.0,3.789675925925926,10.58135487528345,0.7222222222222223,0.0,3.537592592592593,5.035821050642479,0.0,0.0,0.0,1.0,3.0,0.0,1.0,3.0,1.0,3.0,1.0,0.9745799999999998,0.0,0.0,0.0,0.0,0.0,0.0,0.0,0.0,2.0,1.0,0.0,0.0,0.0,0.0,1.0,0.0,0.0,0.0,0.0,0.0,0.0,0.0,0.0,0.0,0.0,0.0,0.0,0.0,9.125740051269531,2.88160514831543,-8.779630661010742,pca,False,train,In-Domain,
O=C(O)OCCc1cccc2ccccc12,6.418,10.2308843537415,0.1977588813303099,-1.222003075921726,0.8017896037541974,10.25,216.236,0.5052675670534817,-0.4497173394445217,1.125,2.6875,16.65418641808552,10.02719210483574,2.014068033575132,-2.053397468973545,2.182243809776198,-2.039814802148105,5.85142235553973,0.0927678154270306,2.288229392694249,2.201210470473393,500.0087954076702,-2.03,5496.327001251586,4.659852254596217,2.310310334756534,9.843390348640757,0.0,0.0,0.0,0.0,6.155365629538759,0.0,4.794537184071822,0.0,0.0,42.46456947923127,16.33589992062659,6.42082162292601,6.606881964512918,14.63792753271258,16.92781405846835,0.0,0.0,0.0,6.42082162292601,6.606881964512918,48.02802097092827,0.0,0.0,4.794537184071822,0.0,0.0,17.86877498889238,11.15768457672606,5.563451491696996,42.46456947923127,0.0,10.77244842892959,46.53,6.155365629538759,4.794537184071822,6.606881964512918,6.42082162292601,16.33589992062659,0.0,0.0,42.46456947923127,4.736862953800049,5.106527394840706,4.511339049508692,0.0,10.2308843537415,10.69672430083144,1.11050925925926,0.0,14.03663908310238,-0.6171882611069115,0.1977588813303099,0.0,0.1538461538461538,1.0,3.0,0.0,0.0,2.0,1.0,3.0,3.0,3.076900000000002,0.0,0.0,0.0,0.0,0.0,1.0,1.0,0.0,0.0,0.0,0.0,0.0,0.0,0.0,0.0,0.0,0.0,1.0,0.0,0.0,0.0,0.0,0.0,0.0,0.0,0.0,0.0,0.0,-0.1004922613501549,0.684252917766571,-9.218531608581543,pca,False,train,In-Domain,
COOC(=O)c1cccc2ccccc12,10.274,11.51143896447468,0.4774999999999998,-0.4774999999999998,0.554214075087071,10.2,202.209,0.373186206580249,-0.2930867731581597,1.066666666666667,2.6,17.20548070208284,10.05166718764529,2.10349443052906,-2.033860399587155,2.185134568782992,-2.03911509616382,6.036866885855751,-0.2156132581759942,2.284443904400608,2.55515457436636,485.6961432990402,-1.87,3627.696920188166,4.106021219985196,1.823059621671442,0.0,0.0,0.0,0.0,0.0,5.969305287951849,4.887570953256112,4.794537184071822,4.887570953256112,0.0,36.39820241076966,16.8388154973912,0.0,12.67324903297453,14.56967909058405,16.74175371688144,0.0,0.0,0.0,0.0,7.109797541277533,48.02802097092827,0.0,0.0,0.0,0.0,0.0,13.07910282922938,9.775141906512223,10.35798867576882,42.46456947923127,0.0,10.77244842892959,35.53,5.969305287951849,4.794537184071822,0.0,5.563451491696996,10.77244842892959,7.109797541277533,6.06636706846161,36.39820241076966,9.775141906512223,0.0,0.0,0.0,20.36593655517762,1.865836167800454,0.5092129629629634,-0.4774999999999998,13.09461900037793,0.0,0.0,1.308561980347695,0.0833333333333333,0.0,3.0,0.0,0.0,3.0,0.0,3.0,2.0,2.558000000000001,0.0,0.0,0.0,0.0,0.0,0.0,1.0,1.0,0.0,0.0,0.0,0.0,0.0,0.0,0.0,0.0,0.0,0.0,0.0,0.0,0.0,0.0,0.0,0.0,0.0,0.0,0.0,0.0,-3.306512117385864,2.5561683177948,-6.250804424285889,pca,False,train,In-Domain,
COCCCc1cccc2ccccc12,7.832,5.07561862244898,0.8365289588057445,0.8365289588057445,0.6870502782910136,10.73333333333333,200.281,0.0464938480881809,-0.384678077075657,1.0,2.666666666666667,16.46137090103006,10.01168391529552,1.986742492362852,-2.052709799868525,2.189610000797467,-1.928317447325758,5.850906381154113,0.195009458421742,2.29714457333829,2.259783288350702,428.7916756115609,-1.34,3997.031557608625,4.943192550394089,2.365712532288269,4.736862953800049,0.0,0.0,0.0,0.0,0.0,0.0,0.0,0.0,0.0,42.46456947923127,29.17754316647861,13.71667950579045,0.0,4.736862953800049,10.77244842892959,0.0,0.0,0.0,12.84164324585202,13.71667950579045,48.02802097092827,0.0,0.0,0.0,0.0,0.0,13.71667950579045,11.15768457672606,11.984273114623,42.46456947923127,0.0,10.77244842892959,9.23,0.0,0.0,0.0,0.0,19.44852521036493,16.33589992062659,7.109797541277533,0.0,42.46456947923127,4.736862953800049,5.07561862244898,0.0,0.0,2.697703609221467,1.421435185185185,0.0,15.03537887377173,2.18025888133031,0.8365289588057445,1.753075869236584,0.2857142857142857,0.0,1.0,0.0,0.0,1.0,0.0,1.0,4.0,3.418800000000003,0.0,0.0,0.0,0.0,0.0,0.0,0.0,0.0,0.0,0.0,0.0,0.0,0.0,0.0,0.0,1.0,0.0,1.0,0.0,0.0,0.0,1.0,0.0,0.0,0.0,0.0,0.0,0.0,-3.451464891433716,2.636964797973633,-5.797553539276123,pca,False,train,In-Domain,
FC(F)(F)Cc1cccnc1,7.2135,11.71356009070295,0.194444444444445,-4.13587962962963,0.6147351187844039,11.54545454545454,161.126,0.3925964749196788,-0.2644426667664178,1.363636363636364,2.545454545454545,19.41311205503884,10.19501994845019,2.267863554855578,-2.036280431049387,2.195425603886706,-2.108074128669381,5.089223072317311,-0.1267700011737405,1.854984569443839,2.657660984532226,216.8773373457951,-1.06,244.8579631665867,2.900367140172372,3.020284167908217,0.0,0.0,0.0,0.0,0.0,6.176298517443475,4.983978520947209,0.0,13.17124514302446,0.0,6.06636706846161,11.62981856015861,12.39368714322615,6.42082162292601,13.17124514302446,0.0,0.0,4.983978520947209,0.0,12.59712014036948,0.0,30.08987277184637,0.0,0.0,13.17124514302446,0.0,0.0,11.16027703839068,6.42082162292601,5.563451491696996,24.52642128014937,0.0,0.0,12.89,12.59712014036948,13.17124514302446,5.563451491696996,0.0,0.0,24.52642128014937,0.0,0.0,4.983978520947209,0.0,35.14068027210885,0.0,3.568842592592593,0.0,0.194444444444445,0.0,2.890439814814814,-2.377740457294029,0.0,0.0,0.2857142857142857,0.0,1.0,0.0,1.0,1.0,0.0,4.0,1.0,2.1864,0.0,0.0,0.0,0.0,0.0,0.0,0.0,0.0,1.0,0.0,0.0,0.0,0.0,3.0,0.0,0.0,0.0,0.0,3.0,0.0,0.0,0.0,0.0,0.0,0.0,0.0,0.0,0.0,3.582565307617188,-3.036469459533691,-7.930546283721924,pca,False,train,In-Domain,
NC(=O)COc1cccc2ccccc12,8.679,10.6059267132779,0.089278155706727,-0.4695053854875268,0.8212984474378259,10.13333333333333,201.225,0.2548635358064514,-0.48314229797321,1.133333333333333,2.666666666666667,16.48226182856263,10.11196451925424,2.015316299033548,-2.064187923418243,2.242470077980209,-2.195639227333244,5.881369902768209,-0.1194372355264011,2.25934343853336,2.377634119750364,488.4510308012037,-2.03,3375.459097168839,4.002881593971449,2.070848839522495,10.47053043096224,5.749511833283905,6.606881964512918,0.0,5.907179729351506,0.0,4.794537184071822,0.0,0.0,0.0,36.39820241076966,11.45259128292641,5.386224214464796,0.0,9.53140013787187,16.6796281582811,0.0,0.0,5.733667477162185,0.0,6.606881964512918,42.46456947923127,5.749511833283905,10.47053043096224,0.0,5.749511833283905,0.0,12.51406169386442,4.794537184071822,0.0,42.46456947923127,0.0,10.77244842892959,52.32000000000001,5.907179729351506,4.794537184071822,6.606881964512918,5.749511833283905,10.77244842892959,0.0,0.0,42.46456947923127,0.0,10.47053043096224,5.306157407407408,0.0,10.6059267132779,2.070111489040061,5.020424540186445,0.2174390589569177,13.53588561350466,0.0,-0.089278155706727,0.0,0.0833333333333333,2.0,3.0,1.0,0.0,2.0,1.0,3.0,3.0,1.7039,0.0,0.0,0.0,0.0,0.0,0.0,1.0,1.0,0.0,0.0,0.0,0.0,0.0,0.0,0.0,0.0,0.0,1.0,0.0,0.0,0.0,0.0,0.0,1.0,0.0,0.0,0.0,0.0,-6.700656890869141,-4.997487545013428,-8.46670913696289,pca,False,train,In-Domain,
N#CNc1ccccn1,5.756,8.11857709750567,0.5833333333333335,0.5833333333333335,0.4423852556905697,7.888888888888889,119.127,0.1821598058441442,-0.2768630546156339,1.555555555555556,3.0,14.96540104724955,10.46208259271266,1.829390501775184,-1.896940254242516,1.960041586613779,-1.877522363767154,5.365661569704269,1.3047223380937,1.910086008859914,2.756899621214729,211.4946240038419,-1.56,145.1665366733534,2.67546191684823,1.424648807813847,0.0,5.817862777835028,6.19315609577884,0.0,0.0,0.0,5.316788604006331,4.983978520947209,5.261891554738487,0.0,6.06636706846161,12.13273413692322,6.196843571613076,0.0,0.0,5.817862777835028,5.261891554738487,4.983978520947209,0.0,0.0,5.316788604006331,24.39594477699791,6.19315609577884,5.316788604006331,5.817862777835028,0.0,0.0,4.983978520947209,0.0,0.0,24.39594477699791,0.0,0.0,48.71,0.0,0.0,0.0,5.817862777835028,0.0,0.0,24.52273380431514,6.06636706846161,10.30076712495354,5.261891554738487,0.0,0.0,3.834861111111111,10.52052154195011,0.0,0.5833333333333335,5.331793272864702,3.396157407407407,0.0,0.0,0.0,1.0,3.0,0.0,1.0,3.0,1.0,3.0,1.0,0.97458,0.0,0.0,0.0,0.0,0.0,0.0,0.0,0.0,2.0,1.0,0.0,0.0,0.0,0.0,1.0,0.0,0.0,0.0,0.0,0.0,0.0,0.0,0.0,0.0,0.0,0.0,0.0,0.0,-10.07570648193359,-2.796377420425415,-5.618094444274902,pca,False,train,In-Domain,
CNNc1cccnc1,9.1535,3.900787037037037,0.9722222222222224,0.9722222222222224,0.5661464370399013,9.0,123.159,0.0670492300494624,-0.3202232044460771,1.555555555555556,3.0,15.33434122490678,10.43464771345726,1.817295956668985,-1.995167553251718,1.979582117066861,-2.141255927575392,5.374392707659085,0.9799653277845318,1.910086008859914,2.61489994009295,161.2137582591305,-1.09,145.1665366733534,3.040168123434117,1.69626508404093,5.425791397110385,0.0,0.0,0.0,0.0,0.0,4.983978520947209,5.425791397110385,0.0,0.0,0.0,12.13273413692322,13.24451555429027,11.88422984629664,0.0,5.687386274683562,0.0,10.40976991805759,0.0,0.0,12.47346337978757,24.52642128014937,0.0,10.85158279422077,5.687386274683562,0.0,0.0,12.0316505036244,0.0,0.0,24.52642128014937,0.0,0.0,36.95,0.0,0.0,0.0,0.0,5.687386274683562,0.0,12.39368714322615,19.18040611960041,15.83556131516798,0.0,0.0,0.0,3.900787037037037,0.0,6.661203703703704,0.0,3.808703703703704,3.483472222222222,0.0,1.8125,0.1666666666666666,2.0,3.0,0.0,1.0,3.0,2.0,3.0,2.0,0.6278999999999999,0.0,0.0,0.0,0.0,0.0,0.0,0.0,0.0,1.0,2.0,0.0,0.0,0.0,0.0,1.0,0.0,0.0,0.0,0.0,1.0,0.0,0.0,0.0,0.0,0.0,0.0,0.0,0.0,-10.27252101898193,-2.898567914962769,-4.858340263366699,pca,False,train,In-Domain,
CNOCCc1cccc2ccccc12,9.912,5.136339049508692,0.6989162887377174,0.6989162887377174,0.6059787953284462,10.73333333333333,201.269,0.0722111398223144,-0.3017318589637809,1.066666666666667,2.733333333333333,16.64046123468993,10.02748152407746,1.988021287457591,-2.057280585856401,2.180874754567979,-2.09636952364216,5.851038195930599,0.0604987955439041,2.29714457333829,2.259783288350702,433.9889281845332,-1.38,3997.031557608625,4.914872519644979,2.348184901155566,4.837588583736633,0.0,0.0,0.0,0.0,0.0,0.0,5.480096598121202,0.0,0.0,42.46456947923127,22.7567215435526,7.04767198267719,6.606881964512918,4.837588583736633,10.77244842892959,0.0,5.480096598121202,0.0,6.42082162292601,13.65455394719011,48.02802097092827,0.0,5.480096598121202,0.0,0.0,0.0,13.65455394719011,11.25841020666264,5.563451491696996,42.46456947923127,0.0,10.77244842892959,21.26,0.0,0.0,0.0,6.606881964512918,6.42082162292601,16.33589992062659,7.04767198267719,0.0,47.94466607735247,4.837588583736633,0.0,0.0,5.136339049508692,2.610333994708995,4.022441972159235,0.0,14.81838356638952,0.9327314814814814,0.6989162887377174,1.780853647014361,0.2307692307692307,1.0,2.0,0.0,0.0,2.0,1.0,2.0,4.0,2.533300000000001,0.0,0.0,0.0,0.0,0.0,0.0,0.0,0.0,0.0,1.0,1.0,0.0,0.0,0.0,0.0,0.0,0.0,0.0,0.0,0.0,0.0,0.0,0.0,0.0,0.0,0.0,0.0,0.0,11.94436645507812,-3.701533079147339,0.152798056602478,pca,False,train,In-Domain,
NCNC(=O)c1cccc2ccccc12,6.763,11.66755007558579,0.1302777777777777,-0.1302777777777777,0.7214085499331495,10.2,200.241,0.2523974435788473,-0.3396841208383552,1.133333333333333,2.666666666666667,16.1492789776114,10.0430184682227,2.068358546128142,-2.052626143001593,2.174591233247365,-2.288994982153338,6.06439209402595,0.0956226508285856,2.284443904400608,2.55515457436636,488.4510308012037,-1.87,3627.696920188166,4.106021219985196,1.823059621671442,11.05045608116852,0.0,0.0,0.0,5.907179729351506,0.0,4.794537184071822,0.0,0.0,0.0,36.39820241076966,16.8388154973912,5.563451491696996,6.668691188899143,4.794537184071822,16.6796281582811,0.0,5.316788604006331,5.733667477162185,0.0,6.668691188899143,48.02802097092827,0.0,11.05045608116852,0.0,0.0,0.0,12.57587091825065,0.0,10.35798867576882,42.46456947923127,0.0,10.77244842892959,55.12,0.0,4.794537184071822,12.57587091825065,5.563451491696996,10.77244842892959,0.0,6.06636706846161,36.39820241076966,5.316788604006331,5.733667477162185,0.0,0.0,11.66755007558579,4.600316515495088,5.944220836482741,-0.1302777777777777,13.43004102103804,0.0,0.1548159958427819,0.0,0.0833333333333333,3.0,3.0,1.0,0.0,2.0,2.0,3.0,2.0,1.4858,0.0,0.0,0.0,0.0,0.0,0.0,1.0,1.0,0.0,1.0,0.0,0.0,0.0,0.0,0.0,0.0,0.0,0.0,0.0,0.0,0.0,0.0,0.0,0.0,0.0,0.0,0.0,0.0,1.78157901763916,-4.923984527587891,0.430637538433075,pca,False,train,In-Domain,
N#CNC(=O)c1ccccn1,6.644,10.84856481481481,0.244490740740741,-0.4786111111111106,0.4583376921681626,8.272727272727273,147.137,0.2823488587577993,-0.2663889036233025,1.636363636363636,3.0,16.14952957367171,10.32997651874045,2.020847691089484,-1.924895897716283,1.906244874317747,-2.177179719763001,5.925600489275752,0.0967780959921438,2.066172828612932,2.792418480761213,288.3040378058919,-1.89,380.1758004647795,3.321482264338045,1.761561829988696,0.0,5.693927994848461,6.19315609577884,0.0,5.907179729351506,0.0,15.09530430902536,0.0,5.261891554738487,0.0,6.06636706846161,12.13273413692322,6.196843571613076,0.0,4.794537184071822,5.907179729351506,5.261891554738487,10.30076712495354,0.0,0.0,0.0,30.08987277184637,6.19315609577884,5.316788604006331,0.0,0.0,0.0,10.89115825029871,0.0,10.48846517892028,24.39594477699791,0.0,0.0,65.78,5.907179729351506,4.794537184071822,5.693927994848461,0.0,0.0,18.45636673585353,12.13273413692322,5.316788604006331,4.983978520947209,5.261891554738487,0.0,0.0,14.58268518518518,10.05419123204838,0.244490740740741,-0.4786111111111106,4.91182067271353,3.018756613756614,0.0,0.0,0.0,1.0,4.0,1.0,1.0,3.0,1.0,4.0,1.0,0.29248,0.0,0.0,0.0,0.0,0.0,0.0,1.0,1.0,2.0,1.0,0.0,0.0,0.0,0.0,0.0,0.0,0.0,0.0,0.0,0.0,0.0,0.0,0.0,0.0,0.0,0.0,0.0,0.0,-1.713241219520569,-2.729919910430908,3.54332423210144,pca,False,train,In-Domain,
NSc1ccccc1,7.0815,5.266481481481482,1.104166666666667,1.104166666666667,0.5774323811611558,9.125,125.196,0.0225368653167391,-0.2735906783359795,1.125,2.125,32.17183078088962,10.3710216373121,1.806857167825997,-1.884162689018126,2.076379035022724,-1.752083187549392,7.96678522338506,1.462542421694013,1.903491193316404,2.832085835007091,149.8745239004113,-0.47,91.36757727918736,2.744513564290711,1.249498485480765,0.0,0.0,0.0,0.0,0.0,0.0,5.138973737607942,0.0,0.0,0.0,18.19910120538483,24.08065710330441,4.895483475517775,0.0,0.0,11.9479229663812,0.0,0.0,5.138973737607942,4.895483475517775,0.0,30.33183534230805,0.0,5.138973737607942,0.0,0.0,11.9479229663812,0.0,0.0,0.0,35.22731881782583,0.0,0.0,26.02,0.0,0.0,0.0,0.0,4.895483475517775,11.9479229663812,0.0,30.33183534230805,0.0,5.138973737607942,0.0,1.268796296296296,1.104166666666667,5.266481481481482,0.0,0.0,9.860555555555557,0.0,0.0,0.0,0.0,2.0,1.0,0.0,0.0,2.0,1.0,2.0,1.0,1.6524,0.0,0.0,0.0,0.0,0.0,0.0,0.0,0.0,0.0,0.0,0.0,0.0,0.0,0.0,0.0,0.0,0.0,0.0,0.0,0.0,0.0,0.0,0.0,0.0,0.0,0.0,0.0,0.0,-1.820891380310059,-2.742178678512573,3.805154800415039,pca,False,train,In-Domain,
NCCOc1ccccc1,5.2645,5.251354875283447,0.5643792517006804,0.5643792517006804,0.6747682367848178,9.3,137.182,0.1188592990312688,-0.4922830901761552,1.2,2.5,16.47719904027286,10.33790917479264,1.859944955230673,-2.011799841022878,2.063689739035667,-2.097750402433753,5.202320540814931,0.3281027135850066,2.029573889867405,2.426522346587954,173.872282370036,-1.02,251.6671623435582,3.903486251059233,2.070394524238473,10.47053043096224,12.35639379779682,0.0,0.0,0.0,0.0,0.0,0.0,0.0,0.0,18.19910120538483,12.13273413692322,6.544756405912575,0.0,4.736862953800049,0.0,0.0,0.0,5.733667477162185,0.0,13.15163837042549,30.33183534230805,5.749511833283905,10.47053043096224,0.0,5.749511833283905,0.0,13.15163837042549,0.0,0.0,30.33183534230805,0.0,0.0,35.25,0.0,0.0,0.0,13.15163837042549,5.749511833283905,0.0,0.0,30.33183534230805,0.0,10.47053043096224,5.230138888888889,0.0,0.0,0.0,5.251354875283447,0.8823611111111114,9.651117724867724,0.0,1.151694066515495,0.0,0.25,2.0,2.0,0.0,0.0,2.0,1.0,2.0,3.0,1.0241,0.0,0.0,0.0,0.0,0.0,0.0,0.0,0.0,0.0,0.0,0.0,0.0,0.0,0.0,0.0,0.0,0.0,1.0,0.0,0.0,0.0,0.0,1.0,0.0,0.0,0.0,0.0,0.0,9.578118324279785,-3.763222217559814,-2.189786434173584,pca,False,train,In-Domain,
CNSc1cccnc1,10.4855,3.942453703703704,1.138888888888889,1.138888888888889,0.6268124647868076,9.444444444444445,140.211,0.0416565789560937,-0.2635161792020272,1.666666666666667,3.111111111111111,32.17198654336491,10.50780871124917,1.852292113093598,-1.935394810186025,2.089443853894416,-1.893260210498235,7.969813158377919,1.211156124718162,1.910086008859914,2.61489994009295,163.968645761294,-0.54,145.1665366733534,3.478736954082842,2.032641292148182,0.0,0.0,0.0,0.0,0.0,0.0,9.706073385399296,0.0,0.0,0.0,0.0,31.1283290859816,17.28917061874393,0.0,0.0,11.9479229663812,0.0,9.706073385399296,0.0,4.895483475517775,7.04767198267719,24.52642128014937,0.0,4.722094864452088,0.0,0.0,11.9479229663812,12.0316505036244,0.0,0.0,29.42190475566714,0.0,0.0,24.92,0.0,0.0,0.0,0.0,4.895483475517775,0.0,18.14476653799427,25.37724969121349,9.706073385399296,0.0,2.960648148148148,1.562777777777778,5.081342592592593,0.0,0.0,0.0,3.924444444444444,3.584212962962963,0.0,1.886574074074074,0.1666666666666666,1.0,2.0,0.0,1.0,3.0,1.0,3.0,2.0,1.3081,0.0,0.0,0.0,0.0,0.0,0.0,0.0,0.0,1.0,1.0,0.0,0.0,0.0,0.0,0.0,0.0,0.0,0.0,0.0,0.0,0.0,0.0,0.0,0.0,0.0,0.0,0.0,0.0,-0.6266853213310242,-5.011313438415527,-2.163750171661377,pca,False,train,In-Domain,
NC(=O)OCCc1cccnc1,9.6965,10.17388873141849,0.3065740740740739,-0.7371386054421765,0.7190200640145227,9.333333333333334,166.18,0.4039973591040878,-0.4493589757848525,1.666666666666667,3.083333333333333,16.54385509478985,10.21016955944981,1.942910496497399,-1.99543156472584,1.959991547591127,-2.142143539285619,5.640047242754685,0.1578961541888709,2.054764686586734,2.290572056240154,248.4945899428275,-1.58,567.1150534979386,4.329441682808623,3.005223044230256,10.47053043096224,0.0,0.0,0.0,0.0,6.093240070938415,4.983978520947209,4.794537184071822,0.0,0.0,6.06636706846161,11.62981856015861,18.81450876615216,6.606881964512918,9.53140013787187,6.093240070938415,0.0,4.983978520947209,5.733667477162185,6.42082162292601,6.606881964512918,30.08987277184637,0.0,5.733667477162185,4.794537184071822,0.0,0.0,17.68410055639854,11.15768457672606,5.563451491696996,24.52642128014937,0.0,0.0,65.21000000000001,6.093240070938415,4.794537184071822,0.0,13.02770358743893,5.563451491696996,0.0,12.39368714322615,12.13273413692322,9.720841474747257,5.733667477162185,4.556862244897959,0.0,14.0845949861426,0.0,5.806439751826657,0.0,3.7469779856387,3.331884290753338,0.3065740740740739,0.0,0.25,2.0,4.0,1.0,1.0,3.0,1.0,4.0,3.0,0.7194,0.0,0.0,0.0,0.0,0.0,0.0,1.0,1.0,1.0,0.0,0.0,0.0,0.0,0.0,0.0,0.0,0.0,1.0,0.0,0.0,0.0,0.0,0.0,1.0,0.0,0.0,0.0,0.0,-4.254027366638184,-2.745764970779419,1.123697280883789,pca,False,train,In-Domain,
O=C(NO)c1ccccn1,6.685,10.58981481481482,0.1990740740740746,-0.5966666666666669,0.4301363023655418,8.9,138.126,0.2927044860793344,-0.288304493063329,1.6,2.9,16.46714588101417,10.33805398390814,2.009043925207197,-1.933185199400186,1.901769340059,-2.189614996273301,5.906177696584996,0.0700517703614636,2.048167390601267,2.852627928819143,222.4492424462252,-1.42,237.587417309747,2.931903402289157,1.294592269254198,0.0,5.693927994848461,0.0,0.0,5.907179729351506,0.0,14.98576872979632,5.480096598121202,0.0,0.0,6.06636706846161,12.13273413692322,6.196843571613076,0.0,10.00179020884911,5.907179729351506,0.0,10.46407511906841,0.0,0.0,0.0,30.08987277184637,0.0,5.480096598121202,0.0,0.0,0.0,16.098411275076,0.0,10.48846517892028,24.39594477699791,0.0,0.0,62.22,5.907179729351506,4.794537184071822,5.693927994848461,0.0,0.0,17.74330723819589,12.13273413692322,0.0,4.983978520947209,5.20725302477729,0.0,0.0,14.26726851851852,8.148669690098261,1.678888888888889,-0.5966666666666669,4.858413643235072,1.476759259259259,0.0,0.0,0.0,2.0,4.0,1.0,1.0,3.0,2.0,4.0,1.0,0.2006000000000001,0.0,0.0,0.0,0.0,0.0,0.0,1.0,1.0,1.0,1.0,1.0,0.0,0.0,0.0,0.0,0.0,0.0,0.0,0.0,0.0,0.0,0.0,0.0,0.0,0.0,0.0,0.0,0.0,-4.316563129425049,-2.749538660049438,1.405689597129822,pca,False,train,In-Domain,
CNNC(=O)c1cccnc1,10.0415,11.03106481481482,0.1799999999999997,-0.1799999999999997,0.5823470469312606,9.181818181818182,151.169,0.2664268256313978,-0.2876686753024115,1.636363636363636,3.0,16.1530229376285,10.26725064747391,2.003897055590014,-1.997763128763036,1.925788965542444,-2.335605316143208,5.92860028240481,0.0937401702086318,2.066172828612932,2.6930079504145,234.7008189726477,-1.42,380.1758004647795,3.676279989619408,2.014371346583059,0.0,0.0,0.0,0.0,5.907179729351506,0.0,15.20430710212942,5.425791397110385,0.0,0.0,0.0,12.13273413692322,19.44135912590334,5.563451491696996,4.794537184071822,5.907179729351506,0.0,15.83556131516798,0.0,0.0,7.04767198267719,30.08987277184637,0.0,10.85158279422077,0.0,0.0,0.0,17.9388302329759,0.0,10.35798867576882,24.52642128014937,0.0,0.0,54.02,0.0,4.794537184071822,5.907179729351506,5.563451491696996,0.0,6.196843571613076,25.37724969121349,0.0,15.83556131516798,0.0,0.0,0.0,14.8304544595616,0.0,5.514880007558579,-0.1799999999999997,3.406990740740741,3.127805177626606,0.0,1.633202947845805,0.1428571428571428,2.0,4.0,1.0,1.0,3.0,2.0,4.0,2.0,-0.0542000000000004,0.0,0.0,0.0,0.0,0.0,0.0,1.0,1.0,1.0,2.0,0.0,0.0,0.0,0.0,0.0,0.0,0.0,0.0,0.0,1.0,0.0,0.0,0.0,0.0,0.0,0.0,0.0,0.0,7.549431324005127,0.328508049249649,-3.252955198287964,pca,False,train,In-Domain,
OCCc1cccnc1,5.3795,8.491910430839003,0.2000925925925925,0.2000925925925925,0.6248561748403882,9.444444444444445,123.155,0.0471511415967071,-0.3960303123220686,1.555555555555556,3.0,16.2499558919081,10.21233498981153,1.859240202608432,-1.921563936419824,1.938630218423229,-1.890662266965269,5.075086045464032,0.2992597146416769,1.910086008859914,2.61489994009295,161.8269363112177,-0.89,145.1665366733534,3.198271052304978,1.816389947961151,5.106527394840706,0.0,0.0,0.0,0.0,0.0,4.983978520947209,0.0,0.0,0.0,6.06636706846161,18.05064018308461,19.00056910773907,0.0,5.106527394840706,0.0,0.0,4.983978520947209,0.0,6.42082162292601,6.606881964512918,30.08987277184637,0.0,0.0,0.0,0.0,0.0,16.69738788030083,6.42082162292601,5.563451491696996,24.52642128014937,0.0,0.0,33.12,0.0,0.0,6.606881964512918,6.42082162292601,5.563451491696996,0.0,12.39368714322615,12.13273413692322,4.983978520947209,5.106527394840706,0.0,0.0,3.892175925925926,8.491910430839003,1.083333333333334,0.0,3.813703703703704,4.185450680272109,0.2000925925925925,0.0,0.2857142857142857,1.0,2.0,0.0,1.0,2.0,1.0,2.0,2.0,0.6164,0.0,1.0,0.0,0.0,0.0,0.0,0.0,0.0,1.0,0.0,0.0,0.0,0.0,0.0,0.0,0.0,0.0,0.0,0.0,0.0,0.0,0.0,0.0,0.0,0.0,0.0,0.0,0.0,-2.570994138717651,-1.204101204872131,-3.203625202178955,pca,False,train,In-Domain,
NCCNc1ccccn1,9.168,5.286077097505669,0.6354903628117914,0.6354903628117914,0.6356806962733628,9.3,137.186,0.1254121732200668,-0.3688092404690444,1.5,3.0,14.97930252201767,10.44306529941793,1.853776670756362,-2.000024541681328,1.966660658013818,-2.130046185762506,5.322331176078575,1.01147160431855,2.029573889867405,2.426522346587954,173.4659104134693,-1.09,251.6671623435582,3.84578737395388,2.027699097944099,11.05045608116852,5.817862777835028,0.0,0.0,0.0,0.0,0.0,4.983978520947209,0.0,0.0,6.06636706846161,12.13273413692322,19.28635638343822,0.0,0.0,5.817862777835028,0.0,4.983978520947209,5.733667477162185,0.0,18.40630141583148,24.39594477699791,0.0,11.05045608116852,5.817862777835028,0.0,0.0,18.07349133277236,0.0,0.0,24.39594477699791,0.0,0.0,50.94,0.0,0.0,0.0,6.544756405912575,12.3626191837476,0.0,6.196843571613076,18.19910120538483,10.30076712495354,5.733667477162185,0.0,0.0,4.049583333333334,3.058194444444444,5.286077097505669,0.8823611111111114,5.731285903250189,1.748859599395314,1.410305177626606,0.0,0.2857142857142857,3.0,3.0,0.0,1.0,3.0,2.0,3.0,3.0,0.4521999999999997,0.0,0.0,0.0,0.0,0.0,0.0,0.0,0.0,1.0,1.0,0.0,0.0,0.0,0.0,1.0,0.0,0.0,0.0,0.0,0.0,0.0,0.0,0.0,0.0,0.0,0.0,0.0,0.0,-6.322422981262207,1.580957770347595,-0.2527331113815308,pca,False,train,In-Domain,
COC(=O)c1ccccc1,10.2715,10.7912037037037,0.2911111111111109,-0.2911111111111109,0.546322425537599,8.9,136.15,0.3373414268354429,-0.4654175231959395,1.3,2.4,16.52325502168031,10.21346070405597,2.000367252300611,-1.949031277657155,1.983169484114041,-1.989927245470274,5.885796167027513,0.0600517955700555,2.048167390601267,2.852627928819143,215.9590174505521,-1.31,237.587417309747,3.011779444695785,1.34501586290279,4.736862953800049,0.0,0.0,0.0,0.0,5.969305287951849,0.0,4.794537184071822,0.0,0.0,18.19910120538483,12.13273413692322,0.0,12.67324903297453,9.53140013787187,5.969305287951849,0.0,0.0,0.0,0.0,7.109797541277533,35.89528683400505,0.0,0.0,0.0,0.0,0.0,13.07910282922938,4.736862953800049,10.35798867576882,30.33183534230805,0.0,0.0,26.3,0.0,4.794537184071822,5.969305287951849,5.563451491696996,0.0,7.109797541277533,24.26546827384644,6.06636706846161,4.736862953800049,0.0,4.497314814814814,0.0,10.7912037037037,0.0,0.5879629629629632,-0.2911111111111109,8.877592592592592,0.0,0.0,1.37037037037037,0.125,0.0,2.0,0.0,0.0,2.0,0.0,2.0,1.0,1.4732,0.0,0.0,0.0,0.0,0.0,0.0,1.0,1.0,0.0,0.0,0.0,0.0,0.0,0.0,0.0,0.0,1.0,1.0,0.0,0.0,0.0,1.0,0.0,0.0,0.0,0.0,0.0,0.0,-6.423163890838623,1.364094495773315,0.1287653744220734,pca,False,train,In-Domain,
NCOC(=O)c1ccccn1,6.948,10.8799537037037,0.115667044595616,-0.4924999999999999,0.4837417138144611,9.181818181818182,152.153,0.3577198464983184,-0.445248112466956,1.636363636363636,3.0,16.54025939860185,10.35277786201053,2.042299623203025,-1.97639246245579,1.941565187040751,-2.125040850614281,5.864712325596281,0.0508276465045969,2.066172828612932,2.6930079504145,235.4557064748111,-1.42,380.1758004647795,3.676279989619408,2.014371346583059,4.736862953800049,12.42474474234794,0.0,0.0,0.0,5.969305287951849,5.733667477162185,9.77851570501903,0.0,0.0,6.06636706846161,12.13273413692322,6.196843571613076,0.0,9.53140013787187,5.969305287951849,0.0,4.983978520947209,5.733667477162185,0.0,6.730816747499484,30.08987277184637,0.0,5.733667477162185,0.0,0.0,0.0,17.68410055639854,4.736862953800049,10.48846517892028,24.39594477699791,0.0,0.0,65.21000000000001,5.969305287951849,4.794537184071822,12.42474474234794,0.0,0.0,6.196843571613076,18.19910120538483,0.0,9.720841474747257,5.733667477162185,4.504259259259259,0.0,14.64712962962963,0.0,5.27181783824641,-0.4924999999999999,4.997350718065004,1.520942932728647,-0.115667044595616,0.0,0.1428571428571428,2.0,4.0,0.0,1.0,4.0,1.0,4.0,2.0,0.1545999999999996,0.0,0.0,0.0,0.0,0.0,0.0,1.0,1.0,1.0,0.0,0.0,0.0,0.0,0.0,0.0,0.0,1.0,1.0,0.0,0.0,0.0,0.0,0.0,0.0,0.0,0.0,0.0,0.0,7.162652492523193,-3.766400098800659,-4.549718379974365,pca,False,train,In-Domain,
CCCSc1cccc2ccccc12,10.619,2.22036753590325,1.20238851095994,1.20238851095994,0.6670191531588174,10.64285714285714,202.322,0.0150407542576162,-0.1255287137881596,1.0,2.642857142857143,32.16653505177099,10.12768447697324,1.984337985971592,-2.040635862841725,2.272866485432043,-1.787138659529292,7.990908499718616,1.105368671008206,2.261019386051472,2.429747226129962,415.0100062685839,-0.95,2437.378898163487,4.516033870212782,1.929586447154015,0.0,0.0,0.0,0.0,0.0,0.0,0.0,0.0,0.0,11.76188494939112,43.32193961046029,29.012490727064,4.895483475517775,0.0,0.0,22.5343333783207,0.0,0.0,0.0,18.24004229813441,5.752853606746789,42.46456947923127,0.0,0.0,0.0,0.0,11.76188494939112,5.752853606746789,0.0,13.34455882261663,47.36005295474904,0.0,10.77244842892959,0.0,0.0,0.0,0.0,0.0,0.0,27.84160713412017,0.0,11.76188494939112,49.38830667892189,0.0,0.0,1.949907407407407,1.407361111111111,2.724123204837491,0.0,1.20238851095994,15.09913808578987,1.230047477324263,2.22036753590325,0.0,0.2307692307692307,0.0,0.0,0.0,0.0,1.0,0.0,1.0,3.0,4.341900000000003,0.0,0.0,0.0,0.0,0.0,0.0,0.0,0.0,0.0,0.0,0.0,0.0,0.0,0.0,0.0,0.0,0.0,0.0,0.0,0.0,0.0,0.0,0.0,0.0,1.0,0.0,0.0,0.0,-3.097351789474487,-4.970050811767578,-4.491908550262451,pca,False,train,In-Domain,
O=C(OO)c1ccccc1,6.7775,10.5412037037037,0.3379629629629634,-0.7355555555555557,0.4698281429127912,8.9,138.122,0.3722906744250792,-0.2955070355454471,1.3,2.4,17.11822525485503,10.21516915417362,2.023403416045818,-1.922760500975625,1.982096975476676,-1.995576877103668,5.881750032905802,-0.1823905916577655,2.048167390601267,2.852627928819143,217.5526454939853,-1.35,237.587417309747,2.982672088871256,1.326592354200191,0.0,0.0,0.0,0.0,0.0,5.969305287951849,4.887570953256112,4.794537184071822,5.257235394296768,0.0,18.19910120538483,12.13273413692322,0.0,5.563451491696996,14.9393435316247,5.969305287951849,0.0,0.0,0.0,0.0,0.0,35.89528683400505,0.0,0.0,0.0,0.0,0.0,11.22654068224862,4.887570953256112,10.35798867576882,30.33183534230805,0.0,0.0,46.53,5.969305287951849,4.794537184071822,0.0,5.563451491696996,0.0,0.0,30.33183534230805,0.0,4.887570953256112,5.257235394296768,0.0,0.0,14.03851851851852,7.938669690098261,0.3379629629629634,-0.7355555555555557,8.253737717309146,0.0,0.0,0.0,0.0,1.0,3.0,0.0,0.0,3.0,1.0,3.0,1.0,1.3164,0.0,0.0,0.0,0.0,0.0,0.0,1.0,1.0,0.0,0.0,0.0,0.0,0.0,0.0,0.0,0.0,0.0,0.0,0.0,0.0,0.0,0.0,0.0,0.0,0.0,0.0,0.0,0.0,-6.665513515472412,-2.588980436325073,-1.35032856464386,pca,False,train,In-Domain,
CCOC(=O)c1ccccc1,6.900499999999999,11.0224537037037,0.2563888888888885,-0.2563888888888885,0.601336802799046,9.181818181818182,150.177,0.337607126808069,-0.4623913259160252,1.363636363636364,2.545454545454545,16.53210315759611,10.21218797861849,2.019198474009744,-1.987226026140366,1.994187471739554,-2.030087655857125,5.887018454012597,0.0526148050660284,2.066172828612932,2.6930079504145,228.5778659162335,-1.31,380.1758004647795,3.760481303066603,2.075224641853074,4.736862953800049,0.0,0.0,0.0,0.0,5.969305287951849,0.0,4.794537184071822,0.0,0.0,18.19910120538483,19.05647133661384,0.0,12.17033345620991,9.53140013787187,5.969305287951849,0.0,0.0,0.0,6.923737199690624,6.606881964512918,35.89528683400505,0.0,0.0,0.0,0.0,0.0,12.57618725246477,4.736862953800049,17.28172587545944,30.33183534230805,0.0,0.0,26.3,0.0,4.794537184071822,5.969305287951849,12.17033345620991,0.0,0.0,19.05647133661384,18.19910120538483,0.0,4.736862953800049,4.788981481481482,0.0,11.0224537037037,0.0,0.6058796296296298,-0.2563888888888885,8.955574452003024,0.0,2.216832955404384,0.0,0.2222222222222222,0.0,2.0,0.0,0.0,2.0,0.0,2.0,2.0,1.8633,0.0,0.0,0.0,0.0,0.0,0.0,1.0,1.0,0.0,0.0,0.0,0.0,0.0,0.0,0.0,0.0,1.0,1.0,0.0,0.0,0.0,0.0,0.0,0.0,0.0,0.0,0.0,0.0,-6.877087593078613,-2.604817390441895,-0.957309901714325,pca,False,train,In-Domain,
NC(=O)OCCc1ccccc1,9.6225,10.18951373141849,0.3465740740740739,-0.7167304421768701,0.7339908144720471,9.333333333333334,165.192,0.4039973517436084,-0.4493600040582129,1.333333333333333,2.583333333333333,16.54385098017919,10.15887430612632,1.937088308238673,-2.000047565555377,1.984932731507554,-2.141482142248569,5.64009230676417,0.1579251544777307,2.054764686586734,2.290572056240154,245.9652649298467,-1.51,567.1150534979386,4.384869939185937,3.0531381005525,10.47053043096224,0.0,0.0,0.0,0.0,6.093240070938415,0.0,4.794537184071822,0.0,0.0,30.33183534230805,5.563451491696996,6.42082162292601,6.606881964512918,9.53140013787187,6.093240070938415,0.0,0.0,5.733667477162185,6.42082162292601,6.606881964512918,35.89528683400505,0.0,5.733667477162185,4.794537184071822,0.0,0.0,12.70012203545133,11.15768457672606,5.563451491696996,30.33183534230805,0.0,0.0,52.32000000000001,6.093240070938415,4.794537184071822,0.0,13.02770358743893,5.563451491696996,0.0,0.0,30.33183534230805,4.736862953800049,5.733667477162185,4.584640022675737,0.0,10.18951373141849,0.0,5.933175862937768,0.0,9.7840767510708,-0.0046471088435369,0.3465740740740739,0.0,0.2222222222222222,2.0,3.0,1.0,0.0,2.0,1.0,3.0,3.0,1.3244,0.0,0.0,0.0,0.0,0.0,0.0,1.0,1.0,0.0,0.0,0.0,0.0,0.0,0.0,0.0,0.0,0.0,1.0,0.0,0.0,0.0,0.0,0.0,1.0,0.0,0.0,0.0,0.0,8.197766304016113,4.489009380340576,-4.116021633148193,pca,False,train,In-Domain,
CNC(=O)c1ccccc1,10.0495,10.90231481481482,0.0411111111111108,-0.0411111111111108,0.6122319116423771,8.9,135.166,0.2505195861405654,-0.3551121259324622,1.3,2.4,16.14882014896811,10.196807127454,1.973443739412711,-1.955118668100148,1.956907034997793,-2.167260282473233,5.933038482013101,0.0962869705478964,2.048167390601267,2.852627928819143,217.9590174505521,-1.31,237.587417309747,3.011779444695785,1.34501586290279,5.316788604006331,0.0,0.0,0.0,5.907179729351506,0.0,4.794537184071822,0.0,0.0,0.0,18.19910120538483,12.13273413692322,12.61112347437418,0.0,4.794537184071822,5.907179729351506,0.0,5.316788604006331,0.0,0.0,7.04767198267719,35.89528683400505,0.0,5.316788604006331,0.0,0.0,0.0,12.9548517120287,0.0,10.35798867576882,30.33183534230805,0.0,0.0,29.1,0.0,4.794537184071822,5.907179729351506,5.563451491696996,0.0,0.0,19.18040611960041,18.19910120538483,5.316788604006331,0.0,0.0,0.0,10.90231481481482,2.542314814814815,0.6990740740740742,-0.0411111111111108,9.11037037037037,0.0,0.0,1.62037037037037,0.125,1.0,2.0,1.0,0.0,1.0,1.0,2.0,1.0,1.0462,0.0,0.0,0.0,0.0,0.0,0.0,1.0,1.0,0.0,1.0,0.0,0.0,0.0,0.0,0.0,0.0,0.0,0.0,0.0,0.0,0.0,0.0,0.0,0.0,0.0,0.0,0.0,0.0,-2.219422101974487,3.319552183151245,-4.309596538543701,pca,False,train,In-Domain,
N#CSc1cccc2ccccc12,7.125,8.592120181405896,1.028333333333333,1.028333333333333,0.5018192082488401,9.76923076923077,185.251,0.1381012369410062,-0.1847787864090269,1.0,2.615384615384615,32.16645570973336,10.12775173885941,1.981662691858253,-1.997659625260505,2.260077607316341,-1.740905345037398,8.03511397424423,1.534683108974547,2.189827491530279,2.698444076636897,465.4691278196994,-1.46,1449.665799393045,3.506439498836867,1.51303344778365,0.0,5.401253296613055,0.0,0.0,0.0,0.0,0.0,0.0,5.261891554738487,0.0,36.39820241076966,28.60070044678232,4.895483475517775,0.0,0.0,22.5343333783207,5.261891554738487,0.0,0.0,4.895483475517775,0.0,42.46456947923127,5.401253296613055,0.0,0.0,0.0,11.76188494939112,0.0,0.0,0.0,47.36005295474904,0.0,10.77244842892959,23.79,0.0,0.0,0.0,0.0,10.28170768998257,17.14810916385591,0.0,30.33183534230805,17.53398743353628,5.261891554738487,0.0,1.210324074074073,1.028333333333333,13.01760204081633,0.0,0.0,14.0770738851096,0.0,0.0,0.0,0.0,0.0,1.0,0.0,0.0,2.0,0.0,2.0,1.0,3.412980000000001,0.0,0.0,0.0,0.0,0.0,0.0,0.0,0.0,1.0,0.0,0.0,0.0,0.0,0.0,0.0,0.0,0.0,0.0,0.0,0.0,0.0,0.0,0.0,0.0,1.0,1.0,0.0,0.0,-5.247113227844238,5.128684520721436,-1.780795216560364,pca,False,train,In-Domain,
Cc1ccccn1,4.185,3.979166666666667,1.07175925925926,1.07175925925926,0.4719983679006757,8.714285714285714,93.129,0.0372146527339204,-0.2616124249449184,1.428571428571429,2.571428571428572,14.64112498545007,10.39207466998655,1.728866802480787,-1.81767158528003,1.854829228062999,-1.719988007800028,4.994177314720602,1.20170228509904,1.685616163320438,3.021465309724086,134.1073696954145,-0.8500000000000001,47.19725257297226,1.734967480072375,0.9995769964301436,0.0,0.0,0.0,0.0,0.0,0.0,4.983978520947209,0.0,0.0,0.0,6.06636706846161,19.05647133661384,11.89077156646154,0.0,0.0,0.0,0.0,4.983978520947209,0.0,6.923737199690624,0.0,30.08987277184637,0.0,0.0,0.0,0.0,0.0,4.983978520947209,0.0,5.693927994848461,24.39594477699791,0.0,0.0,12.89,0.0,0.0,0.0,0.0,5.693927994848461,0.0,6.196843571613076,25.12283840507545,4.983978520947209,0.0,0.0,0.0,3.979166666666667,0.0,1.07175925925926,0.0,5.856481481481482,1.787037037037037,1.972222222222222,0.0,0.1666666666666666,0.0,1.0,0.0,1.0,1.0,0.0,1.0,0.0,1.39002,0.0,0.0,0.0,0.0,0.0,0.0,0.0,0.0,1.0,0.0,0.0,0.0,0.0,0.0,0.0,1.0,0.0,0.0,0.0,0.0,0.0,0.0,0.0,0.0,0.0,0.0,0.0,0.0,-5.492623805999756,5.046976566314697,-1.241561532020569,pca,False,train,In-Domain,
CONCc1cccnc1,8.849499999999999,4.66797335600907,0.69875,0.69875,0.6251579716606849,9.7,138.17,0.0571854491467523,-0.3047913040145067,1.7,3.2,16.63288527592409,10.28549847137914,1.867845369180852,-1.985030578276576,1.924905247972776,-2.099636981438855,5.067065620917795,0.0866321364645639,2.029573889867405,2.426522346587954,176.2207979156328,-0.93,251.6671623435582,3.977895969524155,2.125697952342366,4.837588583736633,0.0,0.0,0.0,0.0,0.0,4.983978520947209,0.0,5.480096598121202,0.0,6.06636706846161,11.62981856015861,18.93844354913873,7.109797541277533,4.837588583736633,0.0,0.0,10.46407511906841,0.0,6.544756405912575,7.109797541277533,30.08987277184637,0.0,5.480096598121202,0.0,0.0,0.0,12.09377606222474,11.38234498964921,5.563451491696996,24.52642128014937,0.0,0.0,34.15,0.0,0.0,0.0,6.544756405912575,5.563451491696996,0.0,19.50348468450369,12.13273413692322,15.30166370280504,0.0,0.0,0.0,8.610001889644746,0.0,3.839675925925926,0.0,3.880648148148148,3.543971088435374,0.69875,1.593619614512472,0.2857142857142857,1.0,3.0,0.0,1.0,3.0,1.0,3.0,3.0,0.7325999999999999,0.0,0.0,0.0,0.0,0.0,0.0,0.0,0.0,1.0,1.0,1.0,0.0,0.0,0.0,0.0,0.0,0.0,0.0,0.0,0.0,0.0,0.0,0.0,0.0,0.0,0.0,0.0,0.0,8.091795921325684,-1.032596230506897,-2.623939275741577,pca,False,train,In-Domain,
CCCCOc1cccc2ccccc12,8.843,5.759675925925926,0.8100273998488285,0.8100273998488285,0.6772213252934174,10.46666666666667,200.281,0.1266077125411805,-0.4929475802201642,1.0,2.666666666666667,16.47704174686168,10.11122885947979,1.99195798677623,-2.077784646752976,2.24586841641103,-1.961496493429258,5.876304820793993,0.3127427216861393,2.29714457333829,2.259783288350702,428.7916756115609,-1.5,3997.031557608625,4.830168005843682,2.295918367346939,4.736862953800049,5.749511833283905,0.0,0.0,0.0,0.0,0.0,0.0,0.0,0.0,49.74276123338629,17.87341290585242,5.386224214464796,6.606881964512918,4.736862953800049,10.77244842892959,0.0,0.0,0.0,19.76538044554264,6.606881964512918,42.46456947923127,5.749511833283905,4.736862953800049,0.0,5.749511833283905,0.0,6.606881964512918,0.0,19.76538044554264,42.46456947923127,0.0,10.77244842892959,9.23,0.0,0.0,0.0,0.0,18.77721542072284,17.1932700518556,0.0,12.13273413692322,37.25557254199867,4.736862953800049,5.759675925925926,0.0,0.0,2.446853269085413,0.0,1.001435185185185,14.52323066263542,2.28570168808264,2.983103269085412,0.0,0.2857142857142857,0.0,1.0,0.0,0.0,1.0,0.0,1.0,4.0,4.018700000000003,0.0,0.0,0.0,0.0,0.0,0.0,0.0,0.0,0.0,0.0,0.0,0.0,0.0,0.0,0.0,0.0,0.0,1.0,0.0,0.0,0.0,0.0,0.0,0.0,0.0,0.0,1.0,0.0,-2.197353839874268,-2.307284593582153,-2.419232368469238,pca,False,train,In-Domain,
CCCOC(=O)c1cccnc1,10.3045,11.14134259259259,0.3009722222222217,-0.3009722222222217,0.6390653522674146,9.416666666666666,165.192,0.3391972433735655,-0.4620675722346373,1.666666666666667,3.083333333333333,16.53265111086544,10.28129626564585,2.037846841230851,-2.003635054840548,1.981344495139773,-2.051442898888721,5.883501487954149,0.0504395071618149,2.154522458102369,2.539556056342092,245.9652649298467,-1.38,646.3567374307108,4.488186487375711,2.341652590664364,4.736862953800049,0.0,0.0,0.0,0.0,5.969305287951849,4.983978520947209,4.794537184071822,0.0,0.0,6.923737199690624,18.55355575984923,12.39368714322615,12.17033345620991,9.53140013787187,5.969305287951849,0.0,4.983978520947209,0.0,13.34455882261663,6.606881964512918,30.08987277184637,0.0,0.0,0.0,0.0,0.0,17.56016577341197,4.736862953800049,23.70254749838545,24.52642128014937,0.0,0.0,39.19,0.0,4.794537184071822,5.969305287951849,12.17033345620991,6.42082162292601,6.196843571613076,18.3295777085363,6.923737199690624,4.983978520947209,4.736862953800049,4.898287037037037,0.0,14.95433909674981,0.0,0.5055092592592594,-0.3009722222222217,3.39636148904006,3.958924792139078,2.42088388133031,0.0,0.3333333333333333,0.0,3.0,0.0,1.0,3.0,0.0,3.0,3.0,1.6484,0.0,0.0,0.0,0.0,0.0,0.0,1.0,1.0,1.0,0.0,0.0,0.0,0.0,0.0,0.0,0.0,1.0,1.0,0.0,0.0,0.0,0.0,0.0,0.0,0.0,0.0,0.0,0.0,-5.719674587249756,-0.2095692753791809,0.5268906354904175,pca,False,train,In-Domain,
CCCNc1cccc2ccccc12,9.287,3.437314814814815,1.035721844293273,1.035721844293273,0.7690481770350037,10.35714285714286,185.27,0.0419359499031895,-0.3845555055384104,1.0,2.642857142857143,14.85590029914503,10.09564056122965,1.968208297548763,-2.075506341396793,2.220291329141145,-1.991530046546261,5.932169880757309,0.9813948919084418,2.261019386051472,2.429747226129962,415.0100062685839,-1.5,2437.378898163487,4.14,1.715934812132186,5.316788604006331,0.0,0.0,0.0,0.0,0.0,0.0,0.0,0.0,0.0,43.32193961046029,17.87341290585242,17.61836689506093,0.0,0.0,16.45983470361315,0.0,0.0,0.0,13.34455882261663,11.86154500991891,42.46456947923127,0.0,5.316788604006331,5.687386274683562,0.0,0.0,6.544756405912575,0.0,13.34455882261663,42.46456947923127,0.0,10.77244842892959,12.03,0.0,0.0,0.0,0.0,12.96557802883859,16.45983470361315,0.0,0.0,54.70509528292822,0.0,0.0,0.0,0.0,6.045697278911565,1.240694444444445,0.0,14.84321215986394,1.155973403250189,3.214422713529856,0.0,0.2307692307692307,1.0,1.0,0.0,0.0,1.0,1.0,1.0,3.0,3.661700000000002,0.0,0.0,0.0,0.0,0.0,0.0,0.0,0.0,0.0,1.0,0.0,0.0,0.0,0.0,1.0,0.0,0.0,0.0,0.0,0.0,0.0,0.0,0.0,0.0,0.0,0.0,0.0,0.0,-5.906460762023926,-0.1757907718420029,0.9155516028404236,pca,False,train,In-Domain,
COOCCc1ccccn1,9.793,4.697417800453515,0.5491203703703704,0.5491203703703704,0.369801946904406,9.909090909090908,153.181,0.087710912145284,-0.2612234864414975,1.454545454545455,3.0,17.19630430995471,10.27562474230735,1.909832096730673,-1.978557008756473,1.937763715782159,-1.980127527835861,5.026347092264153,-0.2710959549510954,2.070366610359243,2.275801287367509,188.5433632857936,-0.9300000000000002,414.0733220718486,4.820134032505637,3.111942576066566,0.0,0.0,0.0,0.0,0.0,0.0,4.983978520947209,9.775141906512223,0.0,0.0,6.06636706846161,12.13273413692322,18.31159318938755,13.71667950579045,9.775141906512223,0.0,0.0,4.983978520947209,0.0,6.42082162292601,13.71667950579045,30.08987277184637,0.0,0.0,0.0,0.0,0.0,18.70065802673766,16.19596352943823,5.693927994848461,24.39594477699791,0.0,0.0,31.35,0.0,0.0,0.0,6.606881964512918,12.11474961777447,7.109797541277533,6.196843571613076,18.19910120538483,9.87154947420332,4.887570953256112,0.0,0.0,13.24818239795918,0.0,1.018101851851852,0.0,5.800430602796674,2.5523970143613,0.5491203703703704,1.498434429327287,0.375,0.0,3.0,0.0,1.0,3.0,0.0,3.0,4.0,1.2021,0.0,0.0,0.0,0.0,0.0,0.0,0.0,0.0,1.0,0.0,0.0,0.0,0.0,0.0,0.0,0.0,0.0,0.0,0.0,0.0,0.0,0.0,0.0,0.0,0.0,0.0,0.0,0.0,5.715131282806396,-2.112473011016846,-5.354859828948975,pca,False,train,In-Domain,
COCCc1ccccn1,8.765,4.905751133786849,0.747037037037037,0.747037037037037,0.62553552987213,9.7,137.182,0.0517273673062144,-0.3842852015276303,1.5,3.0,16.4614169306073,10.27422506954996,1.887425405319687,-1.959527491428283,1.9295858806054,-1.952060733211008,5.02659762804459,0.2012153787463452,2.029573889867405,2.426522346587954,173.872282370036,-0.8900000000000001,251.6671623435582,4.011046940626403,2.15042303420261,4.736862953800049,0.0,0.0,0.0,0.0,0.0,4.983978520947209,0.0,0.0,0.0,6.06636706846161,12.13273413692322,25.42139073066508,6.606881964512918,4.736862953800049,0.0,0.0,4.983978520947209,0.0,6.42082162292601,13.71667950579045,30.08987277184637,0.0,0.0,0.0,0.0,0.0,18.70065802673766,11.15768457672606,5.693927994848461,24.39594477699791,0.0,0.0,22.12,0.0,0.0,0.0,0.0,18.72163158228739,0.0,13.30664111289061,18.19910120538483,4.983978520947209,4.736862953800049,4.905751133786849,0.0,4.13625,0.0,1.087361111111111,0.0,5.8961470143613,2.696759259259259,0.747037037037037,1.697361111111111,0.375,0.0,2.0,0.0,1.0,2.0,0.0,2.0,3.0,1.2705,0.0,0.0,0.0,0.0,0.0,0.0,0.0,0.0,1.0,0.0,0.0,0.0,0.0,0.0,0.0,0.0,0.0,1.0,0.0,0.0,0.0,1.0,0.0,0.0,0.0,0.0,0.0,0.0,-4.532914161682129,-3.719636678695679,-5.57857084274292,pca,False,train,In-Domain,
NOCCc1ccccc1,6.4155,4.876354875283447,0.5873148148148148,0.5873148148148148,0.6334331130558873,9.7,137.182,0.0719092948577805,-0.304276717917376,1.2,2.5,16.61198793795405,10.15984162746038,1.875156370888209,-1.964547110438409,1.976066552254886,-2.026701667505793,5.139470459893079,0.1409973207492049,2.029573889867405,2.426522346587954,173.872282370036,-0.8600000000000001,251.6671623435582,4.035942018836876,2.169025073408778,4.837588583736633,0.0,0.0,0.0,0.0,0.0,0.0,5.896975471277056,0.0,0.0,30.33183534230805,11.984273114623,0.0,6.606881964512918,4.837588583736633,0.0,0.0,0.0,5.896975471277056,6.42082162292601,6.606881964512918,35.89528683400505,0.0,5.896975471277056,0.0,0.0,0.0,6.606881964512918,11.25841020666264,5.563451491696996,30.33183534230805,0.0,0.0,35.25,0.0,0.0,0.0,6.606881964512918,6.42082162292601,5.563451491696996,0.0,18.19910120538483,16.97032272065985,5.896975471277056,0.0,0.0,4.445751133786848,0.0,1.257361111111111,4.876354875283447,10.11363473167045,0.88625,0.5873148148148148,0.0,0.25,2.0,2.0,0.0,0.0,2.0,1.0,2.0,3.0,1.1194,0.0,0.0,0.0,0.0,0.0,0.0,0.0,0.0,0.0,0.0,0.0,0.0,0.0,0.0,0.0,0.0,0.0,0.0,0.0,0.0,0.0,0.0,0.0,0.0,0.0,0.0,0.0,0.0,-8.23818302154541,-0.9201198220252991,-2.855716228485107,pca,False,train,In-Domain,
NCCSc1ccccn1,10.5,5.327743764172336,0.7095644368858656,0.7095644368858656,0.6632886636226277,9.7,154.238,0.0959743834073527,-0.3296381642090731,1.5,3.0,32.1665440099249,10.51247344881409,1.88978670618884,-1.946565978393862,2.112337686122199,-2.004974873727689,7.988014235877342,1.107172001765437,2.029573889867405,2.426522346587954,176.2207979156328,-0.54,251.6671623435582,4.303131806865086,2.370470899615935,5.733667477162185,0.0,0.0,0.0,0.0,0.0,0.0,4.983978520947209,0.0,11.76188494939112,6.06636706846161,12.13273413692322,18.49445358427244,5.025959978669241,0.0,11.76188494939112,0.0,4.983978520947209,5.733667477162185,5.025959978669241,12.29761001265936,24.39594477699791,0.0,5.733667477162185,0.0,0.0,11.76188494939112,17.28158853360657,0.0,0.0,29.42190475566714,0.0,0.0,38.91,0.0,0.0,0.0,6.544756405912575,10.77881358541603,0.0,17.95872852100419,18.19910120538483,4.983978520947209,5.733667477162185,0.0,1.684305555555555,4.123657407407407,1.049027777777778,5.327743764172336,0.9414814814814814,5.873693310657597,1.790526266061981,0.7095644368858656,0.0,0.2857142857142857,2.0,2.0,0.0,1.0,3.0,1.0,3.0,3.0,1.1324,0.0,0.0,0.0,0.0,0.0,0.0,0.0,0.0,1.0,0.0,0.0,0.0,0.0,0.0,0.0,0.0,0.0,0.0,0.0,0.0,0.0,0.0,0.0,0.0,1.0,0.0,0.0,0.0,-8.430866241455078,-1.046235322952271,-2.228882551193237,pca,False,train,In-Domain,
N#CCc1cccnc1,10.6255,8.241910430839003,0.4522222222222221,0.4522222222222221,0.5541855117496733,8.333333333333334,118.139,0.0669815347863151,-0.2644112486727656,1.666666666666667,3.111111111111111,14.60731547389106,10.21966966542868,1.850256524910847,-1.868397007614691,1.934584663207513,-1.794648335238569,5.118719856975773,1.191409845073052,1.910086008859914,2.756899621214729,210.1078020559291,-1.36,145.1665366733534,2.82942901234568,1.53833164029545,0.0,0.0,0.0,0.0,0.0,0.0,4.983978520947209,0.0,5.261891554738487,0.0,6.06636706846161,11.62981856015861,12.39368714322615,12.49004293571828,0.0,0.0,5.261891554738487,4.983978520947209,0.0,6.42082162292601,0.0,30.08987277184637,6.069221312792274,0.0,0.0,0.0,0.0,4.983978520947209,6.42082162292601,5.563451491696996,24.52642128014937,0.0,0.0,36.68,0.0,0.0,0.0,6.42082162292601,5.563451491696996,0.0,12.39368714322615,18.20195544971549,4.983978520947209,5.261891554738487,0.0,0.0,3.852175925925926,8.241910430839003,0.9722222222222224,0.0,5.755185185185185,3.845172902494332,0.0,0.0,0.1428571428571428,0.0,2.0,0.0,1.0,2.0,0.0,2.0,1.0,1.14768,0.0,0.0,0.0,0.0,0.0,0.0,0.0,0.0,2.0,0.0,0.0,0.0,0.0,0.0,0.0,0.0,0.0,0.0,0.0,0.0,0.0,0.0,0.0,0.0,0.0,0.0,0.0,0.0,8.462946891784668,4.642814159393311,-4.496583938598633,pca,False,train,In-Domain,
CNCCc1cccnc1,7.599500000000001,4.009806311413454,1.019537037037037,1.019537037037037,0.6658018289589026,9.7,136.198,0.0299834505484187,-0.3194206838381625,1.6,3.1,14.79446451744169,10.19882023160717,1.872452141253409,-1.967138930717577,1.93947616013674,-2.096173595958917,5.079056679129389,0.7891617495143897,2.029573889867405,2.426522346587954,171.872282370036,-0.89,251.6671623435582,4.011046940626403,2.15042303420261,5.316788604006331,0.0,0.0,0.0,0.0,0.0,4.983978520947209,0.0,0.0,0.0,6.06636706846161,31.64306857167438,12.39368714322615,0.0,0.0,0.0,0.0,10.30076712495354,0.0,6.42082162292601,13.59242838858976,30.08987277184637,0.0,5.316788604006331,0.0,0.0,0.0,18.57640690953697,6.42082162292601,5.563451491696996,24.52642128014937,0.0,0.0,24.92,0.0,0.0,0.0,0.0,12.96557802883859,5.563451491696996,6.196843571613076,19.31088262275188,16.36713419341515,0.0,0.0,0.0,4.009806311413454,3.088398526077098,1.288750000000001,0.0,4.050925925925926,4.754518140589569,1.019537037037037,1.954730725623583,0.375,1.0,2.0,0.0,1.0,2.0,1.0,2.0,3.0,0.8435000000000001,0.0,0.0,0.0,0.0,0.0,0.0,0.0,0.0,1.0,1.0,0.0,1.0,0.0,0.0,0.0,0.0,0.0,0.0,0.0,0.0,0.0,0.0,0.0,0.0,0.0,0.0,0.0,0.0,-1.981841921806335,3.543167352676392,-4.680362701416016,pca,False,train,In-Domain,
CCCc1cccnc1,4.573499999999999,4.003287037037037,1.146666666666667,1.146666666666667,0.5830706123148218,9.444444444444445,121.183,0.0299344150064943,-0.2644485005770234,1.555555555555556,3.0,14.60698543144876,10.16765879638093,1.850721925380699,-1.924962228509332,1.976241570881518,-1.812328485073578,5.073378916013271,0.913672616273048,1.910086008859914,2.61489994009295,157.4784207656209,-0.85,145.1665366733534,3.23008599838753,1.840722900337305,0.0,0.0,0.0,0.0,0.0,0.0,4.983978520947209,0.0,0.0,0.0,19.41092589107824,18.05064018308461,12.39368714322615,0.0,0.0,0.0,0.0,4.983978520947209,0.0,19.76538044554264,0.0,30.08987277184637,0.0,0.0,0.0,0.0,0.0,4.983978520947209,6.42082162292601,18.90801031431363,24.52642128014937,0.0,0.0,12.89,0.0,0.0,0.0,0.0,6.42082162292601,11.984273114623,6.196843571613076,12.26321064007469,17.97408278909944,0.0,0.0,0.0,4.003287037037037,0.0,1.333333333333334,0.0,4.084814814814815,6.07162037037037,2.173611111111111,0.0,0.375,0.0,1.0,0.0,1.0,1.0,0.0,1.0,2.0,2.0341,0.0,0.0,0.0,0.0,0.0,0.0,0.0,0.0,1.0,0.0,0.0,0.0,0.0,0.0,0.0,1.0,0.0,0.0,0.0,0.0,0.0,0.0,0.0,0.0,0.0,0.0,0.0,0.0,-5.029270648956299,5.475779056549072,-2.12083911895752,pca,False,train,In-Domain,
N#COCCc1ccccn1,6.422,8.051638007054674,0.4102314814814813,0.4102314814814813,0.4763336974729879,8.636363636363637,148.165,0.2858111881683942,-0.4270978654320767,1.545454545454545,3.090909090909091,16.46788509809858,10.27410021283089,1.906363855609648,-1.952064079011945,1.933735266702302,-1.950494201389042,5.027867973452958,0.273273275407889,2.070366610359243,2.346264661018707,240.0190127348569,-1.56,414.0733220718486,4.286346941471793,2.674620274830065,4.736862953800049,6.606881964512918,0.0,0.0,6.255281654379183,0.0,4.983978520947209,0.0,5.261891554738487,0.0,6.06636706846161,12.13273413692322,18.31159318938755,0.0,4.736862953800049,0.0,5.261891554738487,4.983978520947209,0.0,6.42082162292601,6.606881964512918,30.08987277184637,6.255281654379183,0.0,0.0,0.0,0.0,11.59086048546013,11.15768457672606,5.693927994848461,24.39594477699791,0.0,0.0,45.91,0.0,0.0,0.0,13.02770358743893,5.693927994848461,0.0,12.45212522599226,18.19910120538483,9.720841474747257,5.261891554738487,4.50297335600907,0.0,4.061136621315192,8.051638007054674,0.9469907407407409,0.0,5.67072617472915,4.022970285336357,0.4102314814814813,0.0,0.25,0.0,3.0,0.0,1.0,3.0,0.0,3.0,3.0,1.12178,0.0,0.0,0.0,0.0,0.0,0.0,0.0,0.0,2.0,0.0,0.0,0.0,0.0,0.0,0.0,0.0,0.0,1.0,0.0,0.0,0.0,0.0,0.0,0.0,0.0,0.0,0.0,0.0,-5.088319301605225,5.177114009857178,-1.471722006797791,pca,False,train,In-Domain,
NCOc1cccnc1,5.3795,5.110538548752834,0.2000925925925925,0.2000925925925925,0.5795011204237961,9.0,124.143,0.1390933681915099,-0.4769879710149985,1.666666666666667,3.111111111111111,16.48570597430219,10.46465495145037,1.846045078042018,-1.977778628357124,2.032336864001656,-2.065012968427612,5.14449286059814,0.3281350804675613,1.910086008859914,2.61489994009295,163.968645761294,-1.09,145.1665366733534,3.040168123434117,1.69626508404093,4.736862953800049,12.48032858078339,0.0,0.0,0.0,0.0,10.71764599810939,0.0,0.0,0.0,0.0,12.13273413692322,6.196843571613076,6.196843571613076,4.736862953800049,0.0,0.0,4.983978520947209,5.733667477162185,0.0,6.730816747499484,24.52642128014937,5.749511833283905,10.47053043096224,0.0,5.749511833283905,0.0,11.71479526844669,0.0,0.0,24.52642128014937,0.0,0.0,48.14,0.0,0.0,6.730816747499484,5.749511833283905,0.0,0.0,24.52642128014937,0.0,4.983978520947209,10.47053043096224,4.921111111111111,0.0,3.822731481481481,0.0,5.110538548752834,0.7083333333333335,3.602037037037037,3.301822562358277,0.2000925925925925,0.0,0.1666666666666666,2.0,3.0,0.0,1.0,3.0,1.0,3.0,2.0,0.3766000000000001,0.0,0.0,0.0,0.0,0.0,0.0,0.0,0.0,1.0,0.0,0.0,0.0,0.0,0.0,0.0,0.0,0.0,1.0,0.0,0.0,0.0,0.0,0.0,0.0,0.0,0.0,0.0,0.0,10.08896350860596,0.4324120879173279,-0.8432497382164001,pca,False,train,In-Domain,
NCc1ccccc1,8.142,5.349814814814815,0.6397222222222221,0.6397222222222221,0.5719431747561196,9.125,107.156,0.0177607629467539,-0.3264975066178272,1.125,2.125,14.51506296085289,10.21527923380262,1.795391417404358,-1.895041586950944,1.936239165297188,-1.935706558469951,5.13116773440679,1.071449935336122,1.903491193316404,2.832085835007091,145.732814450335,-0.8200000000000001,91.36757727918736,2.478228728905256,1.073981896801325,5.733667477162185,0.0,0.0,0.0,0.0,0.0,0.0,0.0,0.0,0.0,30.33183534230805,5.563451491696996,6.544756405912575,0.0,0.0,0.0,0.0,0.0,5.733667477162185,6.544756405912575,0.0,35.89528683400505,0.0,5.733667477162185,0.0,0.0,0.0,0.0,6.544756405912575,5.563451491696996,30.33183534230805,0.0,0.0,26.02,0.0,0.0,0.0,6.544756405912575,0.0,5.563451491696996,0.0,30.33183534230805,0.0,5.733667477162185,0.0,0.0,0.0,0.0,6.537314814814815,0.0,9.98962962962963,0.0,0.6397222222222221,0.0,0.1428571428571428,2.0,1.0,0.0,0.0,1.0,1.0,1.0,1.0,1.1453,0.0,0.0,0.0,0.0,0.0,0.0,0.0,0.0,0.0,0.0,0.0,0.0,0.0,0.0,0.0,0.0,0.0,0.0,0.0,0.0,0.0,0.0,0.0,0.0,0.0,0.0,0.0,0.0,-0.1244122460484505,-0.8929264545440674,-0.5199187397956848,pca,False,train,In-Domain,
COc1ccccn1,5.517,4.803055555555556,0.6597222222222223,0.6597222222222223,0.5381831574540579,8.625,109.128,0.2123656108644731,-0.4809840383616334,1.5,2.75,16.47259430472541,10.48917225852044,1.815454076463979,-1.919906686671666,1.991581795611558,-1.827793829157199,5.07896553839892,0.3976728512237127,1.903491193316404,2.832085835007091,149.8745239004113,-1.05,91.36757727918736,2.306710573157708,0.9641693455260448,4.736862953800049,0.0,0.0,5.879988336435371,0.0,0.0,0.0,4.983978520947209,0.0,0.0,6.06636706846161,6.06636706846161,12.26321064007469,7.109797541277533,4.736862953800049,0.0,0.0,4.983978520947209,0.0,0.0,7.109797541277533,24.39594477699791,5.879988336435371,4.736862953800049,0.0,5.879988336435371,0.0,12.09377606222474,0.0,0.0,24.39594477699791,0.0,0.0,22.12,0.0,0.0,0.0,5.879988336435371,0.0,0.0,19.37300818135222,12.13273413692322,4.983978520947209,4.736862953800049,4.803055555555556,0.0,3.875,0.0,0.0,0.6597222222222223,5.536064814814814,1.693287037037037,0.0,1.599537037037037,0.1666666666666666,0.0,2.0,0.0,1.0,2.0,0.0,2.0,1.0,1.0902,0.0,0.0,0.0,0.0,0.0,0.0,0.0,0.0,1.0,0.0,0.0,0.0,0.0,0.0,0.0,0.0,0.0,1.0,0.0,0.0,0.0,1.0,0.0,0.0,0.0,0.0,0.0,0.0,-3.691903352737427,1.252681493759155,2.565490245819092,pca,False,train,In-Domain,
CCCOc1ccccc1,5.346500000000001,5.355138888888889,0.809537037037037,0.809537037037037,0.6198813714379653,9.3,136.194,0.1187849174741692,-0.4936127759076033,1.2,2.5,16.47663559269842,10.33480288706169,1.8591809424946,-2.011830179657505,2.072159509231131,-1.930588661095718,5.20192831124963,0.31722120588287,2.029573889867405,2.426522346587954,169.3429573570552,-0.98,251.6671623435582,3.936526228979168,2.094917408045428,4.736862953800049,5.749511833283905,0.0,0.0,0.0,0.0,0.0,0.0,0.0,0.0,25.12283840507545,18.55355575984923,0.0,6.606881964512918,4.736862953800049,0.0,0.0,0.0,0.0,13.34455882261663,6.606881964512918,30.33183534230805,5.749511833283905,4.736862953800049,0.0,5.749511833283905,0.0,6.606881964512918,0.0,13.34455882261663,30.33183534230805,0.0,0.0,9.23,0.0,0.0,0.0,0.0,18.77721542072284,0.0,0.0,30.33183534230805,6.923737199690624,4.736862953800049,5.355138888888889,0.0,0.0,0.0,0.0,0.9623611111111112,9.87511148904006,1.06437925170068,2.909675925925926,0.0,0.3333333333333333,0.0,1.0,0.0,0.0,1.0,0.0,1.0,3.0,2.4754,0.0,0.0,0.0,0.0,0.0,0.0,0.0,0.0,0.0,0.0,0.0,0.0,0.0,0.0,0.0,0.0,0.0,1.0,0.0,0.0,0.0,0.0,1.0,0.0,0.0,0.0,0.0,0.0,-3.787545680999756,1.158326148986816,2.901161193847656,pca,False,train,In-Domain,
NNCc1ccccn1,5.657,5.070538548752834,0.6258333333333334,0.6258333333333334,0.4311232591156571,9.444444444444445,123.159,0.0555163707527968,-0.2710955565585448,1.555555555555556,3.0,15.20610022700666,10.35207639495311,1.850899284106939,-1.942484472385941,1.890223974162157,-2.207585278676411,5.018965517368639,0.7229114265197588,1.910086008859914,2.61489994009295,161.2137582591305,-0.9300000000000002,145.1665366733534,3.166519900954113,1.792158396684973,0.0,0.0,0.0,0.0,0.0,0.0,16.25244018832383,0.0,0.0,0.0,6.06636706846161,12.13273413692322,6.196843571613076,12.23868440076104,0.0,0.0,0.0,10.40976991805759,5.842670270266239,6.544756405912575,0.0,30.08987277184637,0.0,11.26846166737662,0.0,0.0,0.0,4.983978520947209,6.544756405912575,5.693927994848461,24.39594477699791,0.0,0.0,50.94,0.0,0.0,0.0,6.544756405912575,5.693927994848461,0.0,6.196843571613076,18.19910120538483,10.40976991805759,5.842670270266239,0.0,0.0,4.025972222222222,0.0,3.479814814814815,5.070538548752834,5.72177626606198,1.742731481481481,0.6258333333333334,0.0,0.1666666666666666,3.0,3.0,0.0,1.0,3.0,2.0,3.0,2.0,0.0448999999999992,0.0,0.0,0.0,0.0,0.0,0.0,0.0,0.0,1.0,1.0,0.0,0.0,0.0,0.0,0.0,0.0,0.0,0.0,0.0,1.0,0.0,0.0,0.0,0.0,0.0,0.0,0.0,0.0,7.570403575897217,-4.972441673278809,-6.426847457885742,pca,False,train,In-Domain,
N#CCCCc1cccc2ccccc12,4.461,8.507544879062737,0.6420845143613001,0.6420845143613001,0.6851119138859689,10.06666666666667,195.265,0.0621366102024567,-0.1983471929853893,1.0,2.666666666666667,14.22215474767426,10.00365191944777,1.986227266509396,-2.041536004831746,2.193403468065421,-1.862954025562693,5.850941888670397,0.8556622529410519,2.29714457333829,2.307239325457475,488.6600142666621,-1.81,3997.031557608625,4.613159605665082,2.163118625952973,0.0,0.0,0.0,0.0,0.0,0.0,0.0,0.0,5.261891554738487,0.0,42.46456947923127,29.17754316647861,6.42082162292601,6.069221312792274,0.0,10.77244842892959,5.261891554738487,0.0,0.0,19.26246486877803,0.0,48.02802097092827,6.069221312792274,0.0,0.0,0.0,0.0,0.0,6.42082162292601,18.40509473754901,42.46456947923127,0.0,10.77244842892959,23.79,0.0,0.0,0.0,6.42082162292601,12.84164324585202,16.33589992062659,0.0,0.0,48.53379079202355,5.261891554738487,0.0,0.0,0.0,11.10930177626606,1.350324074074075,0.0,16.95441964285714,2.585954506802721,0.0,0.0,0.2142857142857142,0.0,1.0,0.0,0.0,1.0,0.0,1.0,3.0,3.686080000000002,0.0,0.0,0.0,0.0,0.0,0.0,0.0,0.0,1.0,0.0,0.0,0.0,0.0,0.0,0.0,1.0,0.0,0.0,0.0,0.0,0.0,0.0,0.0,0.0,0.0,0.0,1.0,0.0,-2.710160255432129,-6.373899459838867,-6.669769287109375,pca,False,train,In-Domain,
NC(=O)OCCc1cccc2ccccc12,9.789,10.45310657596372,0.3227588813303099,-0.7220030759217264,0.8546406788361944,10.25,215.252,0.4039973545891244,-0.4493596043351445,1.125,2.6875,16.54386004509879,10.02716106015406,2.006522472426448,-2.057144470563397,2.181967594168416,-2.142889043737795,5.851582408133737,0.1580150635985854,2.288229392694249,2.201210470473393,502.7636829098336,-2.03,5496.327001251586,4.659852254596217,2.310310334756534,10.47053043096224,0.0,0.0,0.0,0.0,6.093240070938415,0.0,4.794537184071822,0.0,0.0,42.46456947923127,16.33589992062659,6.42082162292601,6.606881964512918,9.53140013787187,16.86568849986801,0.0,0.0,5.733667477162185,6.42082162292601,6.606881964512918,48.02802097092827,0.0,5.733667477162185,4.794537184071822,0.0,0.0,12.70012203545133,11.15768457672606,5.563451491696996,42.46456947923127,0.0,10.77244842892959,52.32000000000001,6.093240070938415,4.794537184071822,0.0,13.02770358743893,0.0,16.33589992062659,0.0,24.26546827384644,18.19910120538483,10.47053043096224,4.733561271730914,0.0,10.45310657596372,2.38624574829932,6.074152966742252,0.0,14.23402948370706,-0.0371882611069116,0.3227588813303099,0.0,0.1538461538461538,2.0,3.0,1.0,0.0,2.0,1.0,3.0,3.0,2.477600000000001,0.0,0.0,0.0,0.0,0.0,0.0,1.0,1.0,0.0,0.0,0.0,0.0,0.0,0.0,0.0,0.0,0.0,1.0,0.0,0.0,0.0,0.0,0.0,1.0,0.0,0.0,0.0,0.0,-6.457869529724121,-3.55044412612915,-3.736882925033569,pca,False,train,In-Domain,
NC(=O)CCc1cccc2ccccc12,7.569,10.7309267132779,0.2472831632653058,-0.2472831632653058,0.8090828639293821,10.4,199.253,0.2172479773926015,-0.3696698171813003,1.066666666666667,2.6,16.14602010169764,10.00869572371305,2.011432359014518,-2.041600303842004,2.188621494242392,-2.107140638848242,5.85793925506528,-0.1174860157223482,2.25934343853336,2.377634119750364,485.3648644740234,-1.83,3375.459097168839,4.131927557539832,2.154662152944021,5.733667477162185,0.0,0.0,5.907179729351506,0.0,0.0,4.794537184071822,0.0,0.0,0.0,42.46456947923127,22.7567215435526,6.42082162292601,0.0,4.794537184071822,16.6796281582811,0.0,0.0,5.733667477162185,12.84164324585202,0.0,48.02802097092827,0.0,5.733667477162185,0.0,0.0,0.0,5.907179729351506,11.21535880699783,11.984273114623,42.46456947923127,0.0,10.77244842892959,43.09,0.0,4.794537184071822,5.907179729351506,6.42082162292601,6.42082162292601,16.33589992062659,0.0,24.26546827384644,18.19910120538483,5.733667477162185,0.0,0.0,10.7309267132779,2.417333711262283,6.332368984630889,-0.2472831632653058,14.30366339128244,1.129657029478458,0.0,0.0,0.1538461538461538,2.0,2.0,1.0,0.0,1.0,1.0,2.0,3.0,2.2577,0.0,0.0,0.0,0.0,0.0,0.0,1.0,1.0,0.0,0.0,0.0,0.0,0.0,0.0,0.0,1.0,0.0,0.0,0.0,0.0,0.0,0.0,0.0,1.0,0.0,0.0,0.0,0.0,-6.600553035736084,-3.763653039932251,-3.091936826705933,pca,False,train,In-Domain,
O=C(NO)c1cccnc1,6.6295,10.61231481481481,0.3379629629629634,-0.5480555555555557,0.4301363023655419,8.9,138.126,0.2756994198846827,-0.2883494525389162,1.7,3.0,16.46698932467726,10.26952471127175,1.99746617885027,-1.937352040407733,1.925230359639817,-2.178773947548579,5.923218307863505,0.0705698923875146,2.048167390601267,2.852627928819143,222.4492424462252,-1.42,237.587417309747,2.931903402289157,1.294592269254198,0.0,0.0,0.0,0.0,5.907179729351506,0.0,14.98576872979632,5.480096598121202,0.0,0.0,0.0,12.13273413692322,12.39368714322615,5.563451491696996,10.00179020884911,5.907179729351506,0.0,10.46407511906841,0.0,0.0,0.0,30.08987277184637,0.0,5.480096598121202,0.0,0.0,0.0,16.098411275076,0.0,10.35798867576882,24.52642128014937,0.0,0.0,62.22,5.907179729351506,4.794537184071822,0.0,5.563451491696996,0.0,11.67694016973428,18.3295777085363,0.0,4.983978520947209,5.20725302477729,0.0,0.0,14.29407407407407,8.160891912320483,1.840277777777778,-0.5480555555555557,3.169768518518518,2.916376606198035,0.0,0.0,0.0,2.0,4.0,1.0,1.0,3.0,2.0,4.0,1.0,0.2006000000000004,0.0,0.0,0.0,0.0,0.0,0.0,1.0,1.0,1.0,1.0,1.0,0.0,0.0,0.0,0.0,0.0,0.0,0.0,0.0,0.0,0.0,0.0,0.0,0.0,0.0,0.0,0.0,0.0,4.960389614105225,-4.380897521972656,-6.609737873077393,pca,False,train,In-Domain,
CCCCCCc1cccc2ccccc12,7.955,2.272102229780801,1.223564814814815,1.223564814814815,0.6142229283848257,10.8125,212.336,-0.0151924550551056,-0.0653823817435742,0.8125,2.5,14.03878275623937,9.994534625233896,1.988948286508215,-2.05564953553798,2.199053568773967,-1.873051840635974,5.850900670756983,0.668076224756479,2.34732603669388,2.110960086245581,437.2375161237212,-1.3,6614.764771403353,5.693712798577649,2.632141289042983,0.0,0.0,0.0,0.0,0.0,0.0,0.0,0.0,0.0,0.0,68.65077154769992,29.17754316647861,0.0,0.0,0.0,10.77244842892959,0.0,0.0,0.0,39.02784531432067,0.0,48.02802097092827,0.0,0.0,0.0,0.0,0.0,0.0,6.42082162292601,38.17047518309165,42.46456947923127,0.0,10.77244842892959,0.0,0.0,0.0,0.0,0.0,0.0,48.44000803525664,0.0,0.0,49.38830667892189,0.0,0.0,0.0,0.0,2.802768513269505,1.508521352985639,0.0,15.34035604056437,6.58653336797682,2.261820725203662,0.0,0.375,0.0,0.0,0.0,0.0,0.0,0.0,0.0,5.0,4.962600000000005,0.0,0.0,0.0,0.0,0.0,0.0,0.0,0.0,0.0,0.0,0.0,0.0,0.0,0.0,0.0,1.0,0.0,0.0,0.0,0.0,0.0,0.0,0.0,0.0,0.0,0.0,3.0,0.0,-5.639354705810547,-5.638864040374756,-7.189059257507324,pca,False,train,In-Domain,
NC(=O)CCc1ccccn1,7.532,10.36706774376417,0.281802721088435,-0.281802721088435,0.6816812764623363,9.454545454545457,150.181,0.2173064154470418,-0.3696689738449409,1.545454545454545,2.909090909090909,16.14602273924736,10.19633632425496,1.95500634130372,-1.94591787198719,1.961228104160044,-2.109488733924518,5.733973735682905,-0.1175044971585306,2.029238942059196,2.453018743531937,233.1071909292144,-1.38,349.0290980341817,3.706849487944401,2.79776342646218,5.733667477162185,0.0,0.0,5.907179729351506,0.0,0.0,9.77851570501903,0.0,0.0,0.0,6.06636706846161,18.55355575984923,18.31159318938755,0.0,4.794537184071822,5.907179729351506,0.0,4.983978520947209,5.733667477162185,12.84164324585202,0.0,30.08987277184637,0.0,5.733667477162185,0.0,0.0,0.0,10.89115825029871,11.21535880699783,12.11474961777447,24.39594477699791,0.0,0.0,55.98,0.0,4.794537184071822,5.907179729351506,12.84164324585202,5.693927994848461,0.0,6.196843571613076,18.19910120538483,4.983978520947209,5.733667477162185,0.0,0.0,14.40998441043084,0.0,5.88218820861678,-0.281802721088435,5.611144652305367,2.711818783068783,0.0,0.0,0.25,2.0,3.0,1.0,1.0,2.0,1.0,3.0,3.0,0.4994999999999999,0.0,0.0,0.0,0.0,0.0,0.0,1.0,1.0,1.0,0.0,0.0,0.0,0.0,0.0,0.0,1.0,0.0,0.0,0.0,0.0,0.0,0.0,0.0,1.0,0.0,0.0,0.0,0.0,-9.288941383361816,-2.86341667175293,-4.405948162078857,pca,False,train,In-Domain,
O=C(O)OCCc1ccccc1,6.2515,9.96729150919627,0.2215740740740739,-1.21673044217687,0.6975885772159307,9.333333333333334,166.176,0.505267564202258,-0.4497173394524387,1.333333333333333,2.583333333333333,16.65417711468251,10.15896910927074,1.955166067842926,-1.991618239303101,1.986784864485315,-2.034269466109507,5.562219776605402,0.0927039830524994,2.054764686586734,2.290572056240154,243.2103774276832,-1.51,567.1150534979386,4.384869939185937,3.0531381005525,9.843390348640757,0.0,0.0,0.0,0.0,6.155365629538759,0.0,4.794537184071822,0.0,0.0,30.33183534230805,5.563451491696996,6.42082162292601,6.606881964512918,14.63792753271258,6.155365629538759,0.0,0.0,0.0,6.42082162292601,6.606881964512918,35.89528683400505,0.0,0.0,4.794537184071822,0.0,0.0,17.86877498889238,11.15768457672606,5.563451491696996,30.33183534230805,0.0,0.0,46.53,6.155365629538759,4.794537184071822,6.606881964512918,6.42082162292601,5.563451491696996,0.0,0.0,30.33183534230805,4.736862953800049,5.106527394840706,4.362417800453515,0.0,9.96729150919627,8.169268392542202,1.082175925925926,0.0,9.615252739984882,-0.5846471088435368,0.2215740740740739,0.0,0.2222222222222222,1.0,3.0,0.0,0.0,2.0,1.0,3.0,3.0,1.9237,0.0,0.0,0.0,0.0,0.0,1.0,1.0,0.0,0.0,0.0,0.0,0.0,0.0,0.0,0.0,0.0,0.0,1.0,0.0,0.0,0.0,0.0,0.0,0.0,0.0,0.0,0.0,0.0,-9.405599594116211,-3.196931600570679,-3.6595299243927,pca,False,train,In-Domain,
CNCc1cccc2ccccc12,8.288,3.176130007558579,0.931898148148148,0.931898148148148,0.7318681790731919,10.53846153846154,171.243,0.0208160213236448,-0.3156725529253257,1.0,2.615384615384615,14.79637962157569,10.04952350170035,1.966213583426189,-2.042327871072157,2.172598047506321,-2.045873073125533,5.850497130709277,0.8235400989470046,2.189827491530279,2.613871190454566,401.2897134822693,-1.34,1449.665799393045,3.583946049007838,1.556944664946105,5.316788604006331,0.0,0.0,0.0,0.0,0.0,0.0,0.0,0.0,0.0,42.46456947923127,23.38357190330378,6.544756405912575,0.0,0.0,10.77244842892959,0.0,5.316788604006331,0.0,6.544756405912575,7.04767198267719,48.02802097092827,0.0,5.316788604006331,0.0,0.0,0.0,7.04767198267719,6.544756405912575,5.563451491696996,42.46456947923127,0.0,10.77244842892959,12.03,0.0,0.0,0.0,0.0,6.544756405912575,16.33589992062659,0.0,7.04767198267719,47.7813580832376,0.0,0.0,0.0,0.0,5.837796674225245,1.361666666666667,0.0,14.89465702947846,0.0,0.931898148148148,1.973981481481482,0.1666666666666666,1.0,1.0,0.0,0.0,1.0,1.0,1.0,2.0,2.559200000000001,0.0,0.0,0.0,0.0,0.0,0.0,0.0,0.0,0.0,1.0,0.0,0.0,0.0,0.0,0.0,0.0,0.0,0.0,0.0,0.0,0.0,0.0,0.0,0.0,0.0,0.0,0.0,0.0,13.7296257019043,3.575314521789551,2.078227281570435,pca,False,train,In-Domain,
N#CNCc1cccc2ccccc12,5.571,8.438537100025195,0.5950925925925925,0.5950925925925925,0.5715152733225064,9.642857142857142,182.226,0.176317785634613,-0.3193846546299319,1.071428571428571,2.714285714285714,14.84017817999961,10.04939242197024,1.9755787581888,-2.037284681096879,2.173400100091748,-2.040976027222085,5.850762713967546,0.8915458068054962,2.261019386051472,2.4925680980532,477.6408657715556,-2.01,2437.378898163487,3.799635276922581,1.52759043069769,5.316788604006331,0.0,6.19315609577884,0.0,0.0,0.0,0.0,0.0,5.261891554738487,0.0,42.46456947923127,16.33589992062659,0.0,6.544756405912575,0.0,10.77244842892959,5.261891554738487,5.316788604006331,0.0,6.544756405912575,0.0,48.02802097092827,6.19315609577884,5.316788604006331,0.0,0.0,0.0,0.0,6.544756405912575,5.563451491696996,42.46456947923127,0.0,10.77244842892959,35.82,0.0,0.0,0.0,6.544756405912575,5.563451491696996,10.77244842892959,0.0,30.45862436962528,23.51588980939116,5.261891554738487,0.0,0.0,0.0,13.51975025195263,1.157083333333334,0.0,14.29719537351978,1.930878448601663,0.5950925925925925,0.0,0.0833333333333333,1.0,2.0,0.0,0.0,2.0,1.0,2.0,2.0,2.410480000000001,0.0,0.0,0.0,0.0,0.0,0.0,0.0,0.0,1.0,1.0,0.0,0.0,0.0,0.0,0.0,0.0,0.0,0.0,0.0,0.0,0.0,0.0,0.0,0.0,0.0,0.0,0.0,0.0,3.534751176834106,2.330240964889526,2.281259775161743,pca,False,train,In-Domain,
O=C(O)Cc1ccccc1,10.5105,10.1687074829932,0.1119444444444441,-0.7859259259259257,0.6651802326447549,9.2,136.15,0.3073147590435002,-0.4809861733231742,1.3,2.4,16.36515263292352,10.15421867601159,1.960019357960352,-1.921086814501617,1.977071177817683,-1.983413083674215,5.695375441408816,-0.135725151107842,1.881014057849052,2.674241602295127,215.9590174505521,-1.31,195.6254620163014,3.011779444695785,1.89537540220571,5.106527394840706,0.0,0.0,0.0,0.0,5.969305287951849,4.794537184071822,0.0,0.0,0.0,30.33183534230805,5.563451491696996,0.0,6.42082162292601,9.901064578912528,5.969305287951849,0.0,0.0,0.0,6.42082162292601,0.0,35.89528683400505,0.0,0.0,0.0,0.0,0.0,11.07583268279256,11.21535880699783,5.563451491696996,30.33183534230805,0.0,0.0,37.3,5.969305287951849,4.794537184071822,6.42082162292601,0.0,5.563451491696996,0.0,12.13273413692322,18.19910120538483,0.0,5.106527394840706,0.0,0.0,10.1687074829932,8.366910430839003,0.8425925925925928,-0.7859259259259257,9.129104308390025,0.1119444444444441,0.0,0.0,0.125,1.0,2.0,0.0,0.0,1.0,1.0,2.0,2.0,1.3137,1.0,0.0,0.0,0.0,1.0,1.0,1.0,0.0,0.0,0.0,0.0,0.0,0.0,0.0,0.0,0.0,0.0,0.0,0.0,0.0,0.0,0.0,0.0,0.0,0.0,0.0,0.0,0.0,0.07534850388765335,4.250097751617432,5.255632877349854,pca,False,train,In-Domain,
N#CCCc1cccnc1,4.1465,8.2571626984127,0.5750925925925927,0.5750925925925927,0.6115531395068631,8.7,132.166,0.0624739814182575,-0.2644479011515299,1.6,3.1,14.60722435365205,10.16356428604121,1.878858566479941,-1.914392045881002,1.977521292945327,-1.824004588067114,5.086885716131211,0.996355307865369,2.029573889867405,2.524167878187628,222.7629490687508,-1.36,251.6671623435582,3.624728224376302,1.865705240544972,0.0,0.0,0.0,0.0,0.0,0.0,4.983978520947209,0.0,5.261891554738487,0.0,6.06636706846161,18.05064018308461,18.81450876615216,6.069221312792274,0.0,0.0,5.261891554738487,4.983978520947209,0.0,12.84164324585202,0.0,30.08987277184637,6.069221312792274,0.0,0.0,0.0,0.0,4.983978520947209,6.42082162292601,11.984273114623,24.52642128014937,0.0,0.0,36.68,0.0,0.0,0.0,6.42082162292601,11.984273114623,0.0,12.39368714322615,12.13273413692322,11.05319983373948,5.261891554738487,0.0,0.0,3.92817365835223,8.2571626984127,1.12875,0.0,5.946580687830688,4.90599962207105,0.0,0.0,0.25,0.0,2.0,0.0,1.0,2.0,0.0,2.0,2.0,1.53778,0.0,0.0,0.0,0.0,0.0,0.0,0.0,0.0,2.0,0.0,0.0,0.0,0.0,0.0,0.0,1.0,0.0,0.0,0.0,0.0,0.0,0.0,0.0,0.0,0.0,0.0,0.0,0.0,-0.09354642033576965,4.361642837524414,5.572023868560791,pca,False,train,In-Domain,
COOCCc1cccnc1,9.7375,4.709640022675737,0.5716203703703704,0.5716203703703704,0.369801946904406,9.909090909090908,153.181,0.0862596332094299,-0.2644469619569685,1.545454545454545,3.090909090909091,17.19629897631537,10.211794448934,1.902529623401322,-1.981974395211806,1.959665683940198,-1.966062422205693,5.075893799209467,-0.2710072458821328,2.070366610359243,2.275801287367509,188.5433632857936,-0.93,414.0733220718486,4.820134032505637,3.111942576066566,0.0,0.0,0.0,0.0,0.0,0.0,4.983978520947209,9.775141906512223,0.0,0.0,6.06636706846161,11.62981856015861,18.81450876615216,13.71667950579045,9.775141906512223,0.0,0.0,4.983978520947209,0.0,6.42082162292601,13.71667950579045,30.08987277184637,0.0,0.0,0.0,0.0,0.0,18.70065802673766,16.19596352943823,5.563451491696996,24.52642128014937,0.0,0.0,31.35,0.0,0.0,0.0,6.606881964512918,11.984273114623,7.109797541277533,6.196843571613076,18.3295777085363,9.87154947420332,4.887570953256112,0.0,0.0,13.11982402683296,0.0,1.156990740740741,0.0,3.910869236583522,4.404144699546485,0.5716203703703704,1.503217592592593,0.375,0.0,3.0,0.0,1.0,3.0,0.0,3.0,4.0,1.2021,0.0,0.0,0.0,0.0,0.0,0.0,0.0,0.0,1.0,0.0,0.0,0.0,0.0,0.0,0.0,0.0,0.0,0.0,0.0,0.0,0.0,0.0,0.0,0.0,0.0,0.0,0.0,0.0,11.38694667816162,3.431710958480835,0.1022782772779465,pca,False,train,In-Domain,
CNCOc1ccccn1,8.765,5.132916666666667,0.4970370370370371,0.4970370370370371,0.6221472506194161,9.3,138.17,0.2139745736853643,-0.4617191379542798,1.6,3.1,16.49467372554148,10.48773444972716,1.870845788386932,-2.007301111507951,2.005049310955763,-2.139519943515062,5.082399293711163,0.2846629553127612,2.029573889867405,2.426522346587954,176.2207979156328,-1.09,251.6671623435582,3.84578737395388,2.027699097944099,4.736862953800049,6.730816747499484,0.0,5.879988336435371,0.0,0.0,5.316788604006331,4.983978520947209,0.0,0.0,6.06636706846161,13.1140390511388,12.26321064007469,0.0,4.736862953800049,0.0,0.0,10.30076712495354,0.0,0.0,13.77848873017667,24.39594477699791,5.879988336435371,10.05365155780638,0.0,5.879988336435371,0.0,18.76246725112388,0.0,0.0,24.39594477699791,0.0,0.0,34.15,0.0,0.0,0.0,12.61080508393486,0.0,0.0,6.196843571613076,25.24677318806202,10.30076712495354,4.736862953800049,5.132916666666667,0.0,3.954027777777778,2.853954081632653,0.0,0.6498611111111112,5.557110733182162,1.699398148148148,0.4970370370370371,1.822361111111111,0.2857142857142857,1.0,3.0,0.0,1.0,3.0,1.0,3.0,3.0,0.6373,0.0,0.0,0.0,0.0,0.0,0.0,0.0,0.0,1.0,1.0,0.0,0.0,0.0,0.0,0.0,0.0,0.0,1.0,0.0,0.0,0.0,0.0,0.0,0.0,0.0,0.0,0.0,0.0,1.263435959815979,2.216438055038452,0.2364701330661774,pca,False,train,In-Domain,
NC(=O)c1ccccn1,6.849,10.36064814814815,0.3032407407407409,-0.490185185185185,0.5772627921564857,8.88888888888889,122.127,0.2667920851397275,-0.3642598788690914,1.555555555555556,2.666666666666667,16.14681328859374,10.34057973054559,1.954419567666365,-1.880219180255576,1.88467985830554,-2.115724109769938,5.900172094630907,0.0995376920101826,1.900372627989795,2.981454614041131,207.5576620543373,-1.38,129.2253387033061,2.259334200664763,1.2528322001979,5.733667477162185,5.693927994848461,0.0,0.0,5.907179729351506,0.0,9.77851570501903,0.0,0.0,0.0,6.06636706846161,12.13273413692322,6.196843571613076,0.0,4.794537184071822,5.907179729351506,0.0,4.983978520947209,5.733667477162185,0.0,0.0,30.08987277184637,0.0,5.733667477162185,0.0,0.0,0.0,10.89115825029871,0.0,10.48846517892028,24.39594477699791,0.0,0.0,55.98,5.907179729351506,4.794537184071822,0.0,5.693927994848461,0.0,6.196843571613076,18.19910120538483,0.0,4.983978520947209,5.733667477162185,0.0,0.0,14.06435185185185,0.0,5.215555555555556,-0.490185185185185,5.015740740740741,1.52787037037037,0.0,0.0,0.0,2.0,3.0,1.0,1.0,2.0,1.0,3.0,1.0,0.1804999999999999,0.0,0.0,0.0,0.0,0.0,0.0,1.0,1.0,1.0,0.0,0.0,0.0,0.0,0.0,0.0,0.0,0.0,0.0,0.0,0.0,0.0,0.0,0.0,1.0,0.0,0.0,0.0,0.0,-2.266587018966675,4.26920747756958,3.252832412719727,pca,False,train,In-Domain,
N#CCOc1ccccc1,5.182499999999999,8.152570861678004,0.1150925925925925,0.1150925925925925,0.6133069132651482,8.3,133.15,0.1740376795825685,-0.4787608982516792,1.3,2.6,16.47639259000235,10.33870141122627,1.858304711021408,-1.971152098684339,2.064103414607635,-1.912993304095174,5.206156529152747,0.3679508248658182,2.029573889867405,2.524167878187628,224.7629490687508,-1.49,251.6671623435582,3.519175133596712,1.789281840230092,4.736862953800049,11.81873314607618,6.606881964512918,0.0,0.0,0.0,0.0,0.0,5.261891554738487,0.0,18.19910120538483,12.13273413692322,0.0,0.0,4.736862953800049,0.0,5.261891554738487,0.0,0.0,0.0,6.606881964512918,30.33183534230805,11.81873314607618,4.736862953800049,0.0,5.749511833283905,0.0,6.606881964512918,0.0,0.0,30.33183534230805,0.0,0.0,33.02,0.0,0.0,6.606881964512918,0.0,5.749511833283905,0.0,0.0,36.40105665510033,0.0,9.998754508538536,4.994027777777778,0.0,0.0,8.152570861678004,0.0,0.7398611111111113,11.16511432350718,0.0,0.1150925925925925,0.0,0.125,0.0,2.0,0.0,0.0,2.0,0.0,2.0,2.0,1.58898,0.0,0.0,0.0,0.0,0.0,0.0,0.0,0.0,1.0,0.0,0.0,0.0,0.0,0.0,0.0,0.0,0.0,1.0,0.0,0.0,0.0,0.0,1.0,0.0,0.0,0.0,0.0,0.0,-2.434056043624878,4.384873390197754,3.569455146789551,pca,False,train,In-Domain,
CCNc1ccccc1,5.7905,3.2075,0.9900925925925924,0.9900925925925924,0.6315618337185989,9.0,121.183,0.0339540080663783,-0.3853248321134123,1.222222222222222,2.444444444444445,14.84490013042102,10.30519356869778,1.810343706104689,-1.987030625110616,2.023356148765207,-1.940503123891833,5.414508185559822,1.212740551729987,1.910086008859914,2.61489994009295,157.4784207656209,-0.98,145.1665366733534,3.126921794878097,1.762012980027968,5.316788604006331,0.0,0.0,0.0,0.0,0.0,0.0,0.0,0.0,0.0,18.19910120538483,19.05647133661384,12.23214268059614,0.0,0.0,5.687386274683562,0.0,0.0,0.0,6.923737199690624,11.86154500991891,30.33183534230805,0.0,5.316788604006331,5.687386274683562,0.0,0.0,6.544756405912575,0.0,6.923737199690624,30.33183534230805,0.0,0.0,12.03,0.0,0.0,0.0,0.0,6.544756405912575,5.687386274683562,0.0,18.19910120538483,24.37325994062017,0.0,0.0,0.0,0.0,3.2075,1.194444444444445,0.0,10.18435185185185,0.0,3.08037037037037,0.0,0.25,1.0,1.0,0.0,0.0,1.0,1.0,1.0,2.0,2.1184,0.0,0.0,0.0,0.0,0.0,0.0,0.0,0.0,0.0,1.0,0.0,0.0,0.0,0.0,1.0,0.0,0.0,0.0,0.0,0.0,0.0,0.0,1.0,0.0,0.0,0.0,0.0,0.0,9.420156478881836,6.749917507171631,-1.137348055839539,pca,False,train,In-Domain,
CCCSc1cccnc1,10.5265,4.016750755857899,1.186203703703704,1.186203703703704,0.6189430077747092,9.7,153.25,0.0403384528367861,-0.2635656060034013,1.6,3.1,32.1665344890074,10.50607128130935,1.881335764084803,-1.950495659163453,2.153018564664246,-1.756008115453863,7.988765444019756,1.101344556591924,2.029573889867405,2.426522346587954,173.872282370036,-0.5,251.6671623435582,4.336734693877551,2.396030245746692,0.0,0.0,0.0,0.0,0.0,0.0,4.983978520947209,0.0,0.0,11.76188494939112,6.923737199690624,24.30640936659601,17.28917061874393,0.0,0.0,11.76188494939112,0.0,4.983978520947209,0.0,18.24004229813441,5.752853606746789,24.52642128014937,0.0,0.0,0.0,0.0,11.76188494939112,10.736832127694,0.0,13.34455882261663,29.42190475566714,0.0,0.0,12.89,0.0,0.0,0.0,0.0,0.0,17.06915870519057,6.196843571613076,24.0250955894658,17.97408278909944,0.0,0.0,1.857916666666666,5.284667422524565,0.0,0.0,1.186203703703704,4.060833333333333,4.926481481481481,2.18389739229025,0.0,0.375,0.0,1.0,0.0,1.0,2.0,0.0,2.0,3.0,2.5837,0.0,0.0,0.0,0.0,0.0,0.0,0.0,0.0,1.0,0.0,0.0,0.0,0.0,0.0,0.0,0.0,0.0,0.0,0.0,0.0,0.0,0.0,0.0,0.0,1.0,0.0,0.0,0.0,-0.8148976564407349,5.457491874694824,-1.156171321868896,pca,False,train,In-Domain,
CCCOC(=O)c1cccc2ccccc12,10.397,11.79532785336357,0.2373611111111109,-0.2373611111111109,0.7317523241869994,10.3125,214.264,0.3382545566602016,-0.4620922035943709,1.125,2.6875,16.53266248814674,10.05035004386906,2.093453600515798,-2.057335920824684,2.186198476141357,-2.057706408693109,6.039019455246269,0.0507235546609342,2.349549895144581,2.400096086851992,497.5664303368614,-1.83,6085.334228424465,4.79463040359227,2.056921168249258,4.736862953800049,0.0,0.0,0.0,0.0,5.969305287951849,0.0,4.794537184071822,0.0,0.0,43.32193961046029,23.25963712031721,0.0,12.17033345620991,9.53140013787187,16.74175371688144,0.0,0.0,0.0,13.34455882261663,6.606881964512918,48.02802097092827,0.0,0.0,0.0,0.0,0.0,12.57618725246477,4.736862953800049,23.70254749838545,42.46456947923127,0.0,10.77244842892959,26.3,0.0,4.794537184071822,5.969305287951849,12.17033345620991,17.1932700518556,0.0,6.06636706846161,43.32193961046029,0.0,4.736862953800049,5.146399281934997,0.0,11.79532785336357,2.013473639455783,0.6449537037037039,-0.2373611111111109,13.50333648274124,0.8437560626102292,2.456780753968254,0.0,0.2142857142857142,0.0,2.0,0.0,0.0,2.0,0.0,2.0,3.0,3.406600000000002,0.0,0.0,0.0,0.0,0.0,0.0,1.0,1.0,0.0,0.0,0.0,0.0,0.0,0.0,0.0,0.0,1.0,1.0,0.0,0.0,0.0,0.0,0.0,0.0,0.0,0.0,0.0,0.0,-4.340921878814697,7.674060344696045,1.779349088668823,pca,False,train,In-Domain,
NC(=O)NC(=O)c1ccccc1,9.8445,11.04314814814815,0.4132407407407412,-0.8436545729402865,0.6337499836291421,9.0,164.164,0.3185945524551518,-0.3512931271871185,1.166666666666667,2.25,16.17569834482794,10.19483850778602,2.045139009356846,-1.980720975380468,1.962879401107432,-2.343452303408447,6.031750007735013,0.0966001688679946,2.047189822463458,2.725078186491341,295.1859869704292,-1.84,515.8918352607915,3.52179451409355,2.086362156468448,5.733667477162185,0.0,0.0,0.0,5.907179729351506,6.031114512338072,10.11132578807815,4.794537184071822,0.0,0.0,18.19910120538483,12.13273413692322,5.563451491696996,0.0,9.589074368143644,11.93829424168958,0.0,5.316788604006331,5.733667477162185,0.0,0.0,35.89528683400505,0.0,11.05045608116852,4.794537184071822,0.0,0.0,11.93829424168958,0.0,10.35798867576882,30.33183534230805,0.0,0.0,72.19,11.93829424168958,9.589074368143644,0.0,5.563451491696996,0.0,0.0,30.33183534230805,5.316788604006331,0.0,5.733667477162185,0.0,0.0,21.31646589191232,1.958981481481481,5.173067838246411,-0.4832407407407408,7.53472552910053,0.0,0.0,0.0,0.0,3.0,4.0,3.0,0.0,2.0,2.0,4.0,1.0,0.4950999999999997,0.0,0.0,0.0,0.0,0.0,0.0,2.0,2.0,0.0,1.0,0.0,0.0,0.0,0.0,0.0,0.0,0.0,0.0,0.0,0.0,1.0,0.0,0.0,1.0,0.0,0.0,0.0,1.0,-4.326359748840332,7.499301910400391,2.160784959793091,pca,False,train,In-Domain,
NCCOCCc1ccccc1,9.7045,5.282973985890653,0.6059421453766691,0.6059421453766691,0.6653800219483322,10.08333333333333,165.236,0.0588369747864678,-0.3797959973097292,1.083333333333333,2.5,16.47339962848939,10.15846283800718,1.897361622267471,-2.012043548542284,1.984144822101956,-2.094686258936221,5.139815497643009,0.1445127132307645,2.144015907892219,2.157795777203053,198.253369807243,-0.8600000000000001,694.6611541570788,5.747685188452134,3.50755326665879,10.47053043096224,0.0,0.0,0.0,0.0,0.0,0.0,0.0,0.0,0.0,30.33183534230805,11.984273114623,6.544756405912575,13.21376392902584,4.736862953800049,0.0,0.0,0.0,5.733667477162185,6.42082162292601,19.75852033493841,35.89528683400505,0.0,5.733667477162185,0.0,0.0,0.0,19.75852033493841,11.15768457672606,5.563451491696996,30.33183534230805,0.0,0.0,35.25,0.0,0.0,0.0,13.15163837042549,13.02770358743893,5.563451491696996,0.0,18.19910120538483,12.13273413692322,10.47053043096224,5.261723356009071,0.0,0.0,0.0,6.597345679012346,0.0,10.30395022360796,0.9730555555555556,2.030591852481733,0.0,0.4,2.0,2.0,0.0,0.0,2.0,1.0,2.0,5.0,1.2044,0.0,0.0,0.0,0.0,0.0,0.0,0.0,0.0,0.0,0.0,0.0,0.0,0.0,0.0,0.0,0.0,0.0,1.0,0.0,0.0,0.0,0.0,0.0,0.0,0.0,0.0,0.0,0.0,8.951993942260742,3.507023334503174,-2.212836503982544,pca,False,train,In-Domain,
FC(F)(F)c1ccccn1,6.405,11.72537037037037,0.8518518518518527,-4.318194444444445,0.5471516226654809,11.5,147.099,0.4328305653555294,-0.2517914254949039,1.2,2.2,19.41320861489471,10.34322217489196,2.309876723127472,-2.019656894593809,2.258497404199492,-2.059169579525755,5.059579848360556,-0.1407011516856852,1.882242377932386,2.966043178581663,203.9829554837397,-1.06,165.63732925805,2.283867427599502,1.462392017371819,0.0,5.693927994848461,0.0,0.0,0.0,6.176298517443475,4.983978520947209,0.0,13.17124514302446,0.0,6.06636706846161,12.13273413692322,6.196843571613076,0.0,13.17124514302446,0.0,0.0,4.983978520947209,0.0,6.176298517443475,0.0,30.08987277184637,0.0,0.0,13.17124514302446,0.0,0.0,4.983978520947209,6.176298517443475,5.693927994848461,24.39594477699791,0.0,0.0,12.89,11.87022651229194,13.17124514302446,0.0,0.0,12.26321064007469,12.13273413692322,0.0,0.0,4.983978520947209,0.0,35.17611111111111,0.0,3.125,0.0,-0.8518518518518527,0.0,3.671689814814816,-3.204282407407408,0.0,0.0,0.1666666666666666,0.0,1.0,0.0,1.0,1.0,0.0,4.0,0.0,2.1004,0.0,0.0,0.0,0.0,0.0,0.0,0.0,0.0,1.0,0.0,0.0,0.0,0.0,3.0,0.0,0.0,0.0,0.0,3.0,0.0,0.0,0.0,0.0,0.0,0.0,0.0,0.0,0.0,-1.19944965839386,2.162972927093506,-2.395910739898682,pca,False,train,In-Domain,
O=C(O)OC(=O)c1cccnc1,6.769500000000001,10.81203703703704,0.1110185185185188,-1.621432350718065,0.496620716637179,9.0,167.12,0.513404524538883,-0.4493434271116833,1.5,2.75,16.67974851395606,10.28503326157457,2.097493217320139,-1.954120740668147,1.977276982679462,-2.094541773788891,5.93998424612977,0.0508688783705318,2.047189822463458,2.725078186491341,295.5345025160259,-1.91,515.8918352607915,3.472015324360177,2.048419991930613,9.843390348640757,0.0,0.0,0.0,0.0,12.12467091749061,4.983978520947209,9.589074368143644,0.0,0.0,0.0,12.13273413692322,12.39368714322615,5.563451491696996,19.4324647167844,12.12467091749061,0.0,4.983978520947209,0.0,0.0,0.0,30.08987277184637,0.0,0.0,4.794537184071822,0.0,0.0,22.21517683327852,4.736862953800049,10.35798867576882,24.52642128014937,0.0,0.0,76.49000000000001,12.12467091749061,9.589074368143644,5.563451491696996,0.0,0.0,24.52642128014937,0.0,0.0,9.720841474747257,5.106527394840706,3.873981481481481,0.0,24.35088577097505,8.081746031746032,0.1110185185185188,-0.9207407407407407,2.927298752834467,1.075810185185186,0.0,0.0,0.0,1.0,5.0,0.0,1.0,4.0,1.0,5.0,1.0,0.9164,0.0,0.0,0.0,0.0,0.0,1.0,2.0,1.0,1.0,0.0,0.0,0.0,0.0,0.0,0.0,0.0,1.0,1.0,0.0,0.0,0.0,0.0,0.0,0.0,0.0,0.0,0.0,0.0,-4.869423389434814,4.405625343322754,0.576170802116394,pca,False,train,In-Domain,
CCCNCc1cccnc1,8.9725,4.023413170823885,0.9322222222222222,0.9322222222222222,0.659057364288763,9.909090909090908,150.225,0.0312324119987863,-0.3126286581233383,1.545454545454545,3.090909090909091,14.84448913709414,10.26679428413471,1.87806120556373,-2.003026148729574,1.930122827403693,-2.130910493906258,5.07075082117453,0.6737633256137033,2.070366610359243,2.275801287367509,184.0140382728128,-0.89,414.0733220718486,4.854359854527306,3.140286644378089,5.316788604006331,0.0,0.0,0.0,0.0,0.0,4.983978520947209,0.0,0.0,0.0,12.99010426815223,24.59539658899719,18.93844354913873,0.0,0.0,0.0,0.0,10.30076712495354,0.0,19.88931522852921,6.544756405912575,30.08987277184637,0.0,5.316788604006331,0.0,0.0,0.0,11.52873492685978,6.544756405912575,18.90801031431363,24.52642128014937,0.0,0.0,24.92,0.0,0.0,0.0,0.0,13.08951281182515,11.984273114623,6.196843571613076,12.26321064007469,23.29087139310577,0.0,0.0,0.0,4.023413170823885,3.311342592592593,1.25087962962963,0.0,4.040296674225246,4.867304421768708,4.173430177626607,0.0,0.4444444444444444,1.0,2.0,0.0,1.0,2.0,1.0,2.0,4.0,1.5812,0.0,0.0,0.0,0.0,0.0,0.0,0.0,0.0,1.0,1.0,0.0,0.0,0.0,0.0,0.0,0.0,0.0,0.0,0.0,0.0,0.0,0.0,0.0,0.0,0.0,0.0,0.0,0.0,-4.960937976837158,4.401181697845459,0.9016387462615967,pca,False,train,In-Domain,
NNc1cccc2ccccc12,5.916,5.365908919123205,0.9658333333333337,0.9658333333333337,0.4925197893164871,10.08333333333333,158.204,0.0562973606768238,-0.3235179688391149,0.9166666666666666,2.5,15.208343841424,10.10243867682986,1.950243890830856,-2.033035840952485,2.208840572510179,-2.061311655833413,5.929924317317504,1.368110153843168,2.16854290746428,2.790967029739265,390.4656418352572,-1.54,902.1138495051404,2.832780233260645,1.022324062018763,5.425791397110385,0.0,0.0,0.0,0.0,0.0,5.842670270266239,0.0,0.0,0.0,36.39820241076966,11.45259128292641,5.386224214464796,5.687386274683562,0.0,16.45983470361315,0.0,0.0,5.842670270266239,0.0,5.425791397110385,42.46456947923127,0.0,11.26846166737662,5.687386274683562,0.0,0.0,0.0,0.0,0.0,42.46456947923127,0.0,10.77244842892959,38.05,0.0,0.0,0.0,0.0,11.07361048914836,5.386224214464796,0.0,30.33183534230805,17.55852553403361,5.842670270266239,0.0,0.0,0.0,2.356898148148149,3.635787037037037,5.365908919123205,14.14140589569161,0.0,0.0,0.0,0.0,3.0,2.0,0.0,0.0,2.0,2.0,2.0,1.0,2.1254,0.0,0.0,1.0,0.0,0.0,0.0,0.0,0.0,0.0,1.0,0.0,0.0,0.0,0.0,1.0,0.0,0.0,0.0,0.0,1.0,0.0,0.0,0.0,0.0,0.0,0.0,0.0,0.0,10.59253215789795,11.68978023529053,-3.520504713058472,pca,False,train,In-Domain,
N#CNc1cccc2ccccc12,5.793,8.518046107331822,0.8616666666666668,0.8616666666666668,0.5245903023429094,9.461538461538462,168.199,0.1809496321781079,-0.2922158043104493,1.0,2.615384615384615,14.85507763335634,10.09935562127652,1.964350412555516,-2.018700939884758,2.216313965182103,-1.871817828991371,5.936913331067083,1.479294598573673,2.189827491530279,2.698444076636897,463.4691278196994,-2.01,1449.665799393045,3.157824167778408,1.31889003869426,0.0,0.0,6.19315609577884,0.0,0.0,0.0,5.316788604006331,0.0,5.261891554738487,0.0,36.39820241076966,11.45259128292641,5.386224214464796,5.687386274683562,0.0,16.45983470361315,5.261891554738487,0.0,0.0,0.0,5.316788604006331,42.46456947923127,6.19315609577884,5.316788604006331,5.687386274683562,0.0,0.0,0.0,0.0,0.0,42.46456947923127,0.0,10.77244842892959,35.82,0.0,0.0,0.0,0.0,16.45983470361315,0.0,0.0,48.65772557501011,5.316788604006331,5.261891554738487,0.0,0.0,0.0,13.39105536659108,0.8616666666666668,0.0,13.82114795918367,1.926130007558579,0.0,0.0,0.0,1.0,2.0,0.0,0.0,2.0,1.0,2.0,1.0,2.732780000000001,0.0,0.0,0.0,0.0,0.0,0.0,0.0,0.0,1.0,1.0,0.0,0.0,0.0,0.0,1.0,0.0,0.0,0.0,0.0,0.0,0.0,0.0,0.0,0.0,0.0,0.0,0.0,0.0,0.1221567541360855,10.57450485229492,-3.840338230133057,pca,False,train,In-Domain,
NC(=O)COc1ccccn1,8.642,10.24206774376417,0.127962962962963,-0.5040249433106563,0.659708830164542,9.090909090909092,152.153,0.2549308461155945,-0.4675669300598731,1.636363636363636,3.0,16.4889496920676,10.48169343279986,1.948888986509835,-1.990717002990692,2.011150832223344,-2.197642585632357,5.747863252425462,-0.11953461844926,2.029238942059196,2.453018743531937,235.4557064748111,-1.58,349.0290980341817,3.554575099450682,2.661031035974003,10.47053043096224,0.0,6.606881964512918,5.879988336435371,5.907179729351506,0.0,4.794537184071822,4.983978520947209,0.0,0.0,6.06636706846161,6.06636706846161,12.26321064007469,0.0,9.53140013787187,5.907179729351506,0.0,4.983978520947209,5.733667477162185,0.0,6.606881964512918,24.39594477699791,5.879988336435371,10.47053043096224,0.0,5.879988336435371,0.0,17.49804021481163,4.794537184071822,0.0,24.39594477699791,0.0,0.0,65.21000000000001,5.907179729351506,4.794537184071822,6.606881964512918,5.879988336435371,0.0,0.0,24.39594477699791,0.0,4.983978520947209,10.47053043096224,4.881759259259259,0.0,14.06276218820862,0.0,4.848577097505669,-0.095413832199545,5.183922430083144,1.579689153439154,-0.127962962962963,0.0,0.1428571428571428,2.0,4.0,1.0,1.0,3.0,1.0,4.0,3.0,-0.0543000000000002,0.0,0.0,0.0,0.0,0.0,0.0,1.0,1.0,1.0,0.0,0.0,0.0,0.0,0.0,0.0,0.0,0.0,1.0,0.0,0.0,0.0,0.0,0.0,1.0,0.0,0.0,0.0,0.0,-2.92273211479187,12.34942436218262,-1.284979581832886,pca,False,train,In-Domain,
NC(=O)Sc1ccccn1,10.418,10.31389266817838,0.4317592592592587,-0.4317592592592587,0.6192070781192864,9.2,154.194,0.2822690961245874,-0.3601767675385294,1.6,2.9,32.16663824730428,10.51266083531076,1.964056711467869,-1.91068797011944,2.117993649473355,-2.012606604427071,8.130198517680952,0.2669926478602352,1.881014057849052,2.674241602295127,224.4492424462252,-1.03,195.6254620163014,3.217441227379886,2.064278005233466,5.733667477162185,5.025959978669241,0.0,0.0,5.239211713172287,0.0,4.794537184071822,4.983978520947209,0.0,0.0,6.06636706846161,23.89461908631434,6.196843571613076,0.0,4.794537184071822,17.0010966625634,0.0,4.983978520947209,5.733667477162185,5.025959978669241,0.0,24.39594477699791,0.0,5.733667477162185,4.794537184071822,0.0,11.76188494939112,10.2231902341195,0.0,0.0,29.42190475566714,0.0,0.0,55.98,5.239211713172287,4.794537184071822,0.0,5.025959978669241,11.76188494939112,0.0,24.39594477699791,0.0,4.983978520947209,5.733667477162185,0.0,0.9262037037037036,14.1949111866969,0.2025000000000008,4.908501511715797,0.0,5.318207671957673,1.616342592592593,0.0,0.0,0.0,2.0,3.0,1.0,1.0,3.0,1.0,4.0,1.0,1.2524,0.0,0.0,0.0,0.0,0.0,0.0,1.0,1.0,1.0,0.0,0.0,0.0,0.0,0.0,0.0,0.0,0.0,0.0,0.0,0.0,0.0,0.0,0.0,1.0,1.0,0.0,0.0,0.0,-2.944412708282471,12.10527801513672,-0.6738101840019226,pca,False,train,In-Domain,
CONc1ccccn1,9.127,4.61537037037037,0.7222222222222223,0.7222222222222223,0.5982818952104985,9.0,124.143,0.1490638285092756,-0.2780577974628017,1.555555555555556,3.0,16.63441039115501,10.47210848566217,1.833616605160601,-1.974895003458725,1.96855051165422,-1.958266388957552,5.292423801598091,0.2688885048579032,1.910086008859914,2.61489994009295,163.968645761294,-1.09,145.1665366733534,3.040168123434117,1.69626508404093,0.0,5.817862777835028,0.0,0.0,0.0,0.0,4.837588583736633,10.46407511906841,0.0,0.0,6.06636706846161,12.13273413692322,6.196843571613076,7.109797541277533,4.837588583736633,5.817862777835028,0.0,4.983978520947209,0.0,0.0,12.58989413939874,24.39594477699791,0.0,5.480096598121202,5.817862777835028,0.0,0.0,12.09377606222474,4.837588583736633,0.0,24.39594477699791,0.0,0.0,34.15,0.0,0.0,0.0,0.0,5.817862777835028,0.0,13.30664111289061,18.19910120538483,15.30166370280504,0.0,0.0,0.0,8.547731481481481,0.0,2.596388888888889,0.7222222222222223,5.55425925925926,1.695787037037037,0.0,1.550277777777778,0.1666666666666666,1.0,3.0,0.0,1.0,3.0,1.0,3.0,2.0,1.0549,0.0,0.0,0.0,0.0,0.0,0.0,0.0,0.0,1.0,1.0,0.0,0.0,0.0,0.0,1.0,0.0,0.0,0.0,0.0,0.0,0.0,0.0,0.0,0.0,0.0,0.0,0.0,0.0,10.20443725585938,6.539357662200928,-1.680044174194336,pca,False,train,In-Domain,
O=C(O)COc1cccnc1,5.2155,10.02721513605442,0.3276851851851854,-0.9918027210884348,0.6882085527993799,9.090909090909092,153.137,0.34122370812745,-0.4802972280349409,1.727272727272727,3.090909090909091,16.50247002724934,10.45751928114332,1.962882126849166,-1.991355449833068,2.0434658692008,-2.087317060280256,5.679403575746295,-0.1388120221220362,2.029238942059196,2.453018743531937,234.7008189726477,-1.58,349.0290980341817,3.554575099450682,2.661031035974003,9.843390348640757,5.749511833283905,6.606881964512918,0.0,0.0,5.969305287951849,4.983978520947209,4.794537184071822,0.0,0.0,0.0,12.13273413692322,6.196843571613076,6.196843571613076,14.63792753271258,5.969305287951849,0.0,4.983978520947209,0.0,0.0,6.606881964512918,24.52642128014937,5.749511833283905,4.736862953800049,0.0,5.749511833283905,0.0,22.66669316825268,4.794537184071822,0.0,24.52642128014937,0.0,0.0,59.42,5.969305287951849,4.794537184071822,6.606881964512918,5.749511833283905,0.0,6.196843571613076,18.3295777085363,0.0,4.983978520947209,9.843390348640757,4.805370370370371,0.0,13.77190428949358,8.22938492063492,0.0,-0.5243027210884346,3.32651171579743,3.052149943310658,-0.3276851851851854,0.0,0.1428571428571428,1.0,4.0,0.0,1.0,3.0,1.0,4.0,3.0,0.5449999999999999,1.0,0.0,0.0,0.0,1.0,1.0,1.0,0.0,1.0,0.0,0.0,0.0,0.0,0.0,0.0,0.0,0.0,1.0,0.0,0.0,0.0,0.0,0.0,0.0,0.0,0.0,0.0,0.0,0.03967331349849701,5.249672889709473,-1.518140077590942,pca,False,train,In-Domain,
COCCCc1ccccn1,7.795,4.93577310090703,0.816045918367347,0.816045918367347,0.610433464578322,9.909090909090908,151.209,0.0465500499074279,-0.384677070711137,1.454545454545455,3.0,16.46137150782593,10.20971073467606,1.904746686678478,-1.974856882732556,1.969124972425148,-1.934663595823936,5.026185993464448,0.1946598887881528,2.070366610359243,2.275801287367509,186.0140382728128,-0.8900000000000001,414.0733220718486,4.854359854527306,3.140286644378089,4.736862953800049,0.0,0.0,0.0,0.0,0.0,4.983978520947209,0.0,0.0,0.0,6.06636706846161,24.97437738277524,25.60745107225199,0.0,4.736862953800049,0.0,0.0,4.983978520947209,0.0,12.84164324585202,13.71667950579045,30.08987277184637,0.0,0.0,0.0,0.0,0.0,18.70065802673766,11.15768457672606,12.11474961777447,24.39594477699791,0.0,0.0,22.12,0.0,0.0,0.0,0.0,25.1424532052134,0.0,7.109797541277533,24.39594477699791,4.983978520947209,4.736862953800049,4.93577310090703,0.0,4.19499149659864,0.0,1.143101851851852,0.0,5.976802484882842,3.879295162509448,0.816045918367347,1.720656651549509,0.4444444444444444,0.0,2.0,0.0,1.0,2.0,0.0,2.0,4.0,1.6606,0.0,0.0,0.0,0.0,0.0,0.0,0.0,0.0,1.0,0.0,0.0,0.0,0.0,0.0,0.0,1.0,0.0,1.0,0.0,0.0,0.0,1.0,0.0,0.0,0.0,0.0,0.0,0.0,-3.441496610641479,7.280083656311035,1.356117844581604,pca,False,train,In-Domain,
CCNc1ccccn1,5.92,4.057361111111112,0.9275925925925924,0.9275925925925924,0.6427992337047372,9.0,122.171,0.1253578679660857,-0.3703563681431521,1.555555555555556,3.0,14.96443921461743,10.45005761072278,1.827228452857105,-1.9730438655956,1.966619182889321,-1.96744805652107,5.319224018426356,1.159142924843832,1.910086008859914,2.61489994009295,159.8269363112177,-1.05,145.1665366733534,3.071656627446085,1.720081563596879,5.316788604006331,5.817862777835028,0.0,0.0,0.0,0.0,0.0,4.983978520947209,0.0,0.0,6.06636706846161,19.05647133661384,12.74159997752565,0.0,0.0,5.817862777835028,0.0,4.983978520947209,0.0,6.923737199690624,11.86154500991891,24.39594477699791,0.0,5.316788604006331,5.817862777835028,0.0,0.0,11.52873492685978,0.0,6.923737199690624,24.39594477699791,0.0,0.0,24.92,0.0,0.0,0.0,0.0,12.3626191837476,0.0,6.196843571613076,18.19910120538483,17.22450432464416,0.0,0.0,0.0,4.057361111111112,3.096388888888889,0.0,0.9444444444444446,5.814814814814815,1.775787037037037,2.97787037037037,0.0,0.2857142857142857,1.0,2.0,0.0,1.0,2.0,1.0,2.0,2.0,1.5134,0.0,0.0,0.0,0.0,0.0,0.0,0.0,0.0,1.0,1.0,0.0,0.0,0.0,0.0,1.0,0.0,0.0,0.0,0.0,0.0,0.0,0.0,0.0,0.0,0.0,0.0,0.0,0.0,-3.71126914024353,7.380254745483398,1.808897733688354,pca,False,train,In-Domain,
COC(=O)c1cccnc1,10.3455,10.7512037037037,0.3536111111111111,-0.3536111111111111,0.5388895828087218,8.9,137.138,0.3389216292564587,-0.4653769298155801,1.7,3.0,16.52328656655481,10.28575172623075,2.010604466428986,-1.943013795181942,1.957046988758295,-1.9992043177937,5.882099099166217,0.0600031651752543,2.048167390601267,2.852627928819143,220.3075329961489,-1.38,237.587417309747,2.960887569557493,1.312840333432959,4.736862953800049,0.0,0.0,0.0,0.0,5.969305287951849,4.983978520947209,4.794537184071822,0.0,0.0,0.0,12.13273413692322,12.39368714322615,12.67324903297453,9.53140013787187,5.969305287951849,0.0,4.983978520947209,0.0,0.0,7.109797541277533,30.08987277184637,0.0,0.0,0.0,0.0,0.0,18.06308135017659,4.736862953800049,10.35798867576882,24.52642128014937,0.0,0.0,39.19,0.0,4.794537184071822,5.969305287951849,5.563451491696996,0.0,13.30664111289061,18.3295777085363,0.0,9.720841474747257,0.0,4.457314814814815,0.0,14.50407407407407,0.0,0.4768518518518521,-0.3536111111111111,3.338379629629629,3.067731481481482,0.0,1.342592592592593,0.1428571428571428,0.0,3.0,0.0,1.0,3.0,0.0,3.0,1.0,0.8681999999999999,0.0,0.0,0.0,0.0,0.0,0.0,1.0,1.0,1.0,0.0,0.0,0.0,0.0,0.0,0.0,0.0,1.0,1.0,0.0,0.0,0.0,1.0,0.0,0.0,0.0,0.0,0.0,0.0,7.993996143341064,5.915737628936768,-4.364569187164307,pca,False,train,In-Domain,
CNc1cccc2ccccc12,9.328,3.169953703703704,1.188055555555556,1.188055555555556,0.6707627356838105,10.08333333333333,157.216,0.0416768741833248,-0.3876198054845221,0.9166666666666666,2.5,14.81338187899887,10.09963606858189,1.946710371748973,-2.03553625064262,2.213025688537072,-1.87540287747368,5.931054972295828,1.545895796790103,2.16854290746428,2.790967029739265,387.6311749791205,-1.5,902.1138495051404,2.856919875130073,1.034342888047593,5.316788604006331,0.0,0.0,0.0,0.0,0.0,0.0,0.0,0.0,0.0,36.39820241076966,11.45259128292641,18.12128247182555,0.0,0.0,16.45983470361315,0.0,0.0,0.0,0.0,12.36446058668352,42.46456947923127,0.0,5.316788604006331,5.687386274683562,0.0,0.0,7.04767198267719,0.0,0.0,42.46456947923127,0.0,10.77244842892959,12.03,0.0,0.0,0.0,0.0,0.0,16.45983470361315,0.0,7.04767198267719,47.7813580832376,0.0,0.0,0.0,0.0,5.731851851851852,1.188055555555556,0.0,14.63388888888889,0.0,0.0,1.946203703703704,0.0909090909090909,1.0,1.0,0.0,0.0,1.0,1.0,1.0,1.0,2.881500000000002,0.0,0.0,0.0,0.0,0.0,0.0,0.0,0.0,0.0,1.0,0.0,0.0,0.0,0.0,1.0,0.0,0.0,0.0,0.0,0.0,0.0,0.0,0.0,0.0,0.0,0.0,0.0,0.0,-2.294780015945435,4.528110027313232,-4.634343147277832,pca,False,train,In-Domain,
OOCCc1ccccc1,6.333500000000001,8.027570861678004,0.3650925925925925,0.3650925925925925,0.5086834261613286,9.7,138.166,0.0859575342512055,-0.251812075615884,1.2,2.5,17.10676032256994,10.1600338443915,1.88113206028072,-1.955811467513993,1.978607406295204,-1.92934017964158,5.13931770750077,-0.240791664617957,2.029573889867405,2.426522346587954,171.872282370036,-0.8600000000000001,251.6671623435582,4.035942018836876,2.169025073408778,0.0,0.0,0.0,0.0,0.0,0.0,5.257235394296768,4.887570953256112,0.0,0.0,30.33183534230805,11.984273114623,0.0,6.606881964512918,10.14480634755288,0.0,0.0,0.0,0.0,6.42082162292601,6.606881964512918,35.89528683400505,0.0,0.0,0.0,0.0,0.0,11.86411735880969,11.30839257618212,5.563451491696996,30.33183534230805,0.0,0.0,29.46,0.0,0.0,0.0,6.606881964512918,6.42082162292601,5.563451491696996,0.0,30.33183534230805,4.887570953256112,5.257235394296768,0.0,0.0,3.945751133786848,8.027570861678004,1.177361111111111,0.0,9.88964096749811,0.76125,0.3650925925925925,0.0,0.25,1.0,2.0,0.0,0.0,2.0,1.0,2.0,3.0,1.7187,0.0,0.0,0.0,0.0,0.0,0.0,0.0,0.0,0.0,0.0,0.0,0.0,0.0,0.0,0.0,0.0,0.0,0.0,0.0,0.0,0.0,0.0,0.0,0.0,0.0,0.0,0.0,0.0,-5.911165714263916,6.918227195739746,-2.028410196304321,pca,False,train,In-Domain,
CCCCCc1cccc2ccccc12,6.179,2.261898148148148,1.217453703703704,1.217453703703704,0.6310600077605448,10.73333333333333,198.309,-0.0151924550604011,-0.0653821954369281,0.8666666666666667,2.533333333333333,14.03434303307763,9.998303362049205,1.98495893417274,-2.051411167535021,2.196762539795584,-1.867350083116661,5.850891631372695,0.7194943216436299,2.29714457333829,2.259783288350702,423.4912855862396,-1.3,3997.031557608625,4.971554805685034,2.383292628956383,0.0,0.0,0.0,0.0,0.0,0.0,0.0,0.0,0.0,0.0,62.22994992477391,29.17754316647861,0.0,0.0,0.0,10.77244842892959,0.0,0.0,0.0,32.60702369139466,0.0,48.02802097092827,0.0,0.0,0.0,0.0,0.0,0.0,6.42082162292601,31.74965356016565,42.46456947923127,0.0,10.77244842892959,0.0,0.0,0.0,0.0,0.0,0.0,42.01918641233063,0.0,0.0,49.38830667892189,0.0,0.0,0.0,0.0,2.794075491307634,1.501435185185185,0.0,15.2910084404132,5.160405013857394,2.253075869236584,0.0,0.3333333333333333,0.0,0.0,0.0,0.0,0.0,0.0,0.0,4.0,4.572500000000003,0.0,0.0,0.0,0.0,0.0,0.0,0.0,0.0,0.0,0.0,0.0,0.0,0.0,0.0,0.0,1.0,0.0,0.0,0.0,0.0,0.0,0.0,0.0,0.0,0.0,0.0,2.0,0.0,-5.860715866088867,6.799476623535156,-1.342337012290955,pca,False,train,In-Domain,
NCCOCCc1cccc2ccccc12,9.871,5.410644605064248,0.5927950207860921,0.5927950207860921,0.7770103739207679,10.8125,215.296,0.0588369788269179,-0.3797956070993918,0.9375,2.625,16.47340733655671,10.02704692203466,1.990227460263118,-2.063289747766238,2.181823901721908,-2.096523171951602,5.851056667015378,0.1447116689490349,2.34732603669388,2.110960086245581,447.9345472149147,-1.38,6614.764771403353,5.635050485212931,2.596051837916928,10.47053043096224,0.0,0.0,0.0,0.0,0.0,0.0,0.0,0.0,0.0,42.46456947923127,22.7567215435526,6.544756405912575,13.21376392902584,4.736862953800049,10.77244842892959,0.0,0.0,5.733667477162185,6.42082162292601,19.75852033493841,48.02802097092827,0.0,5.733667477162185,0.0,0.0,0.0,19.75852033493841,11.15768457672606,5.563451491696996,42.46456947923127,0.0,10.77244842892959,35.25,0.0,0.0,0.0,13.15163837042549,13.02770358743893,16.33589992062659,0.0,0.0,42.46456947923127,10.47053043096224,5.410644605064248,0.0,0.0,2.611271599689259,6.716222855660988,0.0,14.83838430819221,0.945787037037037,1.977689594356261,0.0,0.2857142857142857,2.0,2.0,0.0,0.0,2.0,1.0,2.0,5.0,2.3576,0.0,0.0,0.0,0.0,0.0,0.0,0.0,0.0,0.0,0.0,0.0,0.0,0.0,0.0,0.0,0.0,0.0,1.0,0.0,0.0,0.0,0.0,0.0,0.0,0.0,0.0,0.0,0.0,10.45998668670654,10.45808792114258,-3.727456331253052,pca,False,train,In-Domain,
OCCCc1cccc2ccccc12,4.502,8.799648211136306,0.2670845143613005,0.2670845143613005,0.781069507226326,10.64285714285714,186.254,0.0433700376671685,-0.3963644500946461,0.9285714285714286,2.571428571428572,16.249932361789,10.01194095623145,1.981584131198826,-2.043024057591156,2.188096529519398,-1.899189794637753,5.850890530568245,0.2885209556874779,2.261019386051472,2.429747226129962,415.0100062685839,-1.34,2437.378898163487,4.248460270697676,1.776977696859354,5.106527394840706,0.0,0.0,0.0,0.0,0.0,0.0,0.0,0.0,0.0,42.46456947923127,29.17754316647861,6.606881964512918,0.0,5.106527394840706,10.77244842892959,0.0,0.0,0.0,12.84164324585202,6.606881964512918,48.02802097092827,0.0,0.0,0.0,0.0,0.0,11.71340935935362,6.42082162292601,11.984273114623,42.46456947923127,0.0,10.77244842892959,20.23,0.0,0.0,6.606881964512918,0.0,12.84164324585202,16.33589992062659,0.0,0.0,42.46456947923127,5.106527394840706,0.0,0.0,0.0,11.38889802217183,1.330694444444445,0.0,14.71584191546989,1.797481103552532,0.2670845143613005,0.0,0.2307692307692307,1.0,1.0,0.0,0.0,1.0,1.0,1.0,3.0,2.764700000000001,0.0,1.0,0.0,0.0,0.0,0.0,0.0,0.0,0.0,0.0,0.0,0.0,0.0,0.0,0.0,1.0,0.0,0.0,0.0,0.0,0.0,0.0,0.0,0.0,0.0,0.0,0.0,0.0,0.3738084733486176,8.877345085144043,-3.908775329589844,pca,False,train,In-Domain,
CCOC(=O)c1cccc2ccccc12,7.067,11.63643896447468,0.2552777777777777,-0.2552777777777777,0.6963722635983801,10.2,200.237,0.3382446340970713,-0.4623753619527381,1.133333333333333,2.666666666666667,16.53214556874781,10.05058346788772,2.088072012438834,-2.047190319409208,2.184730345803274,-2.044029259348381,6.038936687723174,0.0528483157350824,2.284443904400608,2.55515457436636,483.3648644740234,-1.83,3627.696920188166,4.131927557539832,1.837913377290164,4.736862953800049,0.0,0.0,0.0,0.0,5.969305287951849,0.0,4.794537184071822,0.0,0.0,36.39820241076966,23.76255269708182,0.0,12.17033345620991,9.53140013787187,16.74175371688144,0.0,0.0,0.0,6.923737199690624,6.606881964512918,48.02802097092827,0.0,0.0,0.0,0.0,0.0,12.57618725246477,4.736862953800049,17.28172587545944,42.46456947923127,0.0,10.77244842892959,26.3,0.0,4.794537184071822,5.969305287951849,12.17033345620991,10.77244842892959,0.0,6.06636706846161,43.32193961046029,0.0,4.736862953800049,4.997093726379441,0.0,11.63643896447468,2.00139172335601,0.6342129629629631,-0.2552777777777777,13.43942909108088,0.0,2.213377976190477,0.0,0.1538461538461538,0.0,2.0,0.0,0.0,2.0,0.0,2.0,2.0,3.016500000000001,0.0,0.0,0.0,0.0,0.0,0.0,1.0,1.0,0.0,0.0,0.0,0.0,0.0,0.0,0.0,0.0,1.0,1.0,0.0,0.0,0.0,0.0,0.0,0.0,0.0,0.0,0.0,0.0,-2.853784799575806,10.91229248046875,-1.497574090957642,pca,False,train,In-Domain,
NCCCCc1ccccn1,6.06,5.372258440413202,0.7845571145124717,0.7845571145124717,0.6581279421954684,9.909090909090908,150.225,0.0403116540328328,-0.3304733027080331,1.272727272727273,2.818181818181818,14.65355119674868,10.16121289868574,1.903372715497722,-1.967528920244739,1.989049107940808,-1.989558977952678,5.026238931705494,0.7324637135332306,2.070366610359243,2.275801287367509,184.0140382728128,-0.8900000000000001,414.0733220718486,4.854359854527306,3.140286644378089,5.733667477162185,0.0,0.0,0.0,0.0,0.0,4.983978520947209,0.0,0.0,0.0,6.06636706846161,37.93995541161382,11.89077156646154,0.0,0.0,0.0,0.0,4.983978520947209,5.733667477162185,19.26246486877803,6.544756405912575,30.08987277184637,0.0,5.733667477162185,0.0,0.0,0.0,11.52873492685978,6.42082162292601,18.53557124070048,24.39594477699791,0.0,0.0,38.91,0.0,0.0,0.0,0.0,25.8072212746906,5.693927994848461,0.0,18.3295777085363,11.05034558940882,5.733667477162185,0.0,0.0,4.209730725623583,0.0,6.539804736709499,0.0,6.007666682413706,5.124907407407408,0.7845571145124717,0.0,0.4444444444444444,2.0,2.0,0.0,1.0,2.0,1.0,2.0,4.0,1.363,0.0,0.0,0.0,0.0,0.0,0.0,0.0,0.0,1.0,0.0,0.0,0.0,0.0,0.0,0.0,1.0,0.0,0.0,0.0,0.0,0.0,0.0,0.0,0.0,0.0,0.0,1.0,0.0,-2.900791168212891,10.67932987213135,-0.8608695268630981,pca,False,train,In-Domain,
CCCCOc1ccccn1,8.806,5.335277777777778,0.7231018518518519,0.7231018518518519,0.6156404721209696,9.545454545454543,151.2089999999999,0.2126445066324194,-0.4776636699240512,1.454545454545455,3.0,16.48388652648964,10.35638181885781,1.894170618294922,-2.012645355739307,2.029744981975123,-1.967665158603721,5.083200905630255,0.2975870560888279,2.070366610359243,2.275801287367509,186.0140382728128,-1.05,414.0733220718486,4.717686245074122,3.027309570910873,4.736862953800049,0.0,0.0,5.879988336435371,0.0,0.0,0.0,4.983978520947209,0.0,0.0,19.41092589107824,12.48718869138762,12.26321064007469,6.606881964512918,4.736862953800049,0.0,0.0,4.983978520947209,0.0,19.76538044554264,6.606881964512918,24.39594477699791,5.879988336435371,4.736862953800049,0.0,5.879988336435371,0.0,11.59086048546013,0.0,19.76538044554264,24.39594477699791,0.0,0.0,22.12,0.0,0.0,0.0,0.0,25.32851354680031,0.0,6.196843571613076,18.19910120538483,11.90771572063783,4.736862953800049,5.335277777777778,0.0,4.028324829931972,0.0,0.0,0.7231018518518519,5.677202144746788,3.990760818216175,2.911999244142101,0.0,0.4444444444444444,0.0,2.0,0.0,1.0,2.0,0.0,2.0,4.0,2.2605,0.0,0.0,0.0,0.0,0.0,0.0,0.0,0.0,1.0,0.0,0.0,0.0,0.0,0.0,0.0,0.0,0.0,1.0,0.0,0.0,0.0,0.0,0.0,0.0,0.0,0.0,1.0,0.0,12.29063701629639,6.857560634613037,0.2476459294557571,pca,False,train,In-Domain,
CONCc1cccc2ccccc12,8.942,4.844672382842026,0.7339814814814816,0.7339814814814816,0.7452645774753224,10.64285714285714,187.242,0.0571854432296834,-0.3047918627332941,1.071428571428571,2.714285714285714,16.63288977842421,10.05117420951864,1.978173283555873,-2.056218339299492,2.174008786576251,-2.102953043242104,5.85040754272336,0.0869923630062778,2.261019386051472,2.429747226129962,420.0961725957642,-1.38,2437.378898163487,4.221272158740262,1.761630716660418,4.837588583736633,0.0,0.0,0.0,0.0,0.0,0.0,0.0,5.480096598121202,0.0,42.46456947923127,16.33589992062659,6.544756405912575,7.109797541277533,4.837588583736633,10.77244842892959,0.0,5.480096598121202,0.0,6.544756405912575,7.109797541277533,48.02802097092827,0.0,5.480096598121202,0.0,0.0,0.0,7.109797541277533,11.38234498964921,5.563451491696996,42.46456947923127,0.0,10.77244842892959,21.26,0.0,0.0,0.0,0.0,6.544756405912575,16.33589992062659,7.109797541277533,0.0,47.94466607735247,4.837588583736633,0.0,0.0,4.844672382842026,2.543938019652306,4.111268896447468,0.0,14.63604946145124,0.0,0.7339814814814816,1.630089758125472,0.1666666666666666,1.0,2.0,0.0,0.0,2.0,1.0,2.0,3.0,2.4908,0.0,0.0,0.0,0.0,0.0,0.0,0.0,0.0,0.0,1.0,1.0,0.0,0.0,0.0,0.0,0.0,0.0,0.0,0.0,0.0,0.0,0.0,0.0,0.0,0.0,0.0,0.0,0.0,2.0199875831604,5.502270698547363,0.5215449333190918,pca,False,train,In-Domain,
CCCOc1cccc2ccccc12,5.513,5.668425925925926,0.785721844293273,0.785721844293273,0.7108526440335203,10.35714285714286,186.254,0.1266074445990166,-0.4929583390580992,1.0,2.642857142857143,16.47699679211938,10.11170122537637,1.986783238033143,-2.070256059813927,2.244464164591138,-1.946376594854588,5.876289540741147,0.3209600613338768,2.261019386051472,2.429747226129962,415.0100062685839,-1.5,2437.378898163487,4.14,1.715934812132186,4.736862953800049,5.749511833283905,0.0,0.0,0.0,0.0,0.0,0.0,0.0,0.0,43.32193961046029,17.87341290585242,5.386224214464796,6.606881964512918,4.736862953800049,10.77244842892959,0.0,0.0,0.0,13.34455882261663,6.606881964512918,42.46456947923127,5.749511833283905,4.736862953800049,0.0,5.749511833283905,0.0,6.606881964512918,0.0,13.34455882261663,42.46456947923127,0.0,10.77244842892959,9.23,0.0,0.0,0.0,0.0,18.77721542072284,10.77244842892959,0.0,24.26546827384644,25.12283840507545,4.736862953800049,5.668425925925926,0.0,0.0,2.434771352985639,0.0,0.9906944444444444,14.45932327097506,1.044862292139078,2.901922713529856,0.0,0.2307692307692307,0.0,1.0,0.0,0.0,1.0,0.0,1.0,3.0,3.628600000000001,0.0,0.0,0.0,0.0,0.0,0.0,0.0,0.0,0.0,0.0,0.0,0.0,0.0,0.0,0.0,0.0,0.0,1.0,0.0,0.0,0.0,0.0,0.0,0.0,0.0,0.0,0.0,0.0,-1.456869125366211,7.517439842224121,3.403832912445068,pca,False,train,In-Domain,
NNCc1ccccc1,5.5275,5.110538548752834,0.7369444444444444,0.7369444444444444,0.4462074845542353,9.444444444444445,122.171,0.0348202754696238,-0.2711491624486864,1.222222222222222,2.444444444444445,15.20049400515792,10.21270175110816,1.832961049217424,-1.953223214611512,1.947391794293674,-2.200388125140258,5.133477427698644,0.7412620261880055,1.910086008859914,2.61489994009295,159.8269363112177,-0.8600000000000001,145.1665366733534,3.222126320930433,1.83463020669211,0.0,0.0,0.0,0.0,0.0,0.0,11.26846166737662,0.0,0.0,0.0,30.33183534230805,5.563451491696996,6.544756405912575,0.0,0.0,0.0,0.0,5.425791397110385,5.842670270266239,6.544756405912575,0.0,35.89528683400505,0.0,11.26846166737662,0.0,0.0,0.0,0.0,6.544756405912575,5.563451491696996,30.33183534230805,0.0,0.0,38.05,0.0,0.0,0.0,0.0,6.544756405912575,5.563451491696996,0.0,30.33183534230805,5.425791397110385,5.842670270266239,0.0,0.0,0.0,0.0,3.792314814814815,5.110538548752834,10.02686885865457,0.0,0.7369444444444444,0.0,0.1428571428571428,3.0,2.0,0.0,0.0,2.0,2.0,2.0,2.0,0.6498999999999996,0.0,0.0,0.0,0.0,0.0,0.0,0.0,0.0,0.0,1.0,0.0,0.0,0.0,0.0,0.0,0.0,0.0,0.0,0.0,1.0,0.0,0.0,0.0,0.0,0.0,0.0,0.0,0.0,-1.605976343154907,7.508428573608398,3.808627128601074,pca,False,train,In-Domain,
O=C(OO)c1cccc2ccccc12,6.944,11.15518896447468,0.3662962962962968,-0.734444444444444,0.5519688219063261,10.07142857142857,188.182,0.3729187452319077,-0.295481520394974,1.071428571428571,2.571428571428572,17.11823885359026,10.05169832350284,2.093424326632636,-2.01527148299193,2.181847902941164,-2.013952164868937,6.036424555426835,-0.1822696295204879,2.271051244095885,2.707627967901443,471.4212678948351,-1.87,2275.593346584077,3.474709061752637,1.337106571494762,0.0,0.0,0.0,0.0,0.0,5.969305287951849,4.887570953256112,4.794537184071822,5.257235394296768,0.0,36.39820241076966,16.8388154973912,0.0,5.563451491696996,14.9393435316247,16.74175371688144,0.0,0.0,0.0,0.0,0.0,48.02802097092827,0.0,0.0,0.0,0.0,0.0,11.22654068224862,4.887570953256112,10.35798867576882,42.46456947923127,0.0,10.77244842892959,46.53,5.969305287951849,4.794537184071822,0.0,5.563451491696996,10.77244842892959,0.0,12.13273413692322,30.33183534230805,4.887570953256112,5.257235394296768,0.0,0.0,14.86061602418745,10.01059240362812,0.3662962962962968,-0.734444444444444,12.66360638699924,0.0,0.0,0.0,0.0,1.0,3.0,0.0,0.0,3.0,1.0,3.0,1.0,2.469600000000001,0.0,0.0,0.0,0.0,0.0,0.0,1.0,1.0,0.0,0.0,0.0,0.0,0.0,0.0,0.0,0.0,0.0,0.0,0.0,0.0,0.0,0.0,0.0,0.0,0.0,0.0,0.0,0.0,9.666305541992188,2.794273614883423,-4.202794551849365,pca,False,train,In-Domain,
NSc1ccccn1,7.211,5.203981481481482,0.8541666666666669,0.8541666666666669,0.5714408585466716,9.125,126.184,0.1106177716439096,-0.2722648045054986,1.5,2.75,32.17184026025926,10.51284117870567,1.825195714631219,-1.874180023939805,2.031660441141758,-1.804352304193539,7.965626712727635,1.135978074225068,1.903491193316404,2.832085835007091,151.7746584303015,-0.54,91.36757727918736,2.69077309994467,1.213612629565233,0.0,5.025959978669241,0.0,0.0,0.0,0.0,5.138973737607942,4.983978520947209,0.0,0.0,6.06636706846161,24.08065710330441,6.196843571613076,0.0,0.0,11.9479229663812,0.0,4.983978520947209,5.138973737607942,5.025959978669241,0.0,24.39594477699791,0.0,5.138973737607942,0.0,0.0,11.9479229663812,4.983978520947209,0.0,0.0,29.42190475566714,0.0,0.0,38.91,0.0,0.0,0.0,0.0,16.97388294505044,0.0,6.196843571613076,18.19910120538483,4.983978520947209,5.138973737607942,0.0,1.157685185185185,3.935185185185185,6.058148148148149,0.0,0.0,5.631527777777778,1.717453703703704,0.0,0.0,0.0,2.0,2.0,0.0,1.0,3.0,1.0,3.0,1.0,1.0474,0.0,0.0,0.0,0.0,0.0,0.0,0.0,0.0,1.0,0.0,0.0,0.0,0.0,0.0,0.0,0.0,0.0,0.0,0.0,0.0,0.0,0.0,0.0,0.0,0.0,0.0,0.0,0.0,-0.4548004865646362,1.427842378616333,-4.36025857925415,pca,False,train,In-Domain,
N#CCOc1ccccn1,5.312,8.124793083900228,0.0525925925925925,0.0525925925925925,0.6053257640125667,8.3,134.1379999999999,0.213691781871765,-0.4622400489339054,1.6,3.1,16.48360257636811,10.48470497209217,1.876165332333208,-1.95627067069192,2.009258812717474,-1.937937498877454,5.089790635886648,0.3532508852646358,2.029573889867405,2.524167878187628,227.1114646143476,-1.56,251.6671623435582,3.462586900316001,1.748568576503574,4.736862953800049,6.069221312792274,6.606881964512918,5.879988336435371,0.0,0.0,0.0,4.983978520947209,5.261891554738487,0.0,6.06636706846161,6.06636706846161,12.26321064007469,0.0,4.736862953800049,0.0,5.261891554738487,4.983978520947209,0.0,0.0,6.606881964512918,24.39594477699791,11.94920964922764,4.736862953800049,0.0,5.879988336435371,0.0,11.59086048546013,0.0,0.0,24.39594477699791,0.0,0.0,45.91,0.0,0.0,6.606881964512918,5.879988336435371,0.0,0.0,24.39594477699791,6.069221312792274,4.983978520947209,9.998754508538536,4.882916666666667,0.0,3.842916666666667,8.124793083900228,0.0,0.4898611111111113,7.15582105064248,1.617765495086924,0.0525925925925925,0.0,0.1428571428571428,0.0,3.0,0.0,1.0,3.0,0.0,3.0,2.0,0.98398,0.0,0.0,0.0,0.0,0.0,0.0,0.0,0.0,2.0,0.0,0.0,0.0,0.0,0.0,0.0,0.0,0.0,1.0,0.0,0.0,0.0,0.0,0.0,0.0,0.0,0.0,0.0,0.0,-4.149989128112793,3.880884885787964,-1.914851903915405,pca,False,train,In-Domain,
NC(=O)OC(=O)c1ccccc1,10.0665,10.93203703703704,0.3021296296296301,-1.093654572940286,0.4965507792641961,9.0,165.148,0.411992418458154,-0.3726909965025983,1.166666666666667,2.25,16.58778634752934,10.21278964795448,2.075216126635902,-1.969030546742272,1.995876887928208,-2.177659311666879,5.953862960375853,0.0638119055183547,2.047189822463458,2.725078186491341,294.4310994682657,-1.84,515.8918352607915,3.52179451409355,2.086362156468448,10.47053043096224,0.0,0.0,0.0,0.0,12.06254535889026,0.0,9.589074368143644,0.0,0.0,18.19910120538483,12.13273413692322,0.0,5.563451491696996,14.32593732194369,12.06254535889026,0.0,0.0,5.733667477162185,0.0,0.0,35.89528683400505,0.0,5.733667477162185,4.794537184071822,0.0,0.0,12.06254535889026,4.736862953800049,10.35798867576882,30.33183534230805,0.0,0.0,69.39000000000001,12.06254535889026,9.589074368143644,0.0,5.563451491696996,0.0,12.13273413692322,18.19910120538483,0.0,10.47053043096224,0.0,4.136203703703703,0.0,21.0942436696901,0.0,4.950845616024188,-0.7332407407407409,8.145602324263038,-1.093654572940286,0.0,0.0,0.0,2.0,4.0,1.0,0.0,3.0,1.0,4.0,1.0,0.9221000000000004,0.0,0.0,0.0,0.0,0.0,0.0,2.0,2.0,0.0,0.0,0.0,0.0,0.0,0.0,0.0,0.0,1.0,1.0,0.0,0.0,0.0,0.0,0.0,1.0,0.0,0.0,0.0,0.0,-4.360446929931641,3.686015367507935,-1.219067692756653,pca,False,train,In-Domain,
O=C(O)NC(=O)c1cccnc1,6.547499999999999,10.92314814814815,0.22212962962963,-1.371432350718065,0.635804884061683,9.0,166.136,0.41114962875992,-0.4647352717459305,1.5,2.75,16.387322941797,10.26048748582581,2.065963332023212,-1.966327442321443,1.935592885454432,-2.280747598292928,6.015895083330542,0.0947459198293268,2.047189822463458,2.725078186491341,296.7796150138624,-1.91,515.8918352607915,3.472015324360177,2.048419991930613,5.106527394840706,0.0,0.0,0.0,5.907179729351506,6.093240070938415,15.09530430902536,4.794537184071822,0.0,0.0,0.0,12.13273413692322,12.39368714322615,5.563451491696996,14.69560176298435,12.00041980028992,0.0,10.30076712495354,0.0,0.0,0.0,30.08987277184637,0.0,5.316788604006331,4.794537184071822,0.0,0.0,22.09092571607784,0.0,10.35798867576882,24.52642128014937,0.0,0.0,79.29,12.00041980028992,9.589074368143644,5.563451491696996,0.0,0.0,18.46005421168776,11.38315567246794,0.0,4.983978520947209,5.106527394840706,0.0,0.0,24.61310799319728,9.889616402116404,0.22212962962963,-0.6707407407407409,3.029798752834467,1.416087962962963,0.0,0.0,0.0,2.0,5.0,2.0,1.0,3.0,2.0,5.0,1.0,0.4893999999999999,0.0,0.0,0.0,0.0,0.0,1.0,2.0,1.0,1.0,1.0,0.0,0.0,0.0,0.0,0.0,0.0,0.0,0.0,0.0,0.0,1.0,0.0,0.0,0.0,0.0,0.0,0.0,0.0,6.755268096923828,3.149287223815918,-4.333138465881348,pca,False,train,In-Domain,
O=C(O)Cc1cccnc1,10.5845,10.14092970521542,0.0494444444444441,-0.8259259259259257,0.6525829491433937,9.2,137.138,0.3073735501527334,-0.4809854833433231,1.7,3.0,16.36515938391366,10.20399423978317,1.967858878661357,-1.914093275236036,1.949675559252165,-1.990067327337516,5.693938659759297,-0.1357311219992644,1.881014057849052,2.674241602295127,220.3075329961489,-1.38,195.6254620163014,2.960887569557493,1.853879862817908,5.106527394840706,0.0,0.0,0.0,0.0,5.969305287951849,9.77851570501903,0.0,0.0,0.0,6.06636706846161,11.62981856015861,12.39368714322615,6.42082162292601,9.901064578912528,5.969305287951849,0.0,4.983978520947209,0.0,6.42082162292601,0.0,30.08987277184637,0.0,0.0,0.0,0.0,0.0,16.05981120373976,11.21535880699783,5.563451491696996,24.52642128014937,0.0,0.0,50.19,5.969305287951849,4.794537184071822,6.42082162292601,0.0,5.563451491696996,0.0,24.52642128014937,0.0,4.983978520947209,5.106527394840706,0.0,0.0,13.91532785336357,8.339132653061224,0.7314814814814816,-0.8259259259259257,3.457731481481481,3.215585789871504,0.0,0.0,0.1428571428571428,1.0,3.0,0.0,1.0,2.0,1.0,3.0,2.0,0.7087000000000001,1.0,0.0,0.0,0.0,1.0,1.0,1.0,0.0,1.0,0.0,0.0,0.0,0.0,0.0,0.0,0.0,0.0,0.0,0.0,0.0,0.0,0.0,0.0,0.0,0.0,0.0,0.0,0.0,-3.628052949905396,1.948788404464722,-4.811695098876953,pca,False,train,In-Domain,
NCCSc1cccnc1,10.4445,5.335113378684808,0.7217866591080878,0.7217866591080878,0.6632886636226277,9.7,154.238,0.0403392776991283,-0.329639094141499,1.6,3.1,32.16653456065654,10.50718162868056,1.882417922145497,-1.951426847626024,2.133530111717906,-2.001648385332843,7.989097815007802,1.143140255608745,2.029573889867405,2.426522346587954,176.2207979156328,-0.54,251.6671623435582,4.303131806865086,2.370470899615935,5.733667477162185,0.0,0.0,0.0,0.0,0.0,4.983978520947209,0.0,0.0,11.76188494939112,0.0,12.13273413692322,29.58678063140329,0.0,0.0,11.76188494939112,0.0,4.983978520947209,5.733667477162185,4.895483475517775,12.29761001265936,24.52642128014937,0.0,5.733667477162185,0.0,0.0,11.76188494939112,17.28158853360657,0.0,0.0,29.42190475566714,0.0,0.0,38.91,0.0,0.0,0.0,0.0,12.29761001265936,4.895483475517775,17.95872852100419,18.3295777085363,4.983978520947209,5.733667477162185,0.0,1.732916666666666,5.163851095993953,0.0,5.335113378684808,0.9639814814814814,3.964461451247165,3.617889266817838,0.7217866591080878,0.0,0.2857142857142857,2.0,2.0,0.0,1.0,3.0,1.0,3.0,3.0,1.1324,0.0,0.0,0.0,0.0,0.0,0.0,0.0,0.0,1.0,0.0,0.0,0.0,0.0,0.0,0.0,0.0,0.0,0.0,0.0,0.0,0.0,0.0,0.0,0.0,1.0,0.0,0.0,0.0,-6.897326946258545,4.089781284332275,-2.316387891769409,pca,False,train,In-Domain,
N#COC(=O)c1ccccn1,6.866,10.7374537037037,0.1333796296296301,-0.7286111111111115,0.4344624652224848,8.272727272727273,148.121,0.3717089151991661,-0.3456487984727991,1.636363636363636,3.0,16.52906946884028,10.35333547746797,2.052492550024989,-1.910833617945441,1.942650297415508,-2.018406028300235,5.871235277171967,0.0678589054560609,2.066172828612932,2.792418480761213,289.0589253080553,-1.89,380.1758004647795,3.321482264338045,1.761561829988696,4.736862953800049,5.693927994848461,0.0,0.0,6.255281654379183,5.969305287951849,0.0,9.77851570501903,0.0,5.261891554738487,6.06636706846161,12.13273413692322,6.196843571613076,0.0,9.53140013787187,5.969305287951849,5.261891554738487,4.983978520947209,0.0,0.0,0.0,30.08987277184637,6.255281654379183,0.0,0.0,0.0,0.0,10.95328380889906,4.736862953800049,10.48846517892028,24.39594477699791,0.0,0.0,62.98,5.969305287951849,4.794537184071822,5.693927994848461,0.0,0.0,18.51849229445387,12.13273413692322,0.0,9.720841474747257,5.261891554738487,4.032037037037037,0.0,14.40907407407407,7.977154195011337,0.1333796296296301,-0.7286111111111115,4.781542894935752,2.728756613756613,0.0,0.0,0.0,0.0,4.0,0.0,1.0,4.0,0.0,4.0,1.0,0.7194799999999999,0.0,0.0,0.0,0.0,0.0,0.0,1.0,1.0,2.0,0.0,0.0,0.0,0.0,0.0,0.0,0.0,1.0,1.0,0.0,0.0,0.0,0.0,0.0,0.0,0.0,0.0,0.0,0.0,-7.119330406188965,3.827556371688843,-1.619384765625,pca,False,train,In-Domain,
N#CCCCc1ccccc1,4.294499999999999,8.294268392542202,0.6616014739229026,0.6616014739229026,0.5994108589396079,9.0,145.205,0.0621366071657822,-0.1983471929967203,1.181818181818182,2.545454545454545,14.2209758961381,10.09863464155759,1.888662356489053,-1.951503023339031,2.026555911133084,-1.819554796515463,5.140708542286395,0.8504286949682046,2.070366610359243,2.346264661018707,232.7997317859833,-1.29,414.0733220718486,4.51385879842133,2.859890500648683,0.0,0.0,0.0,0.0,0.0,0.0,0.0,0.0,5.261891554738487,0.0,30.33183534230805,18.40509473754901,6.42082162292601,6.069221312792274,0.0,0.0,5.261891554738487,0.0,0.0,19.26246486877803,0.0,35.89528683400505,6.069221312792274,0.0,0.0,0.0,0.0,0.0,6.42082162292601,18.40509473754901,30.33183534230805,0.0,0.0,23.79,0.0,0.0,0.0,6.42082162292601,12.84164324585202,5.563451491696996,0.0,18.19910120538483,18.20195544971549,5.261891554738487,0.0,0.0,0.0,8.294268392542202,1.321990740740741,0.0,12.39385235575712,2.656555177626606,0.0,0.0,0.3,0.0,1.0,0.0,0.0,1.0,0.0,1.0,3.0,2.53288,0.0,0.0,0.0,0.0,0.0,0.0,0.0,0.0,1.0,0.0,0.0,0.0,0.0,0.0,0.0,1.0,0.0,0.0,0.0,0.0,0.0,0.0,0.0,0.0,0.0,0.0,1.0,0.0,15.95923137664795,-3.09654426574707,5.427647590637207,pca,False,train,In-Domain,
N#CCCc1ccccn1,4.202,8.249793083900228,0.5525925925925926,0.5525925925925926,0.611553139506863,8.7,132.166,0.0625331220392497,-0.2612793925354374,1.5,3.0,14.65239980864167,10.21679539460748,1.886169125358528,-1.911770128316352,1.955507980163899,-1.854548371925952,5.038367844990457,0.9516535192249338,2.029573889867405,2.524167878187628,222.7629490687508,-1.36,251.6671623435582,3.624728224376302,1.865705240544972,0.0,0.0,0.0,0.0,0.0,0.0,4.983978520947209,0.0,5.261891554738487,0.0,6.06636706846161,12.13273413692322,24.73241481231356,6.069221312792274,0.0,0.0,5.261891554738487,4.983978520947209,0.0,12.84164324585202,0.0,30.08987277184637,6.069221312792274,0.0,0.0,0.0,0.0,4.983978520947209,6.42082162292601,12.11474961777447,24.39594477699791,0.0,0.0,36.68,0.0,0.0,0.0,6.42082162292601,12.11474961777447,0.0,6.196843571613076,18.19910120538483,11.05319983373948,5.261891554738487,0.0,0.0,4.065138888888889,8.249793083900228,0.9898611111111112,0.0,7.805265495086924,3.056608087679516,0.0,0.0,0.25,0.0,2.0,0.0,1.0,2.0,0.0,2.0,2.0,1.53778,0.0,0.0,0.0,0.0,0.0,0.0,0.0,0.0,2.0,0.0,0.0,0.0,0.0,0.0,0.0,1.0,0.0,0.0,0.0,0.0,0.0,0.0,0.0,0.0,0.0,0.0,0.0,0.0,5.938127517700195,-4.406319141387939,6.062609672546387,pca,False,train,In-Domain,
NCCCCCc1ccccc1,7.7065,5.407973985890653,0.8281643675988913,0.8281643675988913,0.6624528945013091,10.08333333333333,163.264,-0.0077273579054525,-0.3304735024423728,0.9166666666666666,2.333333333333333,14.5090913827801,10.07768257371461,1.901824730448649,-1.990251362088338,2.046047914916503,-1.97633650561893,5.138907316600632,0.6864239221088416,2.144015907892219,2.157795777203053,193.4189029511064,-0.8200000000000001,694.6611541570788,5.782805212453591,3.536050575549011,5.733667477162185,0.0,0.0,0.0,0.0,0.0,0.0,0.0,0.0,0.0,36.75265696523406,31.3706727663876,0.0,0.0,0.0,0.0,0.0,0.0,5.733667477162185,25.68328649170404,6.544756405912575,35.89528683400505,0.0,5.733667477162185,0.0,0.0,0.0,6.544756405912575,6.42082162292601,24.82591636047502,30.33183534230805,0.0,0.0,26.02,0.0,0.0,0.0,0.0,12.96557802883859,24.82591636047502,0.0,0.0,30.33183534230805,5.733667477162185,0.0,0.0,0.0,0.0,6.847345679012346,0.0,10.61587766124968,4.875278958805744,0.8281643675988913,0.0,0.4545454545454545,2.0,1.0,0.0,0.0,1.0,1.0,1.0,5.0,2.3581,0.0,0.0,0.0,0.0,0.0,0.0,0.0,0.0,0.0,0.0,0.0,0.0,0.0,0.0,0.0,1.0,0.0,0.0,0.0,0.0,0.0,0.0,0.0,0.0,0.0,0.0,2.0,0.0,2.521416664123535,-2.367962121963501,8.957019805908203,pca,False,train,In-Domain,
O=C(O)c1ccccn1,7.071,10.13842592592593,0.081018518518519,-0.9901851851851852,0.5998689433499305,8.88888888888889,123.111,0.3539754985506631,-0.4765094716399201,1.555555555555556,2.666666666666667,16.36634278759017,10.35696938628886,1.983701461935362,-1.867726088854801,1.900226816736193,-1.971315101412308,5.845054017242775,0.0690278238183125,1.900372627989795,2.981454614041131,207.5576620543373,-1.38,129.2253387033061,2.259334200664763,1.2528322001979,5.106527394840706,5.693927994848461,0.0,0.0,0.0,5.969305287951849,0.0,9.77851570501903,0.0,0.0,6.06636706846161,12.13273413692322,6.196843571613076,0.0,9.901064578912528,5.969305287951849,0.0,4.983978520947209,0.0,0.0,0.0,30.08987277184637,0.0,0.0,0.0,0.0,0.0,16.05981120373976,0.0,10.48846517892028,24.39594477699791,0.0,0.0,50.19,5.969305287951849,4.794537184071822,5.693927994848461,0.0,0.0,12.26321064007469,12.13273413692322,0.0,4.983978520947209,5.106527394840706,0.0,0.0,13.71712962962963,8.322314814814815,0.081018518518519,-0.9901851851851852,4.755185185185185,1.44787037037037,0.0,0.0,0.0,1.0,3.0,0.0,1.0,2.0,1.0,3.0,1.0,0.7797999999999999,0.0,0.0,0.0,1.0,1.0,1.0,1.0,0.0,1.0,0.0,0.0,0.0,0.0,0.0,0.0,0.0,0.0,0.0,0.0,0.0,0.0,0.0,0.0,0.0,0.0,0.0,0.0,0.0,2.410378694534302,-2.386980533599854,9.297986030578613,pca,False,train,In-Domain,
NC(=O)CCCc1ccccc1,7.624499999999999,10.41173595364072,0.2167304421768703,-0.2167304421768703,0.717653882721682,9.666666666666666,163.22,0.2169243973709855,-0.3696798159028279,1.25,2.5,16.14601414771181,10.09077713334879,1.945050822946295,-1.974054570516941,2.029736342850746,-2.095248468500859,5.731286455591968,-0.1176045958765661,2.054764686586734,2.290572056240154,243.2753089939539,-1.31,567.1150534979386,4.544018446795469,3.191164645691246,5.733667477162185,0.0,0.0,5.907179729351506,0.0,0.0,4.794537184071822,0.0,0.0,0.0,30.33183534230805,18.40509473754901,6.42082162292601,0.0,4.794537184071822,5.907179729351506,0.0,0.0,5.733667477162185,19.26246486877803,0.0,35.89528683400505,0.0,5.733667477162185,0.0,0.0,0.0,5.907179729351506,11.21535880699783,18.40509473754901,30.33183534230805,0.0,0.0,43.09,0.0,4.794537184071822,5.907179729351506,6.42082162292601,12.84164324585202,5.563451491696996,0.0,18.19910120538483,12.13273413692322,5.733667477162185,0.0,0.0,10.41173595364072,0.0,6.28039808515999,-0.2167304421768703,10.09600418871252,2.261925547996976,0.0,0.0,0.3,2.0,2.0,1.0,0.0,1.0,1.0,2.0,4.0,1.4946,0.0,0.0,0.0,0.0,0.0,0.0,1.0,1.0,0.0,0.0,0.0,0.0,0.0,0.0,0.0,1.0,0.0,0.0,0.0,0.0,0.0,0.0,0.0,1.0,0.0,0.0,0.0,0.0,13.48721313476562,-3.237266063690186,3.565364360809326,pca,False,train,In-Domain,
OOCCc1cccc2ccccc12,6.5,8.299648211136306,0.3412773998488285,0.3412773998488285,0.5924580463659661,10.64285714285714,188.226,0.0859798208115072,-0.2518120727627892,1.0,2.642857142857143,17.10676476779596,10.02759168172883,1.986501247053905,-2.040567424770177,2.180781289111006,-1.948163966386125,5.851015916845722,-0.2407490863835505,2.261019386051472,2.429747226129962,418.0961725957642,-1.38,2437.378898163487,4.221272158740262,1.761630716660418,0.0,0.0,0.0,0.0,0.0,0.0,5.257235394296768,4.887570953256112,0.0,0.0,42.46456947923127,22.7567215435526,0.0,6.606881964512918,10.14480634755288,10.77244842892959,0.0,0.0,0.0,6.42082162292601,6.606881964512918,48.02802097092827,0.0,0.0,0.0,0.0,0.0,11.86411735880969,11.30839257618212,5.563451491696996,42.46456947923127,0.0,10.77244842892959,29.46,0.0,0.0,0.0,6.606881964512918,6.42082162292601,16.33589992062659,0.0,18.19910120538483,29.15303922710255,5.257235394296768,0.0,0.0,4.094672382842026,10.75334246661628,1.205694444444445,0.0,14.37103182476694,0.7339814814814816,0.3412773998488285,0.0,0.1666666666666666,1.0,2.0,0.0,0.0,2.0,1.0,2.0,3.0,2.871900000000001,0.0,0.0,0.0,0.0,0.0,0.0,0.0,0.0,0.0,0.0,0.0,0.0,0.0,0.0,0.0,0.0,0.0,0.0,0.0,0.0,0.0,0.0,0.0,0.0,0.0,0.0,0.0,0.0,3.533197402954102,-4.484999179840088,4.058865070343018,pca,False,train,In-Domain,
O=C(O)c1cccnc1,7.015499999999999,10.16092592592593,0.2199074074074078,-0.9415740740740745,0.5998689433499305,8.88888888888889,123.111,0.3367585014987566,-0.4775986322844119,1.666666666666667,2.777777777777778,16.36557362766546,10.28920715653907,1.97208444575996,-1.870016779253838,1.923839638686234,-1.944605439159184,5.86441764685971,0.0696205697920083,1.900372627989795,2.981454614041131,207.5576620543373,-1.38,129.2253387033061,2.259334200664762,1.2528322001979,5.106527394840706,0.0,0.0,0.0,0.0,5.969305287951849,4.983978520947209,4.794537184071822,0.0,0.0,0.0,12.13273413692322,12.39368714322615,5.563451491696996,9.901064578912528,5.969305287951849,0.0,4.983978520947209,0.0,0.0,0.0,30.08987277184637,0.0,0.0,0.0,0.0,0.0,16.05981120373976,0.0,10.35798867576882,24.52642128014937,0.0,0.0,50.19,5.969305287951849,4.794537184071822,5.563451491696996,0.0,0.0,18.46005421168776,6.06636706846161,0.0,4.983978520947209,5.106527394840706,0.0,0.0,13.78601851851852,8.344814814814814,0.2199074074074078,-0.9415740740740745,3.082129629629629,2.842037037037037,0.0,0.0,0.0,1.0,3.0,0.0,1.0,2.0,1.0,3.0,1.0,0.7797999999999999,0.0,0.0,0.0,1.0,1.0,1.0,1.0,0.0,1.0,0.0,0.0,0.0,0.0,0.0,0.0,0.0,0.0,0.0,0.0,0.0,0.0,0.0,0.0,0.0,0.0,0.0,0.0,0.0,0.08091392368078232,-2.446638107299805,7.043320655822754,pca,False,train,In-Domain,
NCCCOc1ccccc1,8.5945,5.366388888888889,0.6873348922902495,0.6873348922902495,0.6602780398859587,9.545454545454543,151.2089999999999,0.1187864593417716,-0.4935507467373342,1.181818181818182,2.545454545454545,16.47672051452038,10.33219868061189,1.87959727549585,-2.026212311778933,2.07214748841647,-2.05297828995069,5.20216824305423,0.3131994568849365,2.070366610359243,2.275801287367509,186.0140382728128,-1.02,414.0733220718486,4.743265549882051,3.048411180570846,10.47053043096224,5.749511833283905,0.0,0.0,0.0,0.0,0.0,0.0,0.0,0.0,18.19910120538483,25.0983121657618,0.0,6.606881964512918,4.736862953800049,0.0,0.0,0.0,5.733667477162185,6.42082162292601,13.15163837042549,30.33183534230805,5.749511833283905,10.47053043096224,0.0,5.749511833283905,0.0,13.15163837042549,0.0,6.42082162292601,30.33183534230805,0.0,0.0,35.25,0.0,0.0,0.0,13.15163837042549,12.17033345620991,0.0,0.0,30.33183534230805,0.0,10.47053043096224,5.366388888888889,0.0,0.0,0.0,5.312666603678508,0.9175462962962966,9.762285918997229,0.9116014739229026,1.396177484882842,0.0,0.3333333333333333,2.0,2.0,0.0,0.0,2.0,1.0,2.0,4.0,1.4142,0.0,0.0,0.0,0.0,0.0,0.0,0.0,0.0,0.0,0.0,0.0,0.0,0.0,0.0,0.0,0.0,0.0,1.0,0.0,0.0,0.0,0.0,1.0,0.0,0.0,0.0,0.0,0.0,-0.0972382202744484,-2.381628513336182,7.320285797119141,pca,False,train,In-Domain,
NCNc1cccc2ccccc12,5.875,5.440458238851097,0.4662773998488283,0.4662773998488283,0.6811597448770389,10.23076923076923,172.231,0.0627726337090104,-0.372198540150788,1.0,2.615384615384615,14.9547073336106,10.09868868317125,1.960948354457988,-2.061169181175176,2.215847182252287,-2.102159218456461,5.931961240519029,1.148717658411717,2.189827491530279,2.613871190454566,404.255515685913,-1.54,1449.665799393045,3.455049673054011,1.484064944981838,11.05045608116852,0.0,0.0,0.0,0.0,0.0,0.0,0.0,0.0,0.0,36.39820241076966,11.45259128292641,11.07361048914836,6.668691188899143,0.0,16.45983470361315,0.0,0.0,5.733667477162185,0.0,11.98547979290547,42.46456947923127,0.0,11.05045608116852,5.687386274683562,0.0,0.0,6.668691188899143,0.0,0.0,42.46456947923127,0.0,10.77244842892959,38.05,0.0,0.0,0.0,6.668691188899143,5.687386274683562,10.77244842892959,0.0,24.26546827384644,23.51588980939116,5.733667477162185,0.0,0.0,0.0,5.583287037037037,6.538236016628875,0.0,14.41219954648526,0.0,0.4662773998488283,0.0,0.0909090909090909,3.0,2.0,0.0,0.0,2.0,2.0,2.0,2.0,2.1679,0.0,0.0,0.0,0.0,0.0,0.0,0.0,0.0,0.0,1.0,0.0,0.0,0.0,0.0,1.0,0.0,0.0,0.0,0.0,0.0,0.0,0.0,0.0,0.0,0.0,0.0,0.0,0.0,11.10832977294922,0.672369658946991,2.6393883228302,pca,False,train,In-Domain,
NC(=O)NC(=O)c1cccnc1,9.9185,11.00314814814815,0.3021296296296301,-0.8714323507180646,0.6083811266617168,9.0,165.152,0.3185952967254344,-0.3512931220675983,1.5,2.75,16.17572376936045,10.259520176456,2.052654199972118,-1.975358194349009,1.933312868926538,-2.344279528696839,6.029981947935913,0.0965645441352209,2.047189822463458,2.725078186491341,296.7796150138624,-1.91,515.8918352607915,3.472015324360177,2.048419991930613,5.733667477162185,0.0,0.0,0.0,5.907179729351506,6.031114512338072,15.09530430902536,4.794537184071822,0.0,0.0,0.0,12.13273413692322,12.39368714322615,5.563451491696996,9.589074368143644,11.93829424168958,0.0,10.30076712495354,5.733667477162185,0.0,0.0,30.08987277184637,0.0,11.05045608116852,4.794537184071822,0.0,0.0,16.92227276263679,0.0,10.35798867576882,24.52642128014937,0.0,0.0,85.08,11.93829424168958,9.589074368143644,0.0,5.563451491696996,0.0,18.46005421168776,6.06636706846161,5.316788604006331,4.983978520947209,5.733667477162185,0.0,0.0,24.95614654195012,1.918981481481481,5.041548563869993,-0.5457407407407409,2.25473828420257,2.874325869236583,0.0,0.0,0.0,3.0,5.0,3.0,1.0,3.0,2.0,5.0,1.0,-0.1099000000000005,0.0,0.0,0.0,0.0,0.0,0.0,2.0,2.0,1.0,1.0,0.0,0.0,0.0,0.0,0.0,0.0,0.0,0.0,0.0,0.0,1.0,0.0,0.0,1.0,0.0,0.0,0.0,1.0,1.06535804271698,-0.794592022895813,3.044774293899536,pca,False,train,In-Domain,
FC(F)(F)c1cccnc1,6.349500000000001,11.74787037037037,0.7129629629629635,-4.269583333333333,0.5471516226654809,11.5,147.099,0.4173886117944582,-0.2641054546941526,1.3,2.3,19.4131678073119,10.27423192783226,2.295365224949135,-2.026438662395698,2.271197315234446,-2.037288269682422,5.112474636190744,-0.1373669583172238,1.882242377932386,2.966043178581663,203.9829554837397,-1.06,165.63732925805,2.283867427599502,1.462392017371819,0.0,0.0,0.0,0.0,0.0,6.176298517443475,4.983978520947209,0.0,13.17124514302446,0.0,0.0,12.13273413692322,12.39368714322615,5.563451491696996,13.17124514302446,0.0,0.0,4.983978520947209,0.0,6.176298517443475,0.0,30.08987277184637,0.0,0.0,13.17124514302446,0.0,0.0,4.983978520947209,6.176298517443475,5.563451491696996,24.52642128014937,0.0,0.0,12.89,11.73975000914047,13.17124514302446,0.0,0.0,12.26321064007469,12.26321064007469,0.0,0.0,4.983978520947209,0.0,35.24361111111111,0.0,3.331134259259259,0.0,-0.7129629629629635,0.0,2.231967592592592,-2.177083333333333,0.0,0.0,0.1666666666666666,0.0,1.0,0.0,1.0,1.0,0.0,4.0,0.0,2.1004,0.0,0.0,0.0,0.0,0.0,0.0,0.0,0.0,1.0,0.0,0.0,0.0,0.0,3.0,0.0,0.0,0.0,0.0,3.0,0.0,0.0,0.0,0.0,0.0,0.0,0.0,0.0,0.0,-2.422026395797729,1.822697043418884,5.930145263671875,pca,False,train,In-Domain,
CONc1ccccc1,8.997499999999999,4.67787037037037,0.9722222222222224,0.9722222222222224,0.6036773278941598,9.0,123.155,0.0635866553152345,-0.2794598381855558,1.222222222222222,2.444444444444445,16.63341268926839,10.32211453491224,1.816282595873095,-1.988129394808441,2.02511616683703,-1.930779296741978,5.393407093914745,0.2708035422073959,1.910086008859914,2.61489994009295,161.8269363112177,-1.02,145.1665366733534,3.095316888309086,1.738013020028032,0.0,0.0,0.0,0.0,0.0,0.0,10.31768518185784,0.0,0.0,0.0,18.19910120538483,12.13273413692322,0.0,12.7971838159611,4.837588583736633,5.687386274683562,0.0,0.0,0.0,0.0,12.58989413939874,30.33183534230805,0.0,5.480096598121202,5.687386274683562,0.0,0.0,7.109797541277533,4.837588583736633,0.0,30.33183534230805,0.0,0.0,21.26,0.0,0.0,0.0,0.0,5.687386274683562,0.0,7.109797541277533,30.33183534230805,10.31768518185784,0.0,0.0,0.0,4.67787037037037,0.0,3.679722222222222,0.0,9.718796296296295,0.0,0.0,1.590277777777778,0.1428571428571428,1.0,2.0,0.0,0.0,2.0,1.0,2.0,2.0,1.6599,0.0,0.0,0.0,0.0,0.0,0.0,0.0,0.0,0.0,1.0,0.0,0.0,0.0,0.0,1.0,0.0,0.0,0.0,0.0,0.0,0.0,0.0,1.0,0.0,0.0,0.0,0.0,0.0,-2.53363823890686,1.438648819923401,6.373815536499023,pca,False,train,In-Domain,
CCCOc1cccnc1,5.420500000000001,5.292638888888889,0.7695370370370371,0.7695370370370371,0.6340860372366948,9.3,137.182,0.1370669352432316,-0.4919908531731584,1.6,3.1,16.47694345642598,10.44300445826305,1.869612883437433,-2.005319167488566,2.049741140705773,-1.938054228558352,5.145557299958036,0.3159772759424134,2.029573889867405,2.426522346587954,173.872282370036,-1.05,251.6671623435582,3.878739173253201,2.052062092116511,4.736862953800049,5.749511833283905,0.0,0.0,0.0,0.0,4.983978520947209,0.0,0.0,0.0,6.923737199690624,18.55355575984923,6.196843571613076,12.803725536126,4.736862953800049,0.0,0.0,4.983978520947209,0.0,13.34455882261663,6.606881964512918,24.52642128014937,5.749511833283905,4.736862953800049,0.0,5.749511833283905,0.0,11.59086048546013,0.0,13.34455882261663,24.52642128014937,0.0,0.0,22.12,0.0,0.0,0.0,0.0,18.77721542072284,0.0,12.39368714322615,12.13273413692322,11.90771572063783,4.736862953800049,5.292638888888889,0.0,3.912584089191232,0.0,0.0,0.8512500000000001,3.771481481481482,4.489444444444445,2.84926776266062,0.0,0.375,0.0,2.0,0.0,1.0,2.0,0.0,2.0,3.0,1.8704,0.0,0.0,0.0,0.0,0.0,0.0,0.0,0.0,1.0,0.0,0.0,0.0,0.0,0.0,0.0,0.0,0.0,1.0,0.0,0.0,0.0,0.0,0.0,0.0,0.0,0.0,0.0,0.0,11.12907028198242,-3.302395105361938,1.457021474838257,pca,False,train,In-Domain,
N#CCOc1cccnc1,5.256500000000001,8.1321626984127,0.0750925925925924,0.0750925925925924,0.6053257640125668,8.3,134.138,0.1741236211857218,-0.4771387874025197,1.7,3.2,16.47670062482396,10.45963589235628,1.869237838482534,-1.963954762370197,2.040144045446293,-1.92170670896384,5.151507782170001,0.3663644486882029,2.029573889867405,2.524167878187628,227.1114646143476,-1.56,251.6671623435582,3.462586900316001,1.748568576503574,4.736862953800049,11.81873314607618,6.606881964512918,0.0,0.0,0.0,4.983978520947209,0.0,5.261891554738487,0.0,0.0,12.13273413692322,6.196843571613076,6.196843571613076,4.736862953800049,0.0,5.261891554738487,4.983978520947209,0.0,0.0,6.606881964512918,24.52642128014937,11.81873314607618,4.736862953800049,0.0,5.749511833283905,0.0,11.59086048546013,0.0,0.0,24.52642128014937,0.0,0.0,45.91,0.0,0.0,6.606881964512918,5.749511833283905,0.0,0.0,24.52642128014937,6.069221312792274,4.983978520947209,9.998754508538536,4.931527777777778,0.0,3.80317365835223,8.1321626984127,0.0,0.6287500000000001,5.377136243386243,3.218823696145125,0.0750925925925924,0.0,0.1428571428571428,0.0,3.0,0.0,1.0,3.0,0.0,3.0,2.0,0.98398,0.0,0.0,0.0,0.0,0.0,0.0,0.0,0.0,2.0,0.0,0.0,0.0,0.0,0.0,0.0,0.0,0.0,1.0,0.0,0.0,0.0,0.0,0.0,0.0,0.0,0.0,0.0,0.0,1.137885928153992,-4.554895877838135,1.745817542076111,pca,False,train,In-Domain,
Nc1cccnc1,5.9055,5.295277777777778,0.7106481481481484,0.7106481481481484,0.5126510027980979,8.571428571428571,94.117,0.0500075397214802,-0.397481955193144,1.571428571428571,2.714285714285714,14.66989382608709,10.44372667368202,1.729682483876354,-1.826324065366228,1.916378363073264,-1.815337209667713,5.317521052517547,1.333554020956456,1.685616163320438,3.021465309724086,136.0075042253047,-1.05,47.19725257297226,1.598931214740438,0.8918249573003464,5.733667477162185,0.0,0.0,0.0,0.0,0.0,4.983978520947209,0.0,0.0,0.0,0.0,12.13273413692322,12.39368714322615,5.687386274683562,0.0,5.687386274683562,0.0,4.983978520947209,0.0,0.0,5.733667477162185,24.52642128014937,0.0,5.733667477162185,5.687386274683562,0.0,0.0,4.983978520947209,0.0,0.0,24.52642128014937,0.0,0.0,38.91,0.0,0.0,0.0,5.687386274683562,0.0,0.0,24.52642128014937,0.0,4.983978520947209,5.733667477162185,0.0,0.0,3.75925925925926,0.0,6.005925925925926,0.0,3.599537037037037,3.301944444444445,0.0,0.0,0.0,2.0,2.0,0.0,1.0,2.0,1.0,2.0,0.0,0.6638000000000001,0.0,0.0,1.0,0.0,0.0,0.0,0.0,0.0,1.0,0.0,0.0,0.0,0.0,0.0,1.0,0.0,0.0,0.0,0.0,0.0,0.0,0.0,0.0,0.0,0.0,0.0,0.0,0.0,-2.40439248085022,-2.452107906341553,4.735610961914062,pca,False,train,In-Domain,
Clc1ccccn1,4.851,5.42858024691358,0.5439814814814818,0.5439814814814818,0.4672558901814076,8.714285714285714,113.547,0.1285053076555406,-0.2445835910173591,1.428571428571429,2.571428571428572,35.49569575613073,10.51374614559666,1.759678843737232,-1.790985522343345,1.976475985114241,-1.653731590518883,6.288492180995107,1.329998232360331,1.685616163320438,3.021465309724086,138.0075042253047,-0.56,47.19725257297226,1.937398543184183,1.162973754191235,0.0,5.153109816892792,0.0,0.0,0.0,0.0,0.0,4.983978520947209,0.0,0.0,17.66730695869413,12.13273413692322,6.196843571613076,0.0,0.0,11.60093989023252,0.0,4.983978520947209,0.0,0.0,0.0,29.5490545938907,0.0,0.0,0.0,0.0,11.60093989023252,4.983978520947209,0.0,0.0,24.39594477699791,5.153109816892792,0.0,12.89,0.0,0.0,0.0,5.153109816892792,0.0,0.0,12.26321064007469,12.13273413692322,4.983978520947209,11.60093989023252,0.0,5.42858024691358,3.744598765432099,0.5439814814814818,0.0,0.0,5.405524691358025,1.655092592592593,0.0,0.0,0.0,0.0,1.0,0.0,1.0,1.0,0.0,2.0,0.0,1.735,0.0,0.0,0.0,0.0,0.0,0.0,0.0,0.0,1.0,0.0,0.0,0.0,0.0,0.0,0.0,0.0,0.0,0.0,1.0,0.0,0.0,0.0,0.0,0.0,0.0,0.0,0.0,0.0,-2.556545495986938,-2.417274713516235,5.068803310394287,pca,False,train,In-Domain,
NCCCc1cccnc1,4.4915,5.355946712018141,0.7588236961451248,0.7588236961451248,0.6721617602598025,9.7,136.198,0.0299354214723574,-0.3304617847397326,1.5,3.0,14.60901461633076,10.15362914244963,1.879061054591879,-1.952929889712679,1.976094752510745,-1.996385658803455,5.075880221402432,0.8286770351536248,2.029573889867405,2.426522346587954,171.872282370036,-0.89,251.6671623435582,4.011046940626403,2.15042303420261,5.733667477162185,0.0,0.0,0.0,0.0,0.0,4.983978520947209,0.0,0.0,0.0,6.06636706846161,31.0162182119232,12.39368714322615,0.0,0.0,0.0,0.0,4.983978520947209,5.733667477162185,12.84164324585202,6.544756405912575,30.08987277184637,0.0,5.733667477162185,0.0,0.0,0.0,11.52873492685978,6.42082162292601,11.984273114623,24.52642128014937,0.0,0.0,38.91,0.0,0.0,0.0,0.0,19.3863996517646,5.563451491696996,6.196843571613076,12.26321064007469,11.05034558940882,5.733667477162185,0.0,0.0,3.99676776266062,0.0,6.627196712018141,0.0,4.022331821617536,5.761546674225245,0.7588236961451248,0.0,0.375,2.0,2.0,0.0,1.0,2.0,1.0,2.0,3.0,0.9729,0.0,0.0,0.0,0.0,0.0,0.0,0.0,0.0,1.0,0.0,0.0,0.0,0.0,0.0,0.0,1.0,0.0,0.0,0.0,0.0,0.0,0.0,0.0,0.0,0.0,0.0,0.0,0.0,11.7834644317627,6.660298347473145,1.297123789787292,pca,False,train,In-Domain,
NC(=O)COc1ccccc1,8.5125,10.26984552154195,0.065462962962963,-0.4640249433106562,0.6854365722336556,9.090909090909092,151.165,0.254862922399826,-0.4837967667552001,1.363636363636364,2.545454545454545,16.4819039758946,10.33736616628223,1.936063803627222,-2.004599881139077,2.065507068689825,-2.19408824938081,5.748508094059279,-0.1194629668637507,2.029238942059196,2.453018743531937,233.1071909292144,-1.51,349.0290980341817,3.607707076422454,2.708675792549771,10.47053043096224,5.749511833283905,6.606881964512918,0.0,5.907179729351506,0.0,4.794537184071822,0.0,0.0,0.0,18.19910120538483,12.13273413692322,0.0,0.0,9.53140013787187,5.907179729351506,0.0,0.0,5.733667477162185,0.0,6.606881964512918,30.33183534230805,5.749511833283905,10.47053043096224,0.0,5.749511833283905,0.0,12.51406169386442,4.794537184071822,0.0,30.33183534230805,0.0,0.0,52.32000000000001,5.907179729351506,4.794537184071822,6.606881964512918,5.749511833283905,0.0,0.0,12.13273413692322,18.19910120538483,0.0,10.47053043096224,4.992870370370371,0.0,10.26984552154195,0.0,4.876354875283447,0.194586167800455,9.065139361300076,0.0,-0.065462962962963,0.0,0.125,2.0,3.0,1.0,0.0,2.0,1.0,3.0,3.0,0.5506999999999997,0.0,0.0,0.0,0.0,0.0,0.0,1.0,1.0,0.0,0.0,0.0,0.0,0.0,0.0,0.0,0.0,0.0,1.0,0.0,0.0,0.0,0.0,1.0,1.0,0.0,0.0,0.0,0.0,1.375038146972656,5.418290138244629,1.498273730278015,pca,False,train,In-Domain,
CNNC(=O)c1ccccc1,9.9675,11.07106481481482,0.1174999999999997,-0.1174999999999997,0.6043715457596521,9.181818181818182,150.181,0.2648604681744403,-0.2877178821020926,1.272727272727273,2.454545454545455,16.15298516444573,10.20002619517957,1.9942395272167,-2.002727821604892,1.956856568395509,-2.33462299272004,5.931753577921763,0.0937773932532087,2.066172828612932,2.6930079504145,233.1071909292144,-1.35,380.1758004647795,3.729813590230065,2.053024326101249,0.0,0.0,0.0,0.0,5.907179729351506,0.0,10.22032858118221,5.425791397110385,0.0,0.0,18.19910120538483,12.13273413692322,12.61112347437418,0.0,4.794537184071822,5.907179729351506,0.0,10.85158279422077,0.0,0.0,7.04767198267719,35.89528683400505,0.0,10.85158279422077,0.0,0.0,0.0,12.9548517120287,0.0,10.35798867576882,30.33183534230805,0.0,0.0,41.13,0.0,4.794537184071822,5.907179729351506,5.563451491696996,0.0,0.0,19.18040611960041,18.19910120538483,10.85158279422077,0.0,0.0,0.0,11.07106481481482,0.0,5.693768896447468,-0.1174999999999997,9.032388510959938,0.0,0.0,1.653611111111111,0.125,2.0,3.0,1.0,0.0,2.0,2.0,3.0,2.0,0.5507999999999997,0.0,0.0,0.0,0.0,0.0,0.0,1.0,1.0,0.0,2.0,0.0,0.0,0.0,0.0,0.0,0.0,0.0,0.0,0.0,1.0,0.0,0.0,0.0,0.0,0.0,0.0,0.0,0.0,-2.0984947681427,7.452250480651855,4.081503391265869,pca,False,train,In-Domain,
CCNC(=O)c1ccccc1,6.6785,11.13356481481482,0.0063888888888885,-0.0063888888888885,0.6768552666060873,9.181818181818182,149.193,0.2507684525689804,-0.3523176250482892,1.363636363636364,2.545454545454545,16.14902261446338,10.19306347020569,1.992778296114818,-1.991462418596848,1.96204186678874,-2.217851352560919,5.934969124423101,0.0955602817717608,2.066172828612932,2.6930079504145,230.5778659162335,-1.31,380.1758004647795,3.760481303066603,2.075224641853074,5.316788604006331,0.0,0.0,0.0,5.907179729351506,0.0,4.794537184071822,0.0,0.0,0.0,18.19910120538483,19.05647133661384,12.10820789760957,0.0,4.794537184071822,5.907179729351506,0.0,5.316788604006331,0.0,6.923737199690624,6.544756405912575,35.89528683400505,0.0,5.316788604006331,0.0,0.0,0.0,12.45193613526408,0.0,17.28172587545944,30.33183534230805,0.0,0.0,29.1,0.0,4.794537184071822,5.907179729351506,12.10820789760957,0.0,0.0,12.13273413692322,25.12283840507545,5.316788604006331,0.0,0.0,0.0,11.13356481481482,2.72287037037037,0.716990740740741,-0.0063888888888885,9.1883522297808,0.0,2.577944066515495,0.0,0.2222222222222222,1.0,2.0,1.0,0.0,1.0,1.0,2.0,2.0,1.4363,0.0,0.0,0.0,0.0,0.0,0.0,1.0,1.0,0.0,1.0,0.0,0.0,0.0,0.0,0.0,0.0,0.0,0.0,0.0,0.0,0.0,0.0,0.0,0.0,0.0,0.0,0.0,0.0,-2.125843048095703,7.33740758895874,4.634696960449219,pca,False,train,In-Domain,
NOC(=O)c1cccnc1,6.9335,10.6262037037037,0.3518518518518523,-0.5758333333333334,0.5592343921970981,8.9,138.126,0.3576727187703509,-0.3695931420291622,1.7,3.0,16.65261214375829,10.28770445287566,2.020835433893123,-1.932780496452528,1.948405482474293,-2.093283760272897,5.880617183047797,0.0502706961322995,2.048167390601267,2.852627928819143,222.4492424462252,-1.42,237.587417309747,2.931903402289157,1.294592269254198,4.837588583736633,0.0,0.0,0.0,0.0,5.969305287951849,4.983978520947209,4.794537184071822,5.896975471277056,0.0,0.0,12.13273413692322,12.39368714322615,5.563451491696996,9.632125767808455,5.969305287951849,0.0,4.983978520947209,5.896975471277056,0.0,0.0,30.08987277184637,0.0,5.896975471277056,0.0,0.0,0.0,10.95328380889906,4.837588583736633,10.35798867576882,24.52642128014937,0.0,0.0,65.21000000000001,5.969305287951849,4.794537184071822,0.0,5.563451491696996,0.0,6.196843571613076,18.3295777085363,0.0,15.7185425759609,0.0,0.0,0.0,18.28083333333333,0.0,0.3518518518518523,4.050908919123205,3.202824074074074,2.946915154950869,0.0,0.0,0.0,2.0,4.0,0.0,1.0,4.0,1.0,4.0,1.0,0.1121000000000001,0.0,0.0,0.0,0.0,0.0,0.0,1.0,1.0,1.0,0.0,0.0,0.0,0.0,0.0,0.0,0.0,0.0,0.0,0.0,0.0,0.0,0.0,0.0,0.0,0.0,0.0,0.0,0.0,11.6182918548584,-0.3522627353668213,3.487060785293579,pca,False,train,In-Domain,
Brc1ccccc1,5.1655,3.31125,1.13425925925926,1.13425925925926,0.5420450088370231,8.714285714285714,157.01,0.0174752825114365,-0.0621899905650267,1.0,1.857142857142857,79.91873091727764,10.37659387732845,1.738907884739585,-1.800258660595405,2.046677135463229,-1.553126264342524,9.102988208739504,1.656082859560328,1.685616163320438,3.021465309724086,134.1073696954145,-0.3,47.19725257297226,2.123680215888008,1.316124135604655,0.0,0.0,0.0,0.0,0.0,0.0,0.0,0.0,0.0,0.0,34.12904510333418,12.13273413692322,4.472719515832414,0.0,0.0,15.92994389794935,0.0,0.0,0.0,0.0,0.0,34.80455485814046,0.0,0.0,0.0,0.0,15.92994389794935,0.0,0.0,0.0,34.80455485814046,0.0,0.0,0.0,0.0,0.0,0.0,0.0,4.472719515832414,0.0,0.0,30.33183534230805,15.92994389794935,0.0,1.13425925925926,3.31125,0.0,0.0,0.0,0.0,9.971157407407407,0.0,0.0,0.0,0.0,0.0,0.0,0.0,0.0,0.0,0.0,1.0,0.0,2.4491,0.0,0.0,0.0,0.0,0.0,0.0,0.0,0.0,0.0,0.0,0.0,0.0,0.0,0.0,0.0,0.0,0.0,0.0,1.0,0.0,0.0,0.0,0.0,0.0,0.0,0.0,0.0,0.0,1.462640762329102,-1.514476895332336,3.981554508209229,pca,False,train,In-Domain,
O=C(O)Nc1ccccn1,5.715,10.01759637188208,0.3425925925925928,-1.098425925925926,0.6118620124541292,8.8,138.126,0.4098345521357762,-0.4647686154806715,1.6,2.9,16.38493516925745,10.45964100713789,1.940613196326937,-1.949699490265495,1.974298709204008,-2.07407093440831,5.806622865297333,0.2094010205532437,1.881014057849052,2.674241602295127,222.4492424462252,-1.58,195.6254620163014,2.816686572772721,1.736993379776821,5.106527394840706,5.817862777835028,0.0,0.0,0.0,6.093240070938415,5.316788604006331,9.77851570501903,0.0,0.0,6.06636706846161,12.13273413692322,6.196843571613076,0.0,9.901064578912528,11.91110284877344,0.0,4.983978520947209,0.0,0.0,5.316788604006331,24.39594477699791,0.0,5.316788604006331,10.61239996190685,0.0,0.0,16.18374598672633,0.0,0.0,24.39594477699791,0.0,0.0,62.22,6.093240070938415,4.794537184071822,0.0,5.817862777835028,0.0,6.196843571613076,18.19910120538483,0.0,10.30076712495354,5.106527394840706,0.0,0.0,13.74454081632653,10.32607709750567,0.0,0.3425925925925928,4.999428382464097,0.4206944444444447,0.0,0.0,0.0,2.0,4.0,1.0,1.0,2.0,2.0,4.0,1.0,1.1715,0.0,0.0,0.0,0.0,0.0,1.0,1.0,0.0,1.0,1.0,0.0,0.0,0.0,0.0,1.0,0.0,0.0,0.0,0.0,0.0,0.0,0.0,0.0,0.0,0.0,0.0,0.0,0.0,-2.115027904510498,0.5937408208847046,6.922284126281738,pca,False,train,In-Domain,
ONCc1ccccn1,5.575,8.22968820861678,0.4036111111111109,0.4036111111111109,0.5660743111415174,9.444444444444445,124.143,0.0630707129491034,-0.3164350755973809,1.555555555555556,3.0,16.4524865939411,10.35341850653132,1.857670821365125,-1.933782033460614,1.893580267536579,-2.063862479272459,5.017554336892104,0.1597597713272542,1.910086008859914,2.61489994009295,163.968645761294,-0.9300000000000002,145.1665366733534,3.166519900954113,1.792158396684973,5.20725302477729,0.0,0.0,0.0,0.0,0.0,4.983978520947209,0.0,5.480096598121202,0.0,6.06636706846161,12.13273413692322,6.196843571613076,12.23868440076104,5.20725302477729,0.0,0.0,10.46407511906841,0.0,6.544756405912575,0.0,30.08987277184637,0.0,5.480096598121202,0.0,0.0,0.0,10.1912315457245,6.544756405912575,5.693927994848461,24.39594477699791,0.0,0.0,45.15,0.0,0.0,0.0,6.544756405912575,5.693927994848461,0.0,6.196843571613076,23.67919780350603,4.983978520947209,5.20725302477729,0.0,0.0,3.945972222222222,8.22968820861678,2.854814814814815,0.0,5.545404383975812,1.687175925925926,0.4036111111111109,0.0,0.1666666666666666,2.0,3.0,0.0,1.0,3.0,2.0,3.0,2.0,0.5604000000000001,0.0,0.0,0.0,0.0,0.0,0.0,0.0,0.0,1.0,1.0,1.0,0.0,0.0,0.0,0.0,0.0,0.0,0.0,0.0,0.0,0.0,0.0,0.0,0.0,0.0,0.0,0.0,0.0,-2.218984842300415,0.5044696927070618,7.281962394714355,pca,False,train,In-Domain,
CCCc1ccccc1,6.0535,2.201388888888889,1.209166666666667,1.209166666666667,0.5624916701881997,9.444444444444445,120.195,-0.0281497984879188,-0.0650654381445557,1.111111111111111,2.333333333333333,13.90030539760699,10.12769107668929,1.840213419221752,-1.932640245358975,1.999513259030074,-1.783584189277988,5.137484570569242,0.9218388682835006,1.910086008859914,2.61489994009295,152.9490957526401,-0.78,145.1665366733534,3.285913486196659,1.883546784823894,0.0,0.0,0.0,0.0,0.0,0.0,0.0,0.0,0.0,0.0,43.67639416492468,11.984273114623,0.0,0.0,0.0,0.0,0.0,0.0,0.0,19.76538044554264,0.0,35.89528683400505,0.0,0.0,0.0,0.0,0.0,0.0,6.42082162292601,18.90801031431363,30.33183534230805,0.0,0.0,0.0,0.0,0.0,0.0,0.0,0.0,18.40509473754901,0.0,0.0,37.25557254199867,0.0,0.0,0.0,0.0,0.0,1.444444444444445,0.0,10.57157407407408,2.449259259259259,2.201388888888889,0.0,0.3333333333333333,0.0,0.0,0.0,0.0,0.0,0.0,0.0,2.0,2.639100000000001,0.0,0.0,0.0,0.0,0.0,0.0,0.0,0.0,0.0,0.0,0.0,0.0,0.0,0.0,0.0,1.0,0.0,0.0,0.0,0.0,0.0,0.0,0.0,0.0,0.0,0.0,0.0,0.0,9.305425643920898,-0.5572379231452942,0.8750048279762268,pca,False,train,In-Domain,
CCc1cccc2ccccc12,5.997999999999999,2.196759259259259,1.112453703703704,1.112453703703704,0.5932475127165551,10.41666666666667,156.228,-0.0152028663987378,-0.0616293776662835,0.9166666666666666,2.5,13.99842481751057,10.03219791633648,1.949850930601743,-2.016734451963088,2.177035854433147,-1.810721467155604,5.850447536862463,1.159667557283474,2.16854290746428,2.790967029739265,382.665372775477,-1.3,902.1138495051404,2.978591423587164,1.095421436004162,0.0,0.0,0.0,0.0,0.0,0.0,0.0,0.0,0.0,0.0,49.38830667892189,22.7567215435526,0.0,0.0,0.0,10.77244842892959,0.0,0.0,0.0,13.34455882261663,0.0,48.02802097092827,0.0,0.0,0.0,0.0,0.0,0.0,6.42082162292601,12.48718869138762,42.46456947923127,0.0,10.77244842892959,0.0,0.0,0.0,0.0,0.0,6.42082162292601,16.33589992062659,0.0,0.0,49.38830667892189,0.0,0.0,0.0,0.0,2.73550925925926,1.438055555555556,0.0,15.01777777777778,1.112453703703704,2.196203703703704,0.0,0.1666666666666666,0.0,0.0,0.0,0.0,0.0,0.0,0.0,1.0,3.402200000000002,0.0,0.0,0.0,0.0,0.0,0.0,0.0,0.0,0.0,0.0,0.0,0.0,0.0,0.0,0.0,1.0,0.0,0.0,0.0,0.0,0.0,0.0,0.0,0.0,0.0,0.0,0.0,0.0,-0.8283196091651917,-1.911173582077026,0.8995209336280823,pca,False,train,In-Domain,
Fc1cccnc1,5.0175,11.84416666666667,0.2893518518518514,-0.2893518518518514,0.4739719611862986,8.714285714285714,97.092,0.1409789338718502,-0.2616784331189022,1.571428571428571,2.714285714285714,19.14215041205163,10.49022721226262,1.778952830873034,-1.776473106543714,1.874838099049825,-1.701455423475207,4.917996944829834,0.6211970311670441,1.685616163320438,3.021465309724086,138.0075042253047,-0.92,47.19725257297226,1.687009480034473,0.9613878515113792,0.0,5.817220841045895,0.0,0.0,0.0,0.0,4.983978520947209,4.39041504767482,0.0,0.0,0.0,12.13273413692322,6.196843571613076,6.196843571613076,4.39041504767482,0.0,0.0,4.983978520947209,0.0,0.0,0.0,30.34364212119526,0.0,0.0,4.39041504767482,0.0,0.0,4.983978520947209,0.0,0.0,24.52642128014937,0.0,0.0,12.89,0.0,4.39041504767482,5.817220841045895,0.0,0.0,18.46005421168776,6.06636706846161,0.0,4.983978520947209,0.0,11.84416666666667,0.0,3.50925925925926,0.0,0.0,-0.2893518518518514,2.905092592592593,2.6975,0.0,0.0,0.0,0.0,1.0,0.0,1.0,1.0,0.0,2.0,0.0,1.2207,0.0,0.0,0.0,0.0,0.0,0.0,0.0,0.0,1.0,0.0,0.0,0.0,0.0,0.0,0.0,0.0,0.0,0.0,1.0,0.0,0.0,0.0,0.0,0.0,0.0,0.0,0.0,0.0,-4.274226188659668,0.457117110490799,3.543349027633667,pca,False,train,In-Domain,
CCCOC(=O)c1ccccn1,10.36,11.11884259259259,0.3495833333333327,-0.3495833333333327,0.6390653522674146,9.416666666666666,165.192,0.3564123775919083,-0.4609805514483377,1.583333333333333,3.0,16.53318519026827,10.34750399386408,2.049273007137982,-1.999127409322644,1.961187914469035,-2.067108520259595,5.864981899977949,0.0497995454896569,2.154522458102369,2.539556056342092,245.9652649298467,-1.38,646.3567374307108,4.48818648737571,2.341652590664363,4.736862953800049,5.693927994848461,0.0,0.0,0.0,5.969305287951849,0.0,9.77851570501903,0.0,0.0,12.99010426815223,18.55355575984923,6.196843571613076,6.606881964512918,9.53140013787187,5.969305287951849,0.0,4.983978520947209,0.0,13.34455882261663,6.606881964512918,30.08987277184637,0.0,0.0,0.0,0.0,0.0,17.56016577341197,4.736862953800049,23.83302400153692,24.39594477699791,0.0,0.0,39.19,0.0,4.794537184071822,5.969305287951849,12.30080995936138,6.42082162292601,0.0,24.39594477699791,6.923737199690624,4.983978520947209,4.736862953800049,4.875787037037037,0.0,14.97587112622827,0.0,0.3666203703703705,-0.3495833333333327,5.156878070672714,2.403881566515495,2.403878495842782,0.0,0.3333333333333333,0.0,3.0,0.0,1.0,3.0,0.0,3.0,3.0,1.6484,0.0,0.0,0.0,0.0,0.0,0.0,1.0,1.0,1.0,0.0,0.0,0.0,0.0,0.0,0.0,0.0,1.0,1.0,0.0,0.0,0.0,0.0,0.0,0.0,0.0,0.0,0.0,0.0,-4.512436866760254,0.3551708161830902,4.297852993011475,pca,False,train,In-Domain,
NC(=O)Cc1ccccc1,7.1805,10.39092970521542,0.2859259259259257,-0.2859259259259257,0.6373688859267749,9.2,135.166,0.2213390053721211,-0.3693902017432013,1.3,2.4,16.14603381253132,10.14696663177806,1.93763573532373,-1.930226938989818,1.970854628415002,-2.127599173086387,5.759746786694416,-0.1168931671850831,1.881014057849052,2.674241602295127,217.9590174505521,-1.31,195.6254620163014,3.011779444695785,1.89537540220571,5.733667477162185,0.0,0.0,5.907179729351506,0.0,0.0,4.794537184071822,0.0,0.0,0.0,30.33183534230805,5.563451491696996,0.0,6.42082162292601,4.794537184071822,5.907179729351506,0.0,0.0,5.733667477162185,6.42082162292601,0.0,35.89528683400505,0.0,5.733667477162185,0.0,0.0,0.0,5.907179729351506,11.21535880699783,5.563451491696996,30.33183534230805,0.0,0.0,43.09,0.0,4.794537184071822,5.907179729351506,6.42082162292601,5.563451491696996,0.0,0.0,30.33183534230805,0.0,5.733667477162185,0.0,0.0,10.39092970521542,0.0,5.953131141345427,-0.2859259259259257,9.441031746031747,0.3341666666666665,0.0,0.0,0.125,2.0,2.0,1.0,0.0,1.0,1.0,2.0,2.0,0.7143999999999999,0.0,0.0,0.0,0.0,0.0,0.0,1.0,1.0,0.0,0.0,0.0,0.0,0.0,0.0,0.0,0.0,0.0,0.0,0.0,0.0,0.0,0.0,0.0,1.0,0.0,0.0,0.0,0.0,11.63413524627686,7.242566585540771,0.6055688261985779,pca,False,train,In-Domain,
NCSc1cccc2ccccc12,7.207,5.51453231292517,0.6329440665154953,0.6329440665154953,0.580420145261651,10.53846153846154,189.283,0.0440443365547585,-0.3216168255603564,1.0,2.615384615384615,32.16654840692831,10.12773943331672,1.975734644294354,-2.029239191645877,2.258231576627887,-1.913636709663336,7.990379605554016,1.383201441764464,2.189827491530279,2.613871190454566,406.255515685913,-0.99,1449.665799393045,3.812824772646445,1.688121354187029,5.733667477162185,0.0,0.0,0.0,0.0,0.0,0.0,0.0,0.0,11.76188494939112,36.39820241076966,16.8388154973912,10.77227186525113,0.0,0.0,22.5343333783207,0.0,0.0,5.733667477162185,4.895483475517775,5.876788389733356,42.46456947923127,0.0,5.733667477162185,0.0,0.0,11.76188494939112,5.876788389733356,0.0,0.0,47.36005295474904,0.0,10.77244842892959,26.02,0.0,0.0,0.0,5.876788389733356,0.0,15.66793190444737,11.76188494939112,0.0,42.46456947923127,5.733667477162185,0.0,1.682546296296296,1.264444444444445,2.570740740740741,5.51453231292517,0.6329440665154953,14.66812547241119,0.0,0.0,0.0,0.0909090909090909,2.0,1.0,0.0,0.0,2.0,1.0,2.0,2.0,2.848100000000001,0.0,0.0,0.0,0.0,0.0,0.0,0.0,0.0,0.0,0.0,0.0,0.0,0.0,0.0,0.0,0.0,0.0,0.0,0.0,0.0,0.0,0.0,0.0,0.0,1.0,0.0,0.0,0.0,1.195312738418579,6.082817554473877,0.796440064907074,pca,False,train,In-Domain,
CNCCCc1cccnc1,7.8215,4.043005007558579,1.078268140589569,1.078268140589569,0.6529716437647965,9.909090909090908,150.225,0.0299354224837055,-0.3197404049744447,1.545454545454545,3.090909090909091,14.79278116655961,10.15080735006199,1.892371789802784,-1.981872377927119,1.980758602118435,-2.077629873790624,5.076257081468297,0.7232295913894295,2.070366610359243,2.275801287367509,184.0140382728128,-0.89,414.0733220718486,4.854359854527306,3.140286644378089,5.316788604006331,0.0,0.0,0.0,0.0,0.0,4.983978520947209,0.0,0.0,0.0,6.06636706846161,38.06389019460039,12.39368714322615,0.0,0.0,0.0,0.0,10.30076712495354,0.0,12.84164324585202,13.59242838858976,30.08987277184637,0.0,5.316788604006331,0.0,0.0,0.0,18.57640690953697,6.42082162292601,11.984273114623,24.52642128014937,0.0,0.0,24.92,0.0,0.0,0.0,0.0,12.96557802883859,11.984273114623,0.0,25.50772619436495,16.36713419341515,0.0,0.0,0.0,4.043005007558579,3.117534722222222,1.321990740740741,0.0,4.094610733182162,6.03581750755858,1.078268140589569,1.975439814814815,0.4444444444444444,1.0,2.0,0.0,1.0,2.0,1.0,2.0,4.0,1.2336,0.0,0.0,0.0,0.0,0.0,0.0,0.0,0.0,1.0,1.0,0.0,0.0,0.0,0.0,0.0,1.0,0.0,0.0,0.0,0.0,0.0,0.0,0.0,0.0,0.0,0.0,0.0,0.0,-2.125638246536255,8.100645065307617,3.197727203369141,pca,False,train,In-Domain,
NCCc1ccccc1,7.4145,5.360538548752835,0.7400925925925926,0.7400925925925926,0.6245074471542003,9.444444444444445,121.183,-0.0036698097858793,-0.3301426071948191,1.111111111111111,2.333333333333333,14.5106387202573,10.15398533836781,1.841426564273394,-1.934332501219658,1.96297432803895,-2.013364122761769,5.140696653858067,0.9688468454086356,1.910086008859914,2.61489994009295,157.4784207656209,-0.8200000000000001,145.1665366733534,3.253988636849076,1.859038601827228,5.733667477162185,0.0,0.0,0.0,0.0,0.0,0.0,0.0,0.0,0.0,30.33183534230805,18.52902952053558,0.0,0.0,0.0,0.0,0.0,0.0,5.733667477162185,6.42082162292601,6.544756405912575,35.89528683400505,0.0,5.733667477162185,0.0,0.0,0.0,6.544756405912575,6.42082162292601,5.563451491696996,30.33183534230805,0.0,0.0,26.02,0.0,0.0,0.0,0.0,12.96557802883859,5.563451491696996,0.0,18.19910120538483,12.13273413692322,5.733667477162185,0.0,0.0,0.0,0.0,6.67998299319728,0.0,10.25964663643235,0.9869444444444444,0.7400925925925926,0.0,0.25,2.0,1.0,0.0,0.0,1.0,1.0,1.0,2.0,1.1878,0.0,0.0,0.0,0.0,0.0,0.0,0.0,0.0,0.0,0.0,0.0,0.0,0.0,0.0,0.0,0.0,0.0,0.0,0.0,0.0,0.0,0.0,0.0,0.0,0.0,0.0,0.0,0.0,-2.178314447402954,7.845364570617676,3.986690521240234,pca,False,train,In-Domain,
OCOc1ccccc1,5.2235,8.297465986394558,0.2599074074074075,-0.2599074074074075,0.5961462174100274,9.0,124.139,0.1859634996645148,-0.4677686972085196,1.222222222222222,2.444444444444445,16.58427083570027,10.3413208920869,1.839596080162,-1.977343716197965,2.060446029410501,-1.925086606933146,5.200313501556641,0.0985393248250634,1.910086008859914,2.61489994009295,159.8269363112177,-1.02,145.1665366733534,3.095316888309086,1.738013020028032,9.843390348640757,5.749511833283905,6.792942306099827,0.0,0.0,0.0,0.0,0.0,0.0,0.0,18.19910120538483,12.13273413692322,0.0,0.0,9.843390348640757,0.0,0.0,0.0,0.0,0.0,6.792942306099827,30.33183534230805,5.749511833283905,4.736862953800049,0.0,5.749511833283905,0.0,11.89946970094053,0.0,0.0,30.33183534230805,0.0,0.0,29.46,0.0,0.0,6.792942306099827,5.749511833283905,0.0,0.0,12.13273413692322,18.19910120538483,0.0,9.843390348640757,4.761388888888889,0.0,0.0,8.297465986394558,0.0,0.6944444444444446,9.173274754346185,0.0,-0.2599074074074075,0.0,0.1428571428571428,1.0,2.0,0.0,0.0,2.0,1.0,2.0,2.0,1.0152,0.0,1.0,0.0,0.0,0.0,0.0,0.0,0.0,0.0,0.0,0.0,0.0,0.0,0.0,0.0,0.0,0.0,1.0,0.0,0.0,0.0,0.0,1.0,0.0,0.0,0.0,0.0,0.0,13.86654472351074,0.6264144778251648,4.971593856811523,pca,False,train,In-Domain,
CCNC(=O)c1cccc2ccccc12,6.845,11.74755007558579,0.0052777777777777,-0.0052777777777777,0.7909525509419403,10.2,199.253,0.2514005633114246,-0.352298410066698,1.133333333333333,2.666666666666667,16.14906226353003,10.04230762116589,2.067321754576295,-2.053072525946572,2.175139402820708,-2.222488413552783,6.064461984258565,0.0957254690770858,2.284443904400608,2.55515457436636,485.3648644740234,-1.83,3627.696920188166,4.131927557539832,1.837913377290164,5.316788604006331,0.0,0.0,0.0,5.907179729351506,0.0,4.794537184071822,0.0,0.0,0.0,36.39820241076966,23.76255269708182,12.10820789760957,0.0,4.794537184071822,16.6796281582811,0.0,5.316788604006331,0.0,6.923737199690624,6.544756405912575,48.02802097092827,0.0,5.316788604006331,0.0,0.0,0.0,12.45193613526408,0.0,17.28172587545944,42.46456947923127,0.0,10.77244842892959,29.1,0.0,4.794537184071822,5.907179729351506,6.544756405912575,16.33589992062659,0.0,0.0,49.38830667892189,5.316788604006331,0.0,0.0,0.0,11.74755007558579,4.918910619803476,0.7453240740740743,-0.0052777777777777,13.68567058767951,0.0,2.574489087301587,0.0,0.1538461538461538,1.0,2.0,1.0,0.0,1.0,1.0,2.0,2.0,2.589500000000001,0.0,0.0,0.0,0.0,0.0,0.0,1.0,1.0,0.0,1.0,0.0,0.0,0.0,0.0,0.0,0.0,0.0,0.0,0.0,0.0,0.0,0.0,0.0,0.0,0.0,0.0,0.0,0.0,3.639908313751221,-0.5721558332443237,5.553109645843506,pca,False,train,In-Domain,
NCNC(=O)c1cccnc1,6.670500000000001,11.01356481481482,0.146555177626606,-0.1938888888888885,0.5714377413335173,9.181818181818182,151.169,0.2533320705613794,-0.3396544774291472,1.727272727272727,3.090909090909091,16.14927542608844,10.2604348108613,2.003646383563672,-1.986159374146752,1.929112676109724,-2.287623322333462,5.931715164155463,0.0954207101528226,2.066172828612932,2.6930079504145,234.7008189726477,-1.42,380.1758004647795,3.676279989619408,2.014371346583059,11.05045608116852,0.0,0.0,0.0,5.907179729351506,0.0,9.77851570501903,0.0,0.0,0.0,0.0,12.13273413692322,12.39368714322615,12.23214268059614,4.794537184071822,5.907179729351506,0.0,10.30076712495354,5.733667477162185,0.0,6.668691188899143,30.08987277184637,0.0,11.05045608116852,0.0,0.0,0.0,17.55984943919785,0.0,10.35798867576882,24.52642128014937,0.0,0.0,68.00999999999999,0.0,4.794537184071822,12.57587091825065,5.563451491696996,0.0,6.196843571613076,18.3295777085363,0.0,10.30076712495354,5.733667477162185,0.0,0.0,14.79991591080877,2.460648148148148,5.640298563869993,-0.1938888888888885,3.378396636432351,3.101407785336357,0.146555177626606,0.0,0.1428571428571428,3.0,4.0,1.0,1.0,3.0,2.0,4.0,2.0,-0.2724000000000006,0.0,0.0,0.0,0.0,0.0,0.0,1.0,1.0,1.0,1.0,0.0,0.0,0.0,0.0,0.0,0.0,0.0,0.0,0.0,0.0,0.0,0.0,0.0,0.0,0.0,0.0,0.0,0.0,-0.07186771184206009,1.626916408538818,8.557432174682617,pca,False,train,In-Domain,
NC(=O)Cc1ccccn1,7.31,10.35092970521542,0.2230555555555553,-0.3484259259259257,0.6269041825106134,9.2,136.154,0.2229355066087354,-0.3693397171112319,1.6,2.9,16.14608217749623,10.2550689947636,1.954396720706745,-1.92031061628927,1.918502063843853,-2.13686008784614,5.754838228581026,-0.1169450164828573,1.881014057849052,2.674241602295127,220.3075329961489,-1.38,195.6254620163014,2.960887569557492,1.853879862817907,5.733667477162185,0.0,0.0,5.907179729351506,0.0,0.0,9.77851570501903,0.0,0.0,0.0,6.06636706846161,12.13273413692322,11.89077156646154,6.42082162292601,4.794537184071822,5.907179729351506,0.0,4.983978520947209,5.733667477162185,6.42082162292601,0.0,30.08987277184637,0.0,5.733667477162185,0.0,0.0,0.0,10.89115825029871,11.21535880699783,5.693927994848461,24.39594477699791,0.0,0.0,55.98,0.0,4.794537184071822,12.32800135227751,0.0,5.693927994848461,0.0,18.3295777085363,6.06636706846161,4.983978520947209,5.733667477162185,0.0,0.0,14.26898526077098,0.0,5.663131141345427,-0.3484259259259257,5.389411375661376,1.860231481481481,0.0,0.0,0.1428571428571428,2.0,3.0,1.0,1.0,2.0,1.0,3.0,2.0,0.1093999999999997,0.0,0.0,0.0,0.0,0.0,0.0,1.0,1.0,1.0,0.0,0.0,0.0,0.0,0.0,0.0,0.0,0.0,0.0,0.0,0.0,0.0,0.0,0.0,1.0,0.0,0.0,0.0,0.0,0.028046615421772,1.390110611915588,8.81193733215332,pca,False,train,In-Domain,
N#COCCc1cccnc1,6.3665,8.056421170319979,0.4327314814814815,0.4327314814814815,0.4763336974729879,8.636363636363637,148.165,0.2858102389038788,-0.4271587946021877,1.636363636363636,3.181818181818182,16.46785463421389,10.21053937043226,1.898929691945038,-1.955530769208216,1.956138197502313,-1.931802970417942,5.077320155530289,0.2743447997452897,2.070366610359243,2.346264661018707,240.0190127348569,-1.56,414.0733220718486,4.286346941471793,2.674620274830065,4.736862953800049,6.606881964512918,0.0,0.0,6.255281654379183,0.0,4.983978520947209,0.0,5.261891554738487,0.0,6.06636706846161,11.62981856015861,18.81450876615216,0.0,4.736862953800049,0.0,5.261891554738487,4.983978520947209,0.0,6.42082162292601,6.606881964512918,30.08987277184637,6.255281654379183,0.0,0.0,0.0,0.0,11.59086048546013,11.15768457672606,5.563451491696996,24.52642128014937,0.0,0.0,45.91,0.0,0.0,0.0,6.606881964512918,11.984273114623,0.0,18.64896879760533,12.13273413692322,9.720841474747257,5.261891554738487,4.515195578231292,0.0,3.924949452003023,8.056421170319979,1.08587962962963,0.0,3.814922524565382,5.836566830435878,0.4327314814814815,0.0,0.25,0.0,3.0,0.0,1.0,3.0,0.0,3.0,3.0,1.12178,0.0,0.0,0.0,0.0,0.0,0.0,0.0,0.0,2.0,0.0,0.0,0.0,0.0,0.0,0.0,0.0,0.0,1.0,0.0,0.0,0.0,0.0,0.0,0.0,0.0,0.0,0.0,0.0,8.77340316772461,0.5976257920265198,0.5328373908996582,pca,False,train,In-Domain,
CCCCOc1ccccc1,8.6765,5.446388888888889,0.8338425925925926,0.8338425925925926,0.5995383104300366,9.545454545454543,150.221,0.1187851854213909,-0.4936020171055252,1.181818181818182,2.545454545454545,16.47668043747261,10.31845678118322,1.878788751153172,-2.026224571135856,2.078381522587835,-1.94818635625288,5.202078236558637,0.3091698847643414,2.070366610359243,2.275801287367509,181.32408233692,-0.98,414.0733220718486,4.777405278638739,3.076605601867104,4.736862953800049,5.749511833283905,0.0,0.0,0.0,0.0,0.0,0.0,0.0,0.0,31.54366002800146,18.55355575984923,0.0,6.606881964512918,4.736862953800049,0.0,0.0,0.0,0.0,19.76538044554264,6.606881964512918,30.33183534230805,5.749511833283905,4.736862953800049,0.0,5.749511833283905,0.0,6.606881964512918,0.0,19.76538044554264,30.33183534230805,0.0,0.0,9.23,0.0,0.0,0.0,0.0,18.77721542072284,6.42082162292601,0.0,30.33183534230805,6.923737199690624,4.736862953800049,5.446388888888889,0.0,0.0,0.0,0.0,0.973101851851852,9.931109930083144,2.321158588435374,2.994907407407408,0.0,0.4,0.0,1.0,0.0,0.0,1.0,0.0,1.0,4.0,2.865500000000002,0.0,0.0,0.0,0.0,0.0,0.0,0.0,0.0,0.0,0.0,0.0,0.0,0.0,0.0,0.0,0.0,0.0,1.0,0.0,0.0,0.0,0.0,1.0,0.0,0.0,0.0,1.0,0.0,-1.257354259490967,-0.8756371140480042,0.6888566017150879,pca,False,train,In-Domain,
NCCNCc1ccccc1,8.816500000000001,5.330166603678508,0.7012237811791383,0.7012237811791383,0.6210413461036821,9.909090909090908,150.225,0.0205533263639061,-0.3292079101030942,1.181818181818182,2.545454545454545,14.86510110385145,10.20475624872936,1.869684942560624,-2.008562117823104,1.955704887430972,-2.212021155464231,5.135605939407764,0.6947686018762005,2.070366610359243,2.275801287367509,184.0140382728128,-0.8600000000000001,414.0733220718486,4.880053956660618,3.161587790983284,11.05045608116852,0.0,0.0,0.0,0.0,0.0,0.0,0.0,0.0,0.0,30.33183534230805,5.563451491696996,19.63426921773772,0.0,0.0,0.0,0.0,5.316788604006331,5.733667477162185,6.544756405912575,13.08951281182515,35.89528683400505,0.0,11.05045608116852,0.0,0.0,0.0,13.08951281182515,6.544756405912575,5.563451491696996,30.33183534230805,0.0,0.0,38.05,0.0,0.0,0.0,6.544756405912575,13.08951281182515,5.563451491696996,0.0,18.19910120538483,17.44952274092955,5.733667477162185,0.0,0.0,0.0,3.226342592592593,6.636601788863693,0.0,10.3039525856639,0.0,2.499769699546485,0.0,0.3333333333333333,3.0,2.0,0.0,0.0,2.0,2.0,2.0,4.0,0.7348999999999992,0.0,0.0,0.0,0.0,0.0,0.0,0.0,0.0,0.0,1.0,0.0,0.0,0.0,0.0,0.0,0.0,0.0,0.0,0.0,0.0,0.0,0.0,0.0,0.0,0.0,0.0,0.0,0.0,-4.893083572387695,1.853847622871399,3.610544443130493,pca,False,train,In-Domain,
CNCCCc1cccc2ccccc12,7.914,3.186006786974049,1.086528958805744,1.086528958805744,0.746364943498272,10.73333333333333,199.297,-0.0048749738405665,-0.3197404096969018,1.0,2.666666666666667,14.79239773140856,10.00972692411431,1.984266186892684,-2.054661422635837,2.188203598242583,-2.078859790674042,5.850928161453491,0.7266237550333201,2.29714457333829,2.259783288350702,428.7916756115609,-1.34,3997.031557608625,4.943192550394089,2.365712532288269,5.316788604006331,0.0,0.0,0.0,0.0,0.0,0.0,0.0,0.0,0.0,42.46456947923127,42.76997155506837,0.0,0.0,0.0,10.77244842892959,0.0,5.316788604006331,0.0,12.84164324585202,13.59242838858976,48.02802097092827,0.0,5.316788604006331,0.0,0.0,0.0,13.59242838858976,6.42082162292601,11.984273114623,42.46456947923127,0.0,10.77244842892959,12.03,0.0,0.0,0.0,0.0,12.96557802883859,22.7567215435526,0.0,7.04767198267719,47.7813580832376,0.0,0.0,0.0,0.0,5.9318963372386,1.461435185185185,0.0,15.16319365709246,2.353869992441421,1.086528958805744,2.003075869236584,0.2857142857142857,1.0,1.0,0.0,0.0,1.0,1.0,1.0,4.0,2.991800000000001,0.0,0.0,0.0,0.0,0.0,0.0,0.0,0.0,0.0,1.0,0.0,0.0,0.0,0.0,0.0,1.0,0.0,0.0,0.0,0.0,0.0,0.0,0.0,0.0,0.0,0.0,0.0,0.0,-4.93580150604248,1.395120978355408,4.066136837005615,pca,False,train,In-Domain,
NOC(=O)c1ccccc1,6.859500000000001,10.6662037037037,0.4629629629629634,-0.5133333333333334,0.5799435292334403,8.9,137.138,0.3560930051057468,-0.3696341232501397,1.3,2.4,16.65258963432076,10.21478832546432,2.010686634221136,-1.938742404685885,1.975999342905,-2.088940880406206,5.884335314298327,0.0503210311394995,2.048167390601267,2.852627928819143,220.3075329961489,-1.35,237.587417309747,2.982672088871256,1.326592354200191,4.837588583736633,0.0,0.0,0.0,0.0,5.969305287951849,0.0,4.794537184071822,5.896975471277056,0.0,18.19910120538483,12.13273413692322,0.0,5.563451491696996,9.632125767808455,5.969305287951849,0.0,0.0,5.896975471277056,0.0,0.0,35.89528683400505,0.0,5.896975471277056,0.0,0.0,0.0,5.969305287951849,4.837588583736633,10.35798867576882,30.33183534230805,0.0,0.0,52.32,5.969305287951849,4.794537184071822,0.0,5.563451491696996,0.0,0.0,24.26546827384644,6.06636706846161,10.73456405501369,0.0,0.0,0.0,14.66351851851852,0.0,0.4629629629629634,4.141186696900983,8.565665154950869,0.0,0.0,0.0,0.0,2.0,3.0,0.0,0.0,3.0,1.0,3.0,1.0,0.7171000000000001,0.0,0.0,0.0,0.0,0.0,0.0,1.0,1.0,0.0,0.0,0.0,0.0,0.0,0.0,0.0,0.0,0.0,0.0,0.0,0.0,0.0,0.0,0.0,0.0,0.0,0.0,0.0,0.0,11.07904624938965,-3.333408832550049,-0.4812572598457336,pca,False,train,In-Domain,
NC(=O)NCc1cccnc1,8.808499999999999,10.26332624716553,0.4337037037037037,-0.5195804988662125,0.635752685030242,9.090909090909092,151.169,0.3119422384410634,-0.3516607653768497,1.727272727272727,3.090909090909091,16.15811871112015,10.27642429951732,1.918140730893824,-1.987272704219147,1.925285297665489,-2.280688674824898,5.709913829841886,0.2483262219430498,2.029238942059196,2.453018743531937,234.7008189726477,-1.58,349.0290980341817,3.554575099450682,2.661031035974003,11.05045608116852,0.0,0.0,0.0,0.0,6.031114512338072,4.983978520947209,4.794537184071822,0.0,0.0,6.06636706846161,11.62981856015861,18.93844354913873,0.0,4.794537184071822,6.031114512338072,0.0,10.30076712495354,5.733667477162185,6.544756405912575,0.0,30.08987277184637,0.0,11.05045608116852,4.794537184071822,0.0,0.0,11.01509303328528,6.544756405912575,5.563451491696996,24.52642128014937,0.0,0.0,68.01,6.031114512338072,4.794537184071822,0.0,6.544756405912575,5.563451491696996,0.0,18.46005421168776,6.06636706846161,10.30076712495354,5.733667477162185,0.0,0.0,14.1338317271353,2.460648148148148,5.806224489795918,0.0,3.148025321239608,3.350899943310658,0.4337037037037037,0.0,0.1428571428571428,3.0,4.0,2.0,1.0,2.0,2.0,4.0,2.0,0.2498999999999996,0.0,0.0,0.0,0.0,0.0,0.0,1.0,1.0,1.0,1.0,0.0,0.0,0.0,0.0,0.0,0.0,0.0,0.0,0.0,0.0,0.0,0.0,0.0,1.0,0.0,0.0,0.0,1.0,0.8720719218254089,-4.409481525421143,-0.2328953295946121,pca,False,train,In-Domain,
COOC(=O)c1ccccn1,10.237,10.8349537037037,0.23087962962963,-0.5897222222222223,0.4654161942934162,9.181818181818182,153.137,0.3907238015850177,-0.2913303359182786,1.545454545454545,2.909090909090909,17.20556853217627,10.35594170109417,2.060909657010094,-1.95887625417064,1.950481492532126,-2.049376705473468,5.860141021464883,-0.2159907151493759,2.066172828612932,2.6930079504145,234.7008189726477,-1.42,380.1758004647795,3.676279989619408,2.014371346583059,0.0,0.0,5.693927994848461,0.0,0.0,5.969305287951849,4.887570953256112,9.77851570501903,4.887570953256112,0.0,6.06636706846161,12.13273413692322,6.196843571613076,7.109797541277533,14.56967909058405,5.969305287951849,0.0,4.983978520947209,0.0,0.0,7.109797541277533,30.08987277184637,0.0,0.0,0.0,0.0,0.0,18.06308135017659,9.775141906512223,10.48846517892028,24.39594477699791,0.0,0.0,48.42,5.969305287951849,4.794537184071822,5.693927994848461,0.0,0.0,13.30664111289061,18.19910120538483,0.0,14.75912042745943,0.0,0.0,0.0,22.972649281935,0.0,0.23087962962963,-0.5897222222222223,4.948600718065004,1.506203703703703,0.0,1.264722222222222,0.1428571428571428,0.0,4.0,0.0,1.0,4.0,0.0,4.0,2.0,0.7997999999999998,0.0,0.0,0.0,0.0,0.0,0.0,1.0,1.0,1.0,0.0,0.0,0.0,0.0,0.0,0.0,0.0,0.0,0.0,0.0,0.0,0.0,0.0,0.0,0.0,0.0,0.0,0.0,0.0,-2.677202939987183,-1.869359135627747,2.32071590423584,pca,False,train,In-Domain,
NCCOCCc1ccccn1,9.834,5.267348985890653,0.585533982111363,0.585533982111363,0.6514883177230298,10.08333333333333,166.224,0.0588383078107178,-0.3797357750821704,1.333333333333333,2.916666666666667,16.47343385833717,10.27262830675706,1.911875147744112,-2.0043996888801,1.937021721738832,-2.09838262913661,5.026974984366742,0.1438889290815406,2.144015907892219,2.157795777203053,200.9433257431358,-0.9300000000000002,694.6611541570788,5.686296541371138,3.457826364891769,10.47053043096224,0.0,0.0,0.0,0.0,0.0,4.983978520947209,0.0,0.0,0.0,6.06636706846161,12.13273413692322,24.85634959530012,13.21376392902584,4.736862953800049,0.0,0.0,4.983978520947209,5.733667477162185,6.42082162292601,19.75852033493841,30.08987277184637,0.0,5.733667477162185,0.0,0.0,0.0,24.74249885588561,11.15768457672606,5.693927994848461,24.39594477699791,0.0,0.0,48.14,0.0,0.0,0.0,19.75852033493841,12.11474961777447,0.0,6.196843571613076,18.19910120538483,4.983978520947209,10.47053043096224,5.22172335600907,0.0,4.165126133786848,0.0,6.331720679012346,0.0,5.876300547996976,2.651890038422777,1.91990591143865,0.0,0.4444444444444444,2.0,3.0,0.0,1.0,3.0,1.0,3.0,5.0,0.5993999999999995,0.0,0.0,0.0,0.0,0.0,0.0,0.0,0.0,1.0,0.0,0.0,0.0,0.0,0.0,0.0,0.0,0.0,1.0,0.0,0.0,0.0,0.0,0.0,0.0,0.0,0.0,0.0,0.0,-2.899982213973999,-2.266329526901245,3.004152059555054,pca,False,train,In-Domain,
OSc1cccc2ccccc12,7.166,8.952280801209373,0.7982870370370372,0.7982870370370372,0.6717984654417076,10.41666666666667,176.24,0.0428713600699615,-0.3254530289251669,0.9166666666666666,2.5,32.17857028482874,10.12783092098245,1.970872124889231,-1.999447076571842,2.245967980607976,-1.743700510173764,7.935822896396613,0.6644060450686994,2.16854290746428,2.790967029739265,392.4656418352572,-0.99,902.1138495051404,3.170304634712611,1.193300267669831,4.552749873690364,0.0,0.0,0.0,0.0,0.0,0.0,0.0,0.0,0.0,36.39820241076966,16.8388154973912,16.93824214752494,0.0,4.552749873690364,22.81520710093676,0.0,0.0,0.0,4.895483475517775,0.0,42.46456947923127,0.0,0.0,0.0,0.0,12.04275867200717,4.552749873690364,0.0,0.0,47.36005295474904,0.0,10.77244842892959,20.23,0.0,0.0,0.0,0.0,27.71069057645453,0.0,0.0,42.46456947923127,0.0,4.552749873690364,8.952280801209373,0.7982870370370372,0.910277777777778,2.267638888888889,0.0,0.0,13.90484882842026,0.0,0.0,0.0,0.0,1.0,1.0,0.0,0.0,2.0,1.0,2.0,1.0,3.404900000000001,0.0,0.0,0.0,0.0,0.0,0.0,0.0,0.0,0.0,0.0,0.0,0.0,0.0,0.0,0.0,0.0,0.0,0.0,0.0,0.0,0.0,0.0,0.0,0.0,0.0,0.0,0.0,0.0,8.755413055419922,-3.185029745101929,-0.7704986929893494,pca,False,train,In-Domain,
COC(=O)c1ccccn1,10.401,10.7287037037037,0.3379629629629632,-0.4022222222222222,0.5388895828087217,8.9,137.138,0.356136892533374,-0.4642899248571467,1.6,2.9,16.52383278094857,10.35356277382965,2.022633949686829,-1.93865994509488,1.934107029385839,-2.020526945685006,5.863500312233176,0.0593824797568981,2.048167390601267,2.852627928819143,220.3075329961489,-1.38,237.587417309747,2.960887569557492,1.312840333432958,4.736862953800049,5.693927994848461,0.0,0.0,0.0,5.969305287951849,0.0,9.77851570501903,0.0,0.0,6.06636706846161,12.13273413692322,6.196843571613076,7.109797541277533,9.53140013787187,5.969305287951849,0.0,4.983978520947209,0.0,0.0,7.109797541277533,30.08987277184637,0.0,0.0,0.0,0.0,0.0,18.06308135017659,4.736862953800049,10.48846517892028,24.39594477699791,0.0,0.0,39.19,5.969305287951849,4.794537184071822,0.0,5.693927994848461,0.0,7.109797541277533,24.39594477699791,0.0,9.720841474747257,0.0,4.434814814814814,0.0,14.50365740740741,0.0,0.3379629629629632,-0.4022222222222222,5.08087962962963,1.54787037037037,0.0,1.33037037037037,0.1428571428571428,0.0,3.0,0.0,1.0,3.0,0.0,3.0,1.0,0.8681999999999999,0.0,0.0,0.0,0.0,0.0,0.0,1.0,1.0,1.0,0.0,0.0,0.0,0.0,0.0,0.0,0.0,1.0,1.0,0.0,0.0,0.0,1.0,0.0,0.0,0.0,0.0,0.0,0.0,-1.308382630348206,-4.521600246429443,-0.650471031665802,pca,False,train,In-Domain,
NCCCc1cccc2ccccc12,4.584,5.520424540186445,0.7670845143613001,0.7670845143613001,0.7813798552306374,10.64285714285714,185.27,-0.0074101345761393,-0.330461789458194,0.9285714285714286,2.571428571428572,14.50989142725785,10.01043572564001,1.9794506067238,-2.044832598222184,2.187349175911163,-2.000008033620099,5.850911282617705,0.8370188559987226,2.261019386051472,2.429747226129962,415.0100062685839,-1.34,2437.378898163487,4.248460270697676,1.776977696859354,5.733667477162185,0.0,0.0,0.0,0.0,0.0,0.0,0.0,0.0,0.0,42.46456947923127,35.72229957239118,0.0,0.0,0.0,10.77244842892959,0.0,0.0,5.733667477162185,12.84164324585202,6.544756405912575,48.02802097092827,0.0,5.733667477162185,0.0,0.0,0.0,6.544756405912575,6.42082162292601,11.984273114623,42.46456947923127,0.0,10.77244842892959,26.02,0.0,0.0,0.0,0.0,19.3863996517646,16.33589992062659,0.0,0.0,42.46456947923127,5.733667477162185,0.0,0.0,0.0,2.685621693121694,6.93111898463089,0.0,14.97147148211136,2.144703325774754,0.7670845143613001,0.0,0.2307692307692307,2.0,1.0,0.0,0.0,1.0,1.0,1.0,3.0,2.731100000000001,0.0,0.0,0.0,0.0,0.0,0.0,0.0,0.0,0.0,0.0,0.0,0.0,0.0,0.0,0.0,1.0,0.0,0.0,0.0,0.0,0.0,0.0,0.0,0.0,0.0,0.0,0.0,0.0,-5.167655944824219,-2.160667896270752,2.396751403808594,pca,False,train,In-Domain,
ONCc1cccc2ccccc12,5.612,8.629157218442932,0.4874537037037036,0.4874537037037036,0.6829156838106996,10.53846153846154,173.2149999999999,0.0463724142055262,-0.3164898768330011,1.0,2.615384615384615,16.45240020570229,10.05124696194015,1.971457447426798,-2.036363797354201,2.17246503735722,-2.056269109734334,5.850364868762417,0.1614416462841604,2.189827491530279,2.613871190454566,406.255515685913,-1.38,1449.665799393045,3.558054712038473,1.542246691385995,5.20725302477729,0.0,0.0,0.0,0.0,0.0,0.0,5.480096598121202,0.0,0.0,42.46456947923127,16.33589992062659,6.544756405912575,0.0,5.20725302477729,10.77244842892959,0.0,5.480096598121202,0.0,6.544756405912575,0.0,48.02802097092827,0.0,5.480096598121202,0.0,0.0,0.0,5.20725302477729,6.544756405912575,5.563451491696996,42.46456947923127,0.0,10.77244842892959,32.26,0.0,0.0,0.0,6.544756405912575,5.563451491696996,10.77244842892959,0.0,24.26546827384644,23.67919780350603,5.20725302477729,0.0,0.0,0.0,11.01971277399849,3.287796674225246,0.0,14.20503684807256,0.0,0.4874537037037036,0.0,0.0909090909090909,2.0,2.0,0.0,0.0,2.0,2.0,2.0,2.0,2.3186,0.0,0.0,0.0,0.0,0.0,0.0,0.0,0.0,0.0,1.0,1.0,0.0,0.0,0.0,0.0,0.0,0.0,0.0,0.0,0.0,0.0,0.0,0.0,0.0,0.0,0.0,0.0,0.0,-5.153056621551514,-2.263579845428467,2.669766187667847,pca,False,train,In-Domain,
NCCNc1ccccc1,9.0385,5.313854875283447,0.6754903628117914,0.6754903628117914,0.651627770764865,9.3,136.198,0.0340082690916564,-0.383777612468443,1.2,2.5,14.87526215981029,10.30218362968262,1.837901391430954,-2.013235026689516,2.023345496890192,-2.122197452002232,5.416698309802262,1.024459651745775,2.029573889867405,2.426522346587954,171.872282370036,-1.02,251.6671623435582,3.903486251059233,2.070394524238473,11.05045608116852,0.0,0.0,0.0,0.0,0.0,0.0,0.0,0.0,0.0,18.19910120538483,12.13273413692322,18.77689908650872,0.0,0.0,5.687386274683562,0.0,0.0,5.733667477162185,0.0,18.40630141583148,30.33183534230805,0.0,11.05045608116852,5.687386274683562,0.0,0.0,13.08951281182515,0.0,0.0,30.33183534230805,0.0,0.0,38.05,0.0,0.0,0.0,6.544756405912575,12.23214268059614,0.0,0.0,30.33183534230805,5.316788604006331,5.733667477162185,0.0,0.0,0.0,3.169305555555556,6.446215986394558,0.0,10.03833994708995,0.0,1.512805177626606,0.0,0.25,3.0,2.0,0.0,0.0,2.0,2.0,2.0,3.0,1.0572,0.0,0.0,0.0,0.0,0.0,0.0,0.0,0.0,0.0,1.0,0.0,0.0,0.0,0.0,1.0,0.0,0.0,0.0,0.0,0.0,0.0,0.0,1.0,0.0,0.0,0.0,0.0,0.0,9.654194831848145,6.033371448516846,-1.029554724693298,pca,False,train,In-Domain,
N#CSc1ccccc1,6.958500000000001,8.232651171579743,1.0,1.0,0.4353457790471727,8.333333333333334,135.191,0.1380796165465432,-0.1847791380862998,1.222222222222222,2.444444444444445,32.16645510355175,10.37087716113654,1.849705792152235,-1.864075022289832,2.134119035490262,-1.621831275232607,8.033142329056489,1.468567936343128,1.910086008859914,2.756899621214729,212.1078020559291,-0.94,145.1665366733534,3.158592167010219,1.786116462260236,0.0,5.401253296613055,0.0,0.0,0.0,0.0,0.0,0.0,5.261891554738487,0.0,18.19910120538483,23.89461908631434,4.895483475517775,0.0,0.0,11.76188494939112,5.261891554738487,0.0,0.0,4.895483475517775,0.0,30.33183534230805,5.401253296613055,0.0,0.0,0.0,11.76188494939112,0.0,0.0,0.0,35.22731881782583,0.0,0.0,23.79,0.0,0.0,0.0,0.0,4.895483475517775,11.76188494939112,0.0,35.7330886389211,0.0,5.261891554738487,0.0,1.180833333333333,1.0,10.23329931972789,0.0,0.0,9.585867346938777,0.0,0.0,0.0,0.0,0.0,1.0,0.0,0.0,2.0,0.0,2.0,1.0,2.25978,0.0,0.0,0.0,0.0,0.0,0.0,0.0,0.0,1.0,0.0,0.0,0.0,0.0,0.0,0.0,0.0,0.0,0.0,0.0,0.0,0.0,0.0,0.0,0.0,1.0,1.0,0.0,0.0,-0.5667508840560913,4.756018161773682,-0.9822592735290527,pca,False,train,In-Domain,
CCNC(=O)c1ccccn1,6.808,11.07106481481482,0.1174999999999997,-0.1174999999999997,0.678104826787159,9.181818181818182,150.181,0.2693629798504184,-0.3509800523123247,1.636363636363636,3.0,16.14959595866444,10.32324979613287,2.013267983354839,-1.981087109473862,1.909145779737145,-2.2287402588212,5.915226993267442,0.095065101821932,2.066172828612932,2.6930079504145,233.1071909292144,-1.38,380.1758004647795,3.706849487944401,2.03642785831495,5.316788604006331,5.693927994848461,0.0,0.0,5.907179729351506,0.0,9.77851570501903,0.0,0.0,0.0,6.06636706846161,19.05647133661384,12.74159997752565,0.0,4.794537184071822,5.907179729351506,0.0,10.30076712495354,0.0,6.923737199690624,6.544756405912575,30.08987277184637,0.0,5.316788604006331,0.0,0.0,0.0,17.43591465621129,0.0,17.41220237861091,24.39594477699791,0.0,0.0,41.99,0.0,4.794537184071822,5.907179729351506,12.23868440076104,0.0,0.0,24.39594477699791,6.923737199690624,10.30076712495354,0.0,0.0,0.0,14.9562962962963,2.66037037037037,0.466990740740741,-0.1174999999999997,5.25525037792895,1.601759259259259,2.510166288737717,0.0,0.25,1.0,3.0,1.0,1.0,2.0,1.0,3.0,2.0,0.8313000000000001,0.0,0.0,0.0,0.0,0.0,0.0,1.0,1.0,1.0,1.0,0.0,0.0,0.0,0.0,0.0,0.0,0.0,0.0,0.0,0.0,0.0,0.0,0.0,0.0,0.0,0.0,0.0,0.0,-4.076241016387939,6.866440773010254,1.625928401947021,pca,False,train,In-Domain,
NCOc1ccccc1,5.3055,5.138316326530612,0.2400925925925925,0.2400925925925925,0.5948197582190105,9.0,123.155,0.1365968329923837,-0.4786101568022761,1.222222222222222,2.444444444444445,16.48540467969102,10.3409317063518,1.834042609141232,-1.984788753698714,2.057380967703145,-2.062282431311642,5.201127323441882,0.3294742687587042,1.910086008859914,2.61489994009295,161.8269363112177,-1.02,145.1665366733534,3.095316888309086,1.738013020028032,4.736862953800049,12.48032858078339,0.0,0.0,0.0,0.0,5.733667477162185,0.0,0.0,0.0,18.19910120538483,12.13273413692322,0.0,0.0,4.736862953800049,0.0,0.0,0.0,5.733667477162185,0.0,6.730816747499484,30.33183534230805,5.749511833283905,10.47053043096224,0.0,5.749511833283905,0.0,6.730816747499484,0.0,0.0,30.33183534230805,0.0,0.0,35.25,0.0,0.0,6.730816747499484,0.0,5.749511833283905,0.0,0.0,30.33183534230805,0.0,10.47053043096224,4.983611111111111,0.0,0.0,0.0,5.138316326530612,0.8194444444444446,9.485202191987906,0.0,0.2400925925925925,0.0,0.1428571428571428,2.0,2.0,0.0,0.0,2.0,1.0,2.0,2.0,0.9816,0.0,0.0,0.0,0.0,0.0,0.0,0.0,0.0,0.0,0.0,0.0,0.0,0.0,0.0,0.0,0.0,0.0,1.0,0.0,0.0,0.0,0.0,1.0,0.0,0.0,0.0,0.0,0.0,-4.10689115524292,6.725439071655273,2.190941572189331,pca,False,train,In-Domain,
CCCc1ccccn1,4.629,4.168472222222222,1.098055555555556,1.098055555555556,0.5830706123148218,9.444444444444445,121.183,0.0403004438714013,-0.2613167470016399,1.444444444444444,2.888888888888889,14.65167024780105,10.22201802525608,1.857537772730309,-1.921925839049821,1.954056940840988,-1.844293636951092,5.024043113869165,0.8825219975998647,1.910086008859914,2.61489994009295,157.4784207656209,-0.8500000000000001,145.1665366733534,3.23008599838753,1.840722900337305,0.0,0.0,0.0,0.0,0.0,0.0,4.983978520947209,0.0,0.0,0.0,19.41092589107824,18.55355575984923,11.89077156646154,0.0,0.0,0.0,0.0,4.983978520947209,0.0,19.76538044554264,0.0,30.08987277184637,0.0,0.0,0.0,0.0,0.0,4.983978520947209,6.42082162292601,19.03848681746509,24.39594477699791,0.0,0.0,12.89,0.0,0.0,0.0,0.0,6.42082162292601,12.11474961777447,0.0,18.3295777085363,17.97408278909944,0.0,0.0,0.0,4.168472222222222,0.0,1.194444444444445,0.0,6.028425925925926,4.113935185185185,2.161388888888889,0.0,0.375,0.0,1.0,0.0,1.0,1.0,0.0,1.0,2.0,2.0341,0.0,0.0,0.0,0.0,0.0,0.0,0.0,0.0,1.0,0.0,0.0,0.0,0.0,0.0,0.0,1.0,0.0,0.0,0.0,0.0,0.0,0.0,0.0,0.0,0.0,0.0,0.0,0.0,9.599666595458984,-0.7721730470657349,1.140612602233887,pca,False,train,In-Domain,
O=C(O)c1ccccc1,6.9415,10.20092592592593,0.331018518518519,-0.8790740740740743,0.6106035394285075,8.88888888888889,122.123,0.3351782346710392,-0.4776392505801173,1.222222222222222,2.111111111111111,16.36552806487446,10.21585779679088,1.960773902753576,-1.876559697753284,1.955382989934361,-1.930628590955645,5.868348678084365,0.0696667405950105,1.900372627989795,2.981454614041131,203.415952604261,-1.31,129.2253387033061,2.306763635550358,1.287705031935811,5.106527394840706,0.0,0.0,0.0,0.0,5.969305287951849,0.0,4.794537184071822,0.0,0.0,18.19910120538483,12.13273413692322,0.0,5.563451491696996,9.901064578912528,5.969305287951849,0.0,0.0,0.0,0.0,0.0,35.89528683400505,0.0,0.0,0.0,0.0,0.0,11.07583268279256,0.0,10.35798867576882,30.33183534230805,0.0,0.0,37.3,5.969305287951849,4.794537184071822,0.0,5.563451491696996,0.0,0.0,30.33183534230805,0.0,0.0,5.106527394840706,0.0,0.0,10.20092592592593,8.384814814814815,0.331018518518519,-0.8790740740740743,8.295648148148148,0.0,0.0,0.0,0.0,1.0,2.0,0.0,0.0,1.0,1.0,2.0,1.0,1.3848,0.0,0.0,0.0,1.0,1.0,1.0,1.0,0.0,0.0,0.0,0.0,0.0,0.0,0.0,0.0,0.0,0.0,0.0,0.0,0.0,0.0,0.0,0.0,0.0,0.0,0.0,0.0,0.0,-0.5279048681259155,-1.941590309143066,1.386294841766357,pca,False,train,In-Domain,
COSc1ccccn1,10.459,4.782037037037037,0.8888888888888891,0.8888888888888891,0.5854927066787986,9.444444444444445,141.195,0.1233096152422452,-0.3123845648123705,1.555555555555556,3.0,32.17877445310593,10.51286322217375,1.876518886705008,-1.91799479398106,2.119326822362456,-1.749637136089011,7.941446875137566,0.4879530427850935,1.910086008859914,2.61489994009295,165.968645761294,-0.54,145.1665366733534,3.478736954082842,2.032641292148182,4.183085432649707,5.025959978669241,0.0,0.0,0.0,0.0,0.0,4.983978520947209,0.0,0.0,6.06636706846161,12.13273413692322,18.23960224362024,7.109797541277533,4.183085432649707,12.04275867200717,0.0,4.983978520947209,0.0,5.025959978669241,7.109797541277533,24.39594477699791,0.0,0.0,0.0,0.0,12.04275867200717,12.09377606222474,4.183085432649707,0.0,29.42190475566714,0.0,0.0,22.12,0.0,0.0,0.0,0.0,5.025959978669241,12.04275867200717,13.30664111289061,18.19910120538483,4.983978520947209,4.183085432649707,4.782037037037037,1.264166666666666,4.006435185185185,0.8888888888888891,0.0,0.0,5.696666666666666,1.737453703703704,0.0,1.624351851851852,0.1666666666666666,0.0,2.0,0.0,1.0,3.0,0.0,3.0,2.0,1.7351,0.0,0.0,0.0,0.0,0.0,0.0,0.0,0.0,1.0,0.0,0.0,0.0,0.0,0.0,0.0,0.0,0.0,0.0,0.0,0.0,0.0,0.0,0.0,0.0,0.0,0.0,0.0,0.0,-4.238729000091553,0.0964570939540863,4.334057807922363,pca,False,train,In-Domain,
O=C(O)Sc1cccnc1,6.9915,10.10389266817838,0.6481481481481484,-0.9092592592592588,0.6285902676360291,9.2,155.178,0.3692725107932206,-0.4728588575152184,1.7,3.0,32.16664628781542,10.50755601255706,1.978477594372055,-1.904587144067748,2.149484172904461,-1.821600998114366,8.127648108800914,0.2219476070118387,1.881014057849052,2.674241602295127,224.4492424462252,-1.03,195.6254620163014,3.217441227379884,2.064278005233465,5.106527394840706,0.0,0.0,0.0,0.0,5.301337271772629,4.983978520947209,4.794537184071822,0.0,0.0,0.0,23.89461908631434,17.28917061874393,0.0,9.901064578912528,17.06322222116374,0.0,4.983978520947209,0.0,4.895483475517775,0.0,24.52642128014937,0.0,0.0,4.794537184071822,0.0,11.76188494939112,15.39184318756054,0.0,0.0,29.42190475566714,0.0,0.0,50.19,5.301337271772629,4.794537184071822,0.0,4.895483475517775,11.76188494939112,6.196843571613076,18.3295777085363,0.0,4.983978520947209,5.106527394840706,0.0,0.7525925925925923,14.50560563114135,7.392836356764929,0.0,0.0,3.399861111111111,3.115770975056689,0.0,0.0,0.0,1.0,3.0,0.0,1.0,3.0,1.0,4.0,1.0,1.8517,0.0,0.0,0.0,0.0,0.0,1.0,1.0,0.0,1.0,0.0,0.0,0.0,0.0,0.0,0.0,0.0,0.0,0.0,0.0,0.0,0.0,0.0,0.0,0.0,1.0,0.0,0.0,0.0,-4.25632381439209,0.08257388323545456,4.810872554779053,pca,False,train,In-Domain,
Clc1ccccc1,4.721500000000001,5.53969135802469,0.7939814814814818,0.7939814814814818,0.4833833263681997,8.714285714285714,112.559,0.0405484408941986,-0.0843444765249014,1.0,1.857142857142857,35.49569065632963,10.37221472659284,1.744436982387595,-1.795552967891471,2.029550982777285,-1.548688011932458,6.300461197614409,1.713417820492042,1.685616163320438,3.021465309724086,134.1073696954145,-0.49,47.19725257297226,1.987123267511937,1.203610472321858,0.0,0.0,0.0,0.0,0.0,0.0,0.0,0.0,0.0,0.0,29.80004109561735,12.13273413692322,5.022633313741326,0.0,0.0,11.60093989023252,0.0,0.0,0.0,0.0,0.0,35.35446865604938,0.0,0.0,0.0,0.0,11.60093989023252,0.0,0.0,0.0,30.33183534230805,5.022633313741326,0.0,0.0,0.0,0.0,0.0,0.0,5.022633313741326,0.0,0.0,30.33183534230805,0.0,11.60093989023252,0.0,5.53969135802469,0.0,0.7939814814814818,0.0,0.0,9.444104938271606,0.0,0.0,0.0,0.0,0.0,0.0,0.0,0.0,0.0,0.0,1.0,0.0,2.34,0.0,0.0,0.0,0.0,0.0,0.0,0.0,0.0,0.0,0.0,0.0,0.0,0.0,0.0,0.0,0.0,0.0,0.0,1.0,0.0,0.0,0.0,0.0,0.0,0.0,0.0,0.0,0.0,7.196744441986084,-0.8816972374916077,-1.702045798301697,pca,False,train,In-Domain,
Sc1cccc2ccccc12,7.33,4.350370370370371,1.044537037037037,1.044537037037037,0.5622888666728298,10.27272727272727,160.241,0.0118552172023343,-0.1427831982431516,0.8181818181818182,2.363636363636364,32.1169108343205,10.12786495397571,1.923334423554824,-1.976592860491122,2.20000684815058,-1.71395708279702,7.801542167981766,1.560712945531531,2.055950140473121,2.91316116360486,374.0344903986784,-0.95,505.7637345563877,2.589210383991347,1.118917481856456,0.0,0.0,0.0,0.0,0.0,0.0,0.0,0.0,0.0,12.62878914801299,36.39820241076966,16.8388154973912,4.895483475517775,0.0,0.0,23.40123757694258,0.0,0.0,0.0,4.895483475517775,0.0,42.46456947923127,0.0,0.0,0.0,0.0,12.62878914801299,0.0,0.0,0.0,47.36005295474904,0.0,10.77244842892959,0.0,0.0,0.0,0.0,0.0,4.895483475517775,10.77244842892959,0.0,24.26546827384644,30.82789035339782,0.0,0.0,4.350370370370371,1.044537037037037,2.47067901234568,0.0,0.0,14.35663580246914,0.0,0.0,0.0,0.0,0.0,0.0,0.0,0.0,1.0,1.0,1.0,0.0,3.128500000000002,0.0,0.0,0.0,0.0,0.0,0.0,0.0,0.0,0.0,0.0,0.0,0.0,1.0,0.0,0.0,0.0,0.0,0.0,0.0,0.0,0.0,0.0,0.0,0.0,0.0,0.0,0.0,0.0,-2.928215742111206,-2.349953651428223,-1.728815913200378,pca,False,train,In-Domain,
Cc1cccnc1,4.1295,3.88425925925926,1.210648148148148,1.210648148148148,0.4719983679006757,8.714285714285714,93.129,0.0296530038281348,-0.264459387256486,1.571428571428571,2.714285714285714,14.60479003923942,10.32897016242832,1.726806360152544,-1.816591040872582,1.876841176840586,-1.689657457050466,5.039518347496001,1.269506563776436,1.685616163320438,3.021465309724086,134.1073696954145,-0.85,47.19725257297226,1.734967480072375,0.9995769964301436,0.0,0.0,0.0,0.0,0.0,0.0,4.983978520947209,0.0,0.0,0.0,6.06636706846161,18.55355575984923,12.39368714322615,0.0,0.0,0.0,0.0,4.983978520947209,0.0,6.923737199690624,0.0,30.08987277184637,0.0,0.0,0.0,0.0,0.0,4.983978520947209,0.0,5.563451491696996,24.52642128014937,0.0,0.0,12.89,0.0,0.0,0.0,0.0,0.0,5.563451491696996,6.196843571613076,25.25331490822692,4.983978520947209,0.0,0.0,0.0,3.88425925925926,0.0,1.210648148148148,0.0,3.94675925925926,3.604166666666667,2.020833333333333,0.0,0.1666666666666666,0.0,1.0,0.0,1.0,1.0,0.0,1.0,0.0,1.39002,0.0,0.0,0.0,0.0,0.0,0.0,0.0,0.0,1.0,0.0,0.0,0.0,0.0,0.0,0.0,1.0,0.0,0.0,0.0,0.0,0.0,0.0,0.0,0.0,0.0,0.0,0.0,0.0,-6.418877601623535,-0.004735378548502922,0.9989475607872009,pca,False,train,In-Domain,
COOCCc1ccccc1,9.6635,4.737417800453515,0.6116203703703704,0.6116203703703704,0.3719033469383034,9.909090909090908,152.193,0.0862029819161864,-0.2400821124865503,1.181818181818182,2.545454545454545,17.19629763465332,10.15999743896378,1.893993700791868,-1.987035015728316,1.984698018723619,-1.959845714437157,5.139399532796356,-0.2710012069637911,2.070366610359243,2.275801287367509,184.0140382728128,-0.8600000000000001,414.0733220718486,4.880053956660618,3.161587790983284,0.0,0.0,0.0,0.0,0.0,0.0,0.0,9.775141906512223,0.0,0.0,30.33183534230805,11.984273114623,0.0,13.71667950579045,9.775141906512223,0.0,0.0,0.0,0.0,6.42082162292601,13.71667950579045,35.89528683400505,0.0,0.0,0.0,0.0,0.0,13.71667950579045,16.19596352943823,5.563451491696996,30.33183534230805,0.0,0.0,18.46,0.0,0.0,0.0,6.606881964512918,6.42082162292601,12.67324903297453,0.0,18.19910120538483,17.02030509017933,4.887570953256112,0.0,0.0,9.200968679138322,0.0,1.268101851851852,0.0,10.16963317271353,0.8975,0.6116203703703704,1.518842592592593,0.3333333333333333,0.0,2.0,0.0,0.0,2.0,0.0,2.0,4.0,1.8071,0.0,0.0,0.0,0.0,0.0,0.0,0.0,0.0,0.0,0.0,0.0,0.0,0.0,0.0,0.0,0.0,0.0,0.0,0.0,0.0,0.0,0.0,0.0,0.0,0.0,0.0,0.0,0.0,-6.674210071563721,-0.08837421238422394,1.749366164207458,pca,False,train,In-Domain,
CCNCc1ccccn1,5.698,4.15375,0.8723611111111111,0.8723611111111111,0.6748056904535396,9.7,136.198,0.0541134175236328,-0.3114453610127526,1.5,3.0,14.86895113937406,10.33977502241235,1.869395894285112,-1.977459917473657,1.900793817989513,-2.118597214850943,5.021352069705931,0.7105881926845259,2.029573889867405,2.426522346587954,171.872282370036,-0.8900000000000001,251.6671623435582,4.011046940626403,2.15042303420261,5.316788604006331,0.0,0.0,0.0,0.0,0.0,4.983978520947209,0.0,0.0,0.0,12.99010426815223,18.67749054283579,12.74159997752565,5.693927994848461,0.0,0.0,0.0,10.30076712495354,0.0,13.4684936056032,6.544756405912575,30.08987277184637,0.0,5.316788604006331,0.0,0.0,0.0,11.52873492685978,6.544756405912575,12.61766519453909,24.39594477699791,0.0,0.0,24.92,0.0,0.0,0.0,0.0,18.78344080667361,0.0,0.0,24.39594477699791,17.22450432464416,0.0,0.0,0.0,4.15375,3.202037037037037,1.101250000000001,0.0,5.94224111866969,1.812175925925926,3.955212585034014,0.0,0.375,1.0,2.0,0.0,1.0,2.0,1.0,2.0,3.0,1.1911,0.0,0.0,0.0,0.0,0.0,0.0,0.0,0.0,1.0,1.0,0.0,0.0,0.0,0.0,0.0,0.0,0.0,0.0,0.0,0.0,0.0,0.0,0.0,0.0,0.0,0.0,0.0,0.0,9.353276252746582,6.385192394256592,-1.713906049728394,pca,False,train,In-Domain,
CCCc1cccc2ccccc12,4.666,2.228009259259259,1.181898148148148,1.181898148148148,0.6428575890632974,10.53846153846154,170.255,-0.0151926307721391,-0.0650650706885454,0.9230769230769232,2.538461538461538,14.01686759129999,10.01442355618531,1.968293765946424,-2.034478817341699,2.187431463984625,-1.84113058623698,5.850811109440981,0.9295033325813415,2.189827491530279,2.613871190454566,396.203547155089,-1.3,1449.665799393045,3.609892789271755,1.571703312697704,0.0,0.0,0.0,0.0,0.0,0.0,0.0,0.0,0.0,0.0,55.8091283018479,22.7567215435526,0.0,0.0,0.0,10.77244842892959,0.0,0.0,0.0,19.76538044554264,0.0,48.02802097092827,0.0,0.0,0.0,0.0,0.0,0.0,6.42082162292601,18.90801031431363,42.46456947923127,0.0,10.77244842892959,0.0,0.0,0.0,0.0,0.0,0.0,29.17754316647861,0.0,0.0,49.38830667892189,0.0,0.0,0.0,0.0,2.764166666666667,1.472777777777778,0.0,15.1408985260771,2.398175547996976,2.223981481481482,0.0,0.2307692307692307,0.0,0.0,0.0,0.0,0.0,0.0,0.0,2.0,3.792300000000002,0.0,0.0,0.0,0.0,0.0,0.0,0.0,0.0,0.0,0.0,0.0,0.0,0.0,0.0,0.0,1.0,0.0,0.0,0.0,0.0,0.0,0.0,0.0,0.0,0.0,0.0,0.0,0.0,-0.9294591546058655,5.17328929901123,-1.672078371047974,pca,False,train,In-Domain,
NCNC(=O)c1ccccn1,6.726,10.99106481481481,0.1343329554043839,-0.2424999999999997,0.5714377413335174,9.181818181818182,151.169,0.2703594083163388,-0.3383658856433386,1.636363636363636,3.0,16.14981384331462,10.32823919631111,2.014728418763,-1.98134715410794,1.90578293967655,-2.293205477729411,5.915077553516143,0.0949615622209676,2.066172828612932,2.6930079504145,234.7008189726477,-1.42,380.1758004647795,3.676279989619408,2.014371346583059,11.05045608116852,5.693927994848461,0.0,0.0,5.907179729351506,0.0,9.77851570501903,0.0,0.0,0.0,6.06636706846161,12.13273413692322,6.196843571613076,6.668691188899143,4.794537184071822,5.907179729351506,0.0,10.30076712495354,5.733667477162185,0.0,6.668691188899143,30.08987277184637,0.0,11.05045608116852,0.0,0.0,0.0,17.55984943919785,0.0,10.48846517892028,24.39594477699791,0.0,0.0,68.00999999999999,0.0,4.794537184071822,12.57587091825065,5.693927994848461,0.0,0.0,24.39594477699791,0.0,10.30076712495354,5.733667477162185,0.0,0.0,14.82074074074074,2.438148148148148,5.494040060468632,-0.2424999999999997,5.127628495842782,1.560942932728647,0.1343329554043839,0.0,0.1428571428571428,3.0,4.0,1.0,1.0,3.0,2.0,4.0,2.0,-0.2724000000000006,0.0,0.0,0.0,0.0,0.0,0.0,1.0,1.0,1.0,1.0,0.0,0.0,0.0,0.0,0.0,0.0,0.0,0.0,0.0,0.0,0.0,0.0,0.0,0.0,0.0,0.0,0.0,0.0,-4.164078712463379,7.157183170318604,0.738068699836731,pca,False,train,In-Domain,
N#COC(=O)c1ccccc1,6.7365,10.7999537037037,0.3833796296296301,-0.6175000000000004,0.44432685026945,8.272727272727273,147.133,0.3529595854964374,-0.3468364224204737,1.363636363636364,2.545454545454545,16.52849873039785,10.21332049354328,2.030943171627998,-1.920674822177762,1.989757539063896,-1.987548600479532,5.893011163693107,0.0684981686465307,2.066172828612932,2.792418480761213,286.7104097624586,-1.82,380.1758004647795,3.373794182686308,1.798454410853802,4.736862953800049,0.0,0.0,0.0,6.255281654379183,5.969305287951849,0.0,4.794537184071822,0.0,5.261891554738487,18.19910120538483,12.13273413692322,0.0,5.563451491696996,9.53140013787187,5.969305287951849,5.261891554738487,0.0,0.0,0.0,0.0,35.89528683400505,6.255281654379183,0.0,0.0,0.0,0.0,5.969305287951849,4.736862953800049,10.35798867576882,30.33183534230805,0.0,0.0,50.09,5.969305287951849,4.794537184071822,0.0,5.563451491696996,0.0,6.255281654379183,30.33183534230805,0.0,4.736862953800049,5.261891554738487,4.094537037037037,0.0,10.7999537037037,8.004931972789116,0.3833796296296301,-0.6175000000000004,8.351623204837491,1.316407785336356,0.0,0.0,0.0,0.0,3.0,0.0,0.0,3.0,0.0,3.0,1.0,1.32448,0.0,0.0,0.0,0.0,0.0,0.0,1.0,1.0,1.0,0.0,0.0,0.0,0.0,0.0,0.0,0.0,1.0,1.0,0.0,0.0,0.0,0.0,0.0,0.0,0.0,0.0,0.0,0.0,-4.336173534393311,6.962998867034912,1.439663171768188,pca,False,train,In-Domain,
NC(=O)CCCc1ccccn1,7.754,10.39132779037541,0.244508219954648,-0.244508219954648,0.7180452808457325,9.666666666666666,164.208,0.2169253879182858,-0.369679809208652,1.5,2.916666666666667,16.14601657927661,10.15574486967659,1.955512724224727,-1.964340895316217,1.994734383856531,-2.097326095883865,5.731156127097898,-0.1176063061424999,2.054764686586734,2.290572056240154,245.9652649298467,-1.38,567.1150534979386,4.48818648737571,3.142667965973563,5.733667477162185,0.0,0.0,5.907179729351506,0.0,0.0,9.77851570501903,0.0,0.0,0.0,6.06636706846161,24.97437738277524,18.31159318938755,0.0,4.794537184071822,5.907179729351506,0.0,4.983978520947209,5.733667477162185,19.26246486877803,0.0,30.08987277184637,0.0,5.733667477162185,0.0,0.0,0.0,10.89115825029871,11.21535880699783,18.53557124070048,24.39594477699791,0.0,0.0,55.98,0.0,4.794537184071822,5.907179729351506,6.42082162292601,18.53557124070048,0.0,6.196843571613076,18.19910120538483,4.983978520947209,5.733667477162185,0.0,0.0,14.51479623330814,0.0,6.009989921894684,-0.244508219954648,5.755137314184933,3.797918083900227,0.0,0.0,0.3333333333333333,2.0,3.0,1.0,1.0,2.0,1.0,3.0,4.0,0.8895999999999997,0.0,0.0,0.0,0.0,0.0,0.0,1.0,1.0,1.0,0.0,0.0,0.0,0.0,0.0,0.0,1.0,0.0,0.0,0.0,0.0,0.0,0.0,0.0,1.0,0.0,0.0,0.0,0.0,11.56422710418701,0.2553862929344177,2.681217670440674,pca,False,train,In-Domain,
CCCNC(=O)c1ccccc1,10.0085,11.2924537037037,0.0115277777777782,0.0115277777777782,0.723214757864113,9.416666666666666,163.22,0.2507778794140301,-0.3520505934027614,1.333333333333333,2.583333333333333,16.14904185802596,10.18980966340982,2.00293370657508,-2.012096259360508,1.966382812275572,-2.231771995696226,5.935206130587884,0.0953438582842032,2.154522458102369,2.539556056342092,243.2753089939539,-1.31,646.3567374307108,4.544018446795469,2.381380891498966,5.316788604006331,0.0,0.0,0.0,5.907179729351506,0.0,4.794537184071822,0.0,0.0,0.0,25.12283840507545,18.55355575984923,12.10820789760957,0.0,4.794537184071822,5.907179729351506,0.0,5.316788604006331,0.0,13.34455882261663,6.544756405912575,35.89528683400505,0.0,5.316788604006331,0.0,0.0,0.0,12.45193613526408,0.0,23.70254749838545,30.33183534230805,0.0,0.0,29.1,0.0,4.794537184071822,5.907179729351506,0.0,18.52902952053558,0.0,0.0,37.25557254199867,5.316788604006331,0.0,0.0,0.0,11.2924537037037,2.809675925925926,0.7277314814814817,0.0115277777777782,9.244350670823884,0.9708071145124716,2.776786659108088,0.0,0.3,1.0,2.0,1.0,0.0,1.0,1.0,2.0,3.0,1.8264,0.0,0.0,0.0,0.0,0.0,0.0,1.0,1.0,0.0,1.0,0.0,0.0,0.0,0.0,0.0,0.0,0.0,0.0,0.0,0.0,0.0,0.0,0.0,0.0,0.0,0.0,0.0,0.0,1.472023844718933,-0.8897753357887268,3.171288728713989,pca,False,train,In-Domain,
NCCNC(=O)c1cccnc1,10.0005,11.19689814814815,0.1309722222222218,-0.1309722222222218,0.6497159816752334,9.416666666666666,165.196,0.2523895513384709,-0.3507217691704791,1.666666666666667,3.083333333333333,16.14909848052769,10.25455363078108,2.01258617227786,-2.007471387861405,1.932363076448293,-2.284509862418052,5.932290150352024,0.0954164552846315,2.154522458102369,2.539556056342092,247.739702440664,-1.42,646.3567374307108,4.456344969302979,2.319052876989167,11.05045608116852,0.0,0.0,0.0,5.907179729351506,0.0,9.77851570501903,0.0,0.0,0.0,0.0,12.13273413692322,25.4831999550513,5.563451491696996,4.794537184071822,5.907179729351506,0.0,10.30076712495354,5.733667477162185,0.0,13.08951281182515,30.08987277184637,0.0,11.05045608116852,0.0,0.0,0.0,23.98067106212386,0.0,10.35798867576882,24.52642128014937,0.0,0.0,68.00999999999999,0.0,4.794537184071822,5.907179729351506,18.65296430352215,0.0,6.196843571613076,18.3295777085363,0.0,10.30076712495354,5.733667477162185,0.0,0.0,15.01864465230537,2.644675925925926,5.785606418493323,-0.1309722222222218,3.426795162509448,3.144407045225497,0.9441763510959942,0.0,0.25,3.0,4.0,1.0,1.0,3.0,2.0,4.0,3.0,-0.2299000000000004,0.0,0.0,0.0,0.0,0.0,0.0,1.0,1.0,1.0,1.0,0.0,0.0,0.0,0.0,0.0,0.0,0.0,0.0,0.0,0.0,0.0,0.0,0.0,0.0,0.0,0.0,0.0,0.0,-2.203576803207397,1.264999985694885,6.149487495422363,pca,False,train,In-Domain,
CONc1cccc2ccccc12,9.164,4.88598261526833,1.000555555555556,1.000555555555556,0.7049038008637977,10.23076923076923,173.2149999999999,0.0682306665055959,-0.279438972131931,1.0,2.615384615384615,16.63347418950817,10.10309681196254,1.967038469829654,-2.057969709338684,2.218731288746396,-1.950237078794968,5.928650042015393,0.2713964651916915,2.189827491530279,2.613871190454566,406.255515685913,-1.54,1449.665799393045,3.455049673054011,1.484064944981838,0.0,0.0,0.0,0.0,0.0,0.0,10.31768518185784,0.0,0.0,0.0,36.39820241076966,11.45259128292641,5.386224214464796,12.7971838159611,4.837588583736633,16.45983470361315,0.0,0.0,0.0,0.0,12.58989413939874,42.46456947923127,0.0,5.480096598121202,5.687386274683562,0.0,0.0,7.109797541277533,4.837588583736633,0.0,42.46456947923127,0.0,10.77244842892959,21.26,0.0,0.0,0.0,0.0,5.687386274683562,10.77244842892959,7.109797541277533,24.26546827384644,23.67919780350603,4.837588583736633,0.0,0.0,4.88598261526833,2.385555555555556,3.851064814814815,0.0,14.26452664399093,0.0,0.0,1.61287037037037,0.0909090909090909,1.0,2.0,0.0,0.0,2.0,1.0,2.0,2.0,2.813100000000001,0.0,0.0,0.0,0.0,0.0,0.0,0.0,0.0,0.0,1.0,0.0,0.0,0.0,0.0,1.0,0.0,0.0,0.0,0.0,0.0,0.0,0.0,0.0,0.0,0.0,0.0,0.0,0.0,-2.176470279693604,1.099646210670471,6.482303619384766,pca,False,train,In-Domain,
NC(=O)Nc1ccccn1,9.086,10.23981859410431,0.4675925925925928,-0.5984259259259257,0.5937898584624381,8.8,137.142,0.3172878079463787,-0.3513333153332779,1.6,2.9,16.15838623374415,10.45780375719685,1.918182183674368,-1.961043860978609,1.968974457823289,-2.192245904597828,5.859732866796654,0.2590094813667032,1.881014057849052,2.674241602295127,221.6943549440617,-1.58,195.6254620163014,2.816686572772721,1.736993379776821,5.733667477162185,5.817862777835028,0.0,0.0,0.0,6.031114512338072,5.316788604006331,9.77851570501903,0.0,0.0,6.06636706846161,12.13273413692322,6.196843571613076,0.0,4.794537184071822,11.8489772901731,0.0,4.983978520947209,5.733667477162185,0.0,5.316788604006331,24.39594477699791,0.0,11.05045608116852,10.61239996190685,0.0,0.0,11.01509303328528,0.0,0.0,24.39594477699791,0.0,0.0,68.01,6.031114512338072,4.794537184071822,0.0,5.817862777835028,0.0,0.0,24.39594477699791,0.0,10.30076712495354,5.733667477162185,0.0,0.0,14.04676303854875,2.3325,4.834427437641724,0.4675925925925928,4.577374338624338,1.574675925925926,0.0,0.0,0.0,3.0,4.0,2.0,1.0,2.0,2.0,4.0,1.0,0.5722000000000003,0.0,0.0,0.0,0.0,0.0,0.0,1.0,1.0,1.0,1.0,0.0,0.0,0.0,0.0,1.0,0.0,0.0,0.0,0.0,0.0,0.0,0.0,0.0,1.0,0.0,0.0,0.0,1.0,6.729036808013916,0.1772857159376144,-1.869368314743042,pca,False,train,In-Domain,
O=C(O)Sc1ccccc1,6.9175,10.13167044595616,0.7592592592592595,-0.8692592592592587,0.6311188263757604,9.2,154.19,0.369218407568856,-0.4728594893332941,1.3,2.4,32.16664624354681,10.37084448879626,1.970522611976828,-1.911319698935658,2.16092903829067,-1.807553797102478,8.12768352915908,0.2219525946339277,1.881014057849052,2.674241602295127,220.3075329961489,-0.96,195.6254620163014,3.269363579080025,2.107212770426381,5.106527394840706,0.0,0.0,0.0,0.0,5.301337271772629,0.0,4.794537184071822,0.0,0.0,18.19910120538483,23.89461908631434,4.895483475517775,0.0,9.901064578912528,17.06322222116374,0.0,0.0,0.0,4.895483475517775,0.0,30.33183534230805,0.0,0.0,4.794537184071822,0.0,11.76188494939112,10.40786466661334,0.0,0.0,35.22731881782583,0.0,0.0,37.3,5.301337271772629,4.794537184071822,0.0,0.0,16.65736842490889,0.0,12.13273413692322,18.19910120538483,0.0,5.106527394840706,0.0,0.8150925925925925,10.89092970521542,7.460614134542706,0.0,0.0,9.000030234315949,0.0,0.0,0.0,0.0,1.0,2.0,0.0,0.0,2.0,1.0,3.0,1.0,2.456700000000001,0.0,0.0,0.0,0.0,0.0,1.0,1.0,0.0,0.0,0.0,0.0,0.0,0.0,0.0,0.0,0.0,0.0,0.0,0.0,0.0,0.0,0.0,0.0,0.0,1.0,0.0,0.0,0.0,-3.350730419158936,-1.311357259750366,-1.902452945709229,pca,False,train,In-Domain,
Clc1cccnc1,4.795500000000001,5.47719135802469,0.6828703703703707,0.6828703703703707,0.4994929876185536,8.714285714285714,113.547,0.0588814186225784,-0.2631800971255613,1.571428571428571,2.714285714285714,35.49569067787345,10.5094965146548,1.756833367826943,-1.791070598443731,2.004541411489212,-1.635262237567134,6.299152507537859,1.330591898589078,1.685616163320438,3.021465309724086,138.0075042253047,-0.56,47.19725257297226,1.937398543184183,1.162973754191235,0.0,0.0,0.0,0.0,0.0,0.0,4.983978520947209,0.0,0.0,0.0,11.60093989023252,12.13273413692322,12.39368714322615,5.022633313741326,0.0,11.60093989023252,0.0,4.983978520947209,0.0,0.0,0.0,29.5490545938907,0.0,0.0,0.0,0.0,11.60093989023252,4.983978520947209,0.0,0.0,24.52642128014937,5.022633313741326,0.0,12.89,0.0,0.0,0.0,5.022633313741326,0.0,0.0,24.52642128014937,0.0,4.983978520947209,11.60093989023252,0.0,5.47719135802469,3.752314814814815,0.6828703703703707,0.0,0.0,3.580246913580247,3.285154320987655,0.0,0.0,0.0,0.0,1.0,0.0,1.0,1.0,0.0,2.0,0.0,1.735,0.0,0.0,0.0,0.0,0.0,0.0,0.0,0.0,1.0,0.0,0.0,0.0,0.0,0.0,0.0,0.0,0.0,0.0,1.0,0.0,0.0,0.0,0.0,0.0,0.0,0.0,0.0,0.0,-7.029134273529053,1.415895819664001,1.086291670799255,pca,False,train,In-Domain,
NNc1cccnc1,5.823499999999999,5.059814814814815,0.8263888888888891,0.8263888888888891,0.4042956984795146,8.625,109.132,0.0668384703342194,-0.3226325615477186,1.625,2.875,15.21041138036094,10.43639373278061,1.790470723338496,-1.927987187724968,1.968726225346005,-2.056053458990969,5.369881028509204,1.270816053037158,1.903491193316404,2.832085835007091,149.019770928138,-1.09,91.36757727918736,2.27718071988761,0.945539331461516,5.425791397110385,0.0,0.0,0.0,0.0,0.0,10.82664879121345,0.0,0.0,0.0,0.0,12.13273413692322,6.196843571613076,11.88422984629664,0.0,5.687386274683562,0.0,4.983978520947209,5.842670270266239,0.0,5.425791397110385,24.52642128014937,0.0,11.26846166737662,5.687386274683562,0.0,0.0,4.983978520947209,0.0,0.0,24.52642128014937,0.0,0.0,50.94,0.0,0.0,0.0,0.0,5.687386274683562,0.0,12.39368714322615,12.13273413692322,10.40976991805759,5.842670270266239,0.0,0.0,3.81300925925926,0.0,3.290833333333333,5.059814814814815,3.654953703703704,3.348055555555556,0.0,0.0,0.0,3.0,3.0,0.0,1.0,3.0,2.0,3.0,1.0,0.3672000000000003,0.0,0.0,1.0,0.0,0.0,0.0,0.0,0.0,1.0,1.0,0.0,0.0,0.0,0.0,1.0,0.0,0.0,0.0,0.0,1.0,0.0,0.0,0.0,0.0,0.0,0.0,0.0,0.0,-7.277970790863037,1.286063671112061,1.520338535308838,pca,False,train,In-Domain,
NC(=O)c1cccnc1,6.7935,10.38314814814815,0.4415740740740739,-0.4415740740740739,0.5772627921564857,8.88888888888889,122.127,0.2497619496515242,-0.3655506403996573,1.666666666666667,2.777777777777778,16.1462913818673,10.27205692080653,1.943738646306833,-1.882814883994856,1.907963817412707,-2.099762265180229,5.917460405424664,0.0999728357080012,1.900372627989795,2.981454614041131,207.5576620543373,-1.38,129.2253387033061,2.259334200664762,1.2528322001979,5.733667477162185,0.0,0.0,5.907179729351506,0.0,0.0,9.77851570501903,0.0,0.0,0.0,0.0,12.13273413692322,12.39368714322615,5.563451491696996,4.794537184071822,5.907179729351506,0.0,4.983978520947209,5.733667477162185,0.0,0.0,30.08987277184637,0.0,5.733667477162185,0.0,0.0,0.0,10.89115825029871,0.0,10.35798867576882,24.52642128014937,0.0,0.0,55.98,5.907179729351506,4.794537184071822,0.0,5.563451491696996,0.0,6.196843571613076,18.3295777085363,0.0,4.983978520947209,5.733667477162185,0.0,0.0,14.08824074074074,0.0,5.376944444444445,-0.4415740740740739,3.287129629629629,3.022592592592592,0.0,0.0,0.0,2.0,3.0,1.0,1.0,2.0,1.0,3.0,1.0,0.1805000000000001,0.0,0.0,0.0,0.0,0.0,0.0,1.0,1.0,1.0,0.0,0.0,0.0,0.0,0.0,0.0,0.0,0.0,0.0,0.0,0.0,0.0,0.0,0.0,1.0,0.0,0.0,0.0,0.0,8.621637344360352,-3.616187334060669,-2.91182017326355,pca,False,train,In-Domain,
O=C(O)CCc1cccnc1,4.105499999999999,10.15221513605442,0.1723148148148146,-0.7695804988662125,0.7032519523241499,9.454545454545457,151.165,0.3031787561325436,-0.4812219289487341,1.636363636363636,3.0,16.36512768111546,10.15382140051058,1.966580674161191,-1.942709402023628,1.987954540862453,-1.966981745006276,5.665180187212555,-0.1364697005463646,2.029238942059196,2.453018743531937,233.1071909292144,-1.38,349.0290980341817,3.706849487944401,2.797763426462181,5.106527394840706,0.0,0.0,0.0,0.0,5.969305287951849,9.77851570501903,0.0,0.0,0.0,6.06636706846161,18.05064018308461,18.81450876615216,0.0,9.901064578912528,5.969305287951849,0.0,4.983978520947209,0.0,12.84164324585202,0.0,30.08987277184637,0.0,0.0,0.0,0.0,0.0,16.05981120373976,11.21535880699783,11.984273114623,24.52642128014937,0.0,0.0,50.19,5.969305287951849,4.794537184071822,6.42082162292601,6.42082162292601,5.563451491696996,0.0,18.46005421168776,6.06636706846161,4.983978520947209,5.106527394840706,0.0,0.0,14.02190428949358,8.35438492063492,0.9675000000000002,-0.7695804988662125,3.673733938019653,4.085390684051398,0.0,0.0,0.25,1.0,3.0,0.0,1.0,2.0,1.0,3.0,3.0,1.0988,1.0,0.0,0.0,0.0,1.0,1.0,1.0,0.0,1.0,0.0,0.0,0.0,0.0,0.0,0.0,1.0,0.0,0.0,0.0,0.0,0.0,0.0,0.0,0.0,0.0,0.0,0.0,0.0,-1.517294406890869,-4.871165752410889,-2.871931552886963,pca,False,train,In-Domain,
NCNC(=O)c1ccccc1,6.596500000000001,11.05356481481481,0.1313888888888885,-0.1313888888888885,0.5968665349602129,9.181818181818182,150.181,0.2517653450866672,-0.3397033378598878,1.363636363636364,2.545454545454545,16.14923911702572,10.19542560312907,1.994190721386776,-1.991553743854095,1.959566222498536,-2.28636467209781,5.934829731877221,0.0954572762209151,2.066172828612932,2.6930079504145,233.1071909292144,-1.35,380.1758004647795,3.729813590230065,2.053024326101249,11.05045608116852,0.0,0.0,0.0,5.907179729351506,0.0,4.794537184071822,0.0,0.0,0.0,18.19910120538483,12.13273413692322,5.563451491696996,6.668691188899143,4.794537184071822,5.907179729351506,0.0,5.316788604006331,5.733667477162185,0.0,6.668691188899143,35.89528683400505,0.0,11.05045608116852,0.0,0.0,0.0,12.57587091825065,0.0,10.35798867576882,30.33183534230805,0.0,0.0,55.12,0.0,4.794537184071822,12.57587091825065,5.563451491696996,0.0,0.0,12.13273413692322,18.19910120538483,5.316788604006331,5.733667477162185,0.0,0.0,11.05356481481481,2.500648148148148,5.77181783824641,-0.1313888888888885,8.964358465608466,0.0,0.1743329554043839,0.0,0.125,3.0,3.0,1.0,0.0,2.0,2.0,3.0,2.0,0.3325999999999994,0.0,0.0,0.0,0.0,0.0,0.0,1.0,1.0,0.0,1.0,0.0,0.0,0.0,0.0,0.0,0.0,0.0,0.0,0.0,0.0,0.0,0.0,0.0,0.0,0.0,0.0,0.0,0.0,-4.924370765686035,-2.252471685409546,-0.06900486350059509,pca,False,train,In-Domain,
NC(=O)CCc1cccnc1,7.4765,10.37443735827664,0.2695804988662129,-0.2695804988662129,0.6816812764623363,9.454545454545457,150.181,0.2172485794935674,-0.3696698131137066,1.636363636363636,3.0,16.14601770094353,10.14763409367563,1.948324152393478,-1.949336876248953,1.98267573552468,-2.105925826471761,5.734562113614254,-0.1174911582396405,2.029238942059196,2.453018743531937,233.1071909292144,-1.38,349.0290980341817,3.706849487944401,2.797763426462181,5.733667477162185,0.0,0.0,5.907179729351506,0.0,0.0,9.77851570501903,0.0,0.0,0.0,6.06636706846161,18.05064018308461,18.81450876615216,0.0,4.794537184071822,5.907179729351506,0.0,4.983978520947209,5.733667477162185,12.84164324585202,0.0,30.08987277184637,0.0,5.733667477162185,0.0,0.0,0.0,10.89115825029871,11.21535880699783,11.984273114623,24.52642128014937,0.0,0.0,55.98,0.0,4.794537184071822,5.907179729351506,12.84164324585202,5.563451491696996,0.0,12.39368714322615,12.13273413692322,4.983978520947209,5.733667477162185,0.0,0.0,14.28494283824641,0.0,6.028446712018141,-0.2695804988662129,3.77010582010582,4.519418461829176,0.0,0.0,0.25,2.0,3.0,1.0,1.0,2.0,1.0,3.0,3.0,0.4994999999999999,0.0,0.0,0.0,0.0,0.0,0.0,1.0,1.0,1.0,0.0,0.0,0.0,0.0,0.0,0.0,1.0,0.0,0.0,0.0,0.0,0.0,0.0,0.0,1.0,0.0,0.0,0.0,0.0,-5.407139778137207,-2.633646488189697,0.5162556767463684,pca,False,train,In-Domain,
NCCCc1ccccn1,4.547,5.348577097505669,0.7466014739229025,0.7466014739229025,0.6721617602598025,9.7,136.198,0.0403592620468529,-0.3304608130417836,1.4,2.9,14.65668561696388,10.20402871416026,1.886111888296535,-1.949269783486518,1.953984384265332,-2.004354055658391,5.026567366915818,0.8103373392642934,2.029573889867405,2.426522346587954,171.872282370036,-0.8900000000000001,251.6671623435582,4.011046940626403,2.15042303420261,5.733667477162185,0.0,0.0,0.0,0.0,0.0,4.983978520947209,0.0,0.0,0.0,6.06636706846161,31.51913378868781,11.89077156646154,0.0,0.0,0.0,0.0,4.983978520947209,5.733667477162185,12.84164324585202,6.544756405912575,30.08987277184637,0.0,5.733667477162185,0.0,0.0,0.0,11.52873492685978,6.42082162292601,12.11474961777447,24.39594477699791,0.0,0.0,38.91,0.0,0.0,0.0,0.0,25.08032764661306,0.0,0.0,24.39594477699791,4.983978520947209,5.733667477162185,0.0,0.0,4.160694444444444,0.0,6.480938208616781,0.0,5.944897014361301,3.83353552532124,0.7466014739229025,0.0,0.375,2.0,2.0,0.0,1.0,2.0,1.0,2.0,3.0,0.9729000000000002,0.0,0.0,0.0,0.0,0.0,0.0,0.0,0.0,1.0,0.0,0.0,0.0,0.0,0.0,0.0,1.0,0.0,0.0,0.0,0.0,0.0,0.0,0.0,0.0,0.0,0.0,0.0,0.0,6.487218379974365,-3.441385746002197,-3.039942026138306,pca,False,train,In-Domain,
COCc1ccccc1,7.221500000000001,4.92787037037037,0.7091666666666665,0.7091666666666665,0.581144288935902,9.444444444444445,122.167,0.0712592158594861,-0.3800117018414143,1.222222222222222,2.444444444444445,16.46160389972994,10.22431191229423,1.840851534007986,-1.948533307628466,1.976208431377769,-1.837465428879595,5.127027247939442,0.1846613653736419,1.910086008859914,2.61489994009295,157.4784207656209,-0.8200000000000001,145.1665366733534,3.253988636849076,1.859038601827228,4.736862953800049,0.0,0.0,0.0,0.0,0.0,0.0,0.0,0.0,0.0,30.33183534230805,5.563451491696996,7.109797541277533,6.606881964512918,4.736862953800049,0.0,0.0,0.0,0.0,6.606881964512918,7.109797541277533,35.89528683400505,0.0,0.0,0.0,0.0,0.0,7.109797541277533,11.34374491831297,5.563451491696996,30.33183534230805,0.0,0.0,9.23,0.0,0.0,0.0,6.606881964512918,0.0,5.563451491696996,7.109797541277533,30.33183534230805,0.0,4.736862953800049,4.92787037037037,0.0,0.0,0.0,1.222222222222222,0.0,10.10601851851852,0.0,0.7091666666666665,1.701388888888889,0.25,0.0,1.0,0.0,0.0,1.0,0.0,1.0,2.0,1.833,0.0,0.0,0.0,0.0,0.0,0.0,0.0,0.0,0.0,0.0,0.0,0.0,0.0,0.0,0.0,0.0,0.0,1.0,0.0,0.0,0.0,1.0,0.0,0.0,0.0,0.0,0.0,0.0,-3.736144065856934,-4.717071533203125,-3.274690389633179,pca,False,train,In-Domain,
CNc1ccccn1,9.291,3.986111111111111,0.9097222222222224,0.9097222222222224,0.5828045556161388,8.625,108.144,0.1251084843301752,-0.3731522988687416,1.5,2.75,14.94231611376077,10.4631003609271,1.790522339797056,-1.923348878258726,1.95009618509866,-1.881455663213422,5.309851980510024,1.28762412569152,1.903491193316404,2.832085835007091,147.8745239004113,-1.05,91.36757727918736,2.306710573157708,0.9641693455260448,5.316788604006331,5.817862777835028,0.0,0.0,0.0,0.0,0.0,4.983978520947209,0.0,0.0,6.06636706846161,12.13273413692322,13.24451555429027,0.0,0.0,5.817862777835028,0.0,4.983978520947209,0.0,0.0,12.36446058668352,24.39594477699791,0.0,5.316788604006331,5.817862777835028,0.0,0.0,12.0316505036244,0.0,0.0,24.39594477699791,0.0,0.0,24.92,0.0,0.0,0.0,0.0,5.817862777835028,0.0,6.196843571613076,25.24677318806202,10.30076712495354,0.0,0.0,0.0,3.986111111111111,2.915833333333333,0.0,0.9097222222222224,5.749675925925926,1.755787037037037,0.0,1.849537037037037,0.1666666666666666,1.0,2.0,0.0,1.0,2.0,1.0,2.0,1.0,1.1233,0.0,0.0,0.0,0.0,0.0,0.0,0.0,0.0,1.0,1.0,0.0,0.0,0.0,0.0,1.0,0.0,0.0,0.0,0.0,0.0,0.0,0.0,0.0,0.0,0.0,0.0,0.0,0.0,-7.416889190673828,-2.548820972442627,-0.1346293538808823,pca,False,train,In-Domain,
COCc1cccnc1,7.2955,4.88787037037037,0.6466666666666665,0.6466666666666665,0.5896626698853737,9.444444444444445,123.155,0.0727530033493818,-0.3799531186752472,1.666666666666667,3.111111111111111,16.46162900508502,10.30058172915839,1.852072859031749,-1.941557926033969,1.948502604823836,-1.857058006698468,5.059324838959202,0.1843635110831912,1.910086008859914,2.61489994009295,161.8269363112177,-0.89,145.1665366733534,3.198271052304978,1.816389947961151,4.736862953800049,0.0,0.0,0.0,0.0,0.0,4.983978520947209,0.0,0.0,0.0,6.06636706846161,11.62981856015861,19.50348468450369,6.606881964512918,4.736862953800049,0.0,0.0,4.983978520947209,0.0,6.606881964512918,7.109797541277533,30.08987277184637,0.0,0.0,0.0,0.0,0.0,12.09377606222474,11.34374491831297,5.563451491696996,24.52642128014937,0.0,0.0,22.12,0.0,0.0,0.0,6.606881964512918,5.563451491696996,0.0,19.50348468450369,12.13273413692322,4.983978520947209,4.736862953800049,4.88787037037037,0.0,3.923287037037037,0.0,1.111111111111111,0.0,3.879814814814815,3.544305555555556,0.6466666666666665,1.673611111111111,0.2857142857142857,0.0,2.0,0.0,1.0,2.0,0.0,2.0,2.0,1.228,0.0,0.0,0.0,0.0,0.0,0.0,0.0,0.0,1.0,0.0,0.0,0.0,0.0,0.0,0.0,0.0,0.0,1.0,0.0,0.0,0.0,1.0,0.0,0.0,0.0,0.0,0.0,0.0,-7.640332698822021,-2.57817816734314,0.3049813508987427,pca,False,train,In-Domain,
NCOCCc1ccccc1,6.374499999999999,5.170444381456287,0.3123348922902498,0.3123348922902498,0.5174388934369919,9.909090909090908,151.209,0.0939894443844262,-0.3661888392441352,1.181818181818182,2.545454545454545,16.48165865371055,10.15896580521502,1.886273052753191,-1.995036752185772,1.981615888007863,-2.065918049771088,5.139713335657286,0.1439656803028233,2.070366610359243,2.275801287367509,186.0140382728128,-0.8600000000000001,414.0733220718486,4.880053956660618,3.161587790983284,10.47053043096224,0.0,0.0,0.0,0.0,0.0,0.0,0.0,0.0,0.0,30.33183534230805,11.984273114623,0.0,13.3376987120124,4.736862953800049,0.0,0.0,0.0,5.733667477162185,6.42082162292601,13.3376987120124,35.89528683400505,0.0,5.733667477162185,0.0,0.0,0.0,13.3376987120124,11.15768457672606,5.563451491696996,30.33183534230805,0.0,0.0,35.25,0.0,0.0,0.0,13.3376987120124,6.42082162292601,5.563451491696996,0.0,18.19910120538483,12.13273413692322,10.47053043096224,5.015195578231292,0.0,0.0,0.0,6.462990677752583,0.0,10.22480292579995,0.9425,1.021177484882842,0.0,0.3333333333333333,2.0,2.0,0.0,0.0,2.0,1.0,2.0,4.0,1.1619,0.0,0.0,0.0,0.0,0.0,0.0,0.0,0.0,0.0,0.0,0.0,0.0,0.0,0.0,0.0,0.0,0.0,1.0,0.0,0.0,0.0,0.0,0.0,0.0,0.0,0.0,0.0,0.0,7.191532611846924,4.642578601837158,-3.7911696434021,pca,False,train,In-Domain,
CNCOc1cccnc1,8.7095,5.181527777777778,0.5195370370370371,0.5195370370370371,0.6221472506194162,9.3,138.17,0.1391049935871227,-0.4767695080451041,1.7,3.2,16.48794659730925,10.4641281534582,1.864104985971408,-2.015031399961137,2.036254843515604,-2.134698133588828,5.145024209209057,0.2946654124715439,2.029573889867405,2.426522346587954,176.2207979156328,-1.09,251.6671623435582,3.84578737395388,2.027699097944099,4.736862953800049,12.48032858078339,0.0,0.0,0.0,0.0,10.30076712495354,0.0,0.0,0.0,0.0,19.18040611960041,6.196843571613076,6.196843571613076,4.736862953800049,0.0,0.0,10.30076712495354,0.0,0.0,13.77848873017667,24.52642128014937,5.749511833283905,10.05365155780638,0.0,5.749511833283905,0.0,18.76246725112388,0.0,0.0,24.52642128014937,0.0,0.0,34.15,0.0,0.0,0.0,6.730816747499484,5.749511833283905,0.0,12.39368714322615,19.18040611960041,10.30076712495354,4.736862953800049,5.181527777777778,0.0,3.884806311413454,2.866176303854876,0.0,0.7887500000000001,3.703703703703704,3.392434807256236,0.5195370370370371,1.829730725623583,0.2857142857142857,1.0,3.0,0.0,1.0,3.0,1.0,3.0,3.0,0.6373,0.0,0.0,0.0,0.0,0.0,0.0,0.0,0.0,1.0,1.0,0.0,0.0,0.0,0.0,0.0,0.0,0.0,1.0,0.0,0.0,0.0,0.0,0.0,0.0,0.0,0.0,0.0,0.0,-3.116697072982788,3.585856199264526,-4.037197589874268,pca,False,train,In-Domain,
NCc1ccccn1,4.920999999999999,5.287314814814815,0.528611111111111,0.528611111111111,0.5698981587218371,9.125,108.144,0.0538954634743488,-0.3252132523563908,1.5,2.75,14.70652806994656,10.3556659730193,1.81285652592498,-1.885689430195406,1.877214018361785,-1.96830543536632,5.016010810226375,0.990591092598679,1.903491193316404,2.832085835007091,147.8745239004113,-0.8900000000000001,91.36757727918736,2.425723536271458,1.040082501828487,5.733667477162185,0.0,0.0,0.0,0.0,0.0,4.983978520947209,0.0,0.0,0.0,6.06636706846161,12.13273413692322,12.74159997752565,5.693927994848461,0.0,0.0,0.0,4.983978520947209,5.733667477162185,6.544756405912575,0.0,30.08987277184637,0.0,5.733667477162185,0.0,0.0,0.0,4.983978520947209,6.544756405912575,5.693927994848461,24.39594477699791,0.0,0.0,38.91,0.0,0.0,0.0,6.544756405912575,5.693927994848461,0.0,6.196843571613076,18.19910120538483,4.983978520947209,5.733667477162185,0.0,0.0,3.972222222222222,0.0,6.224814814814815,0.0,5.702731481481481,1.738287037037037,0.528611111111111,0.0,0.1666666666666666,2.0,2.0,0.0,1.0,2.0,1.0,2.0,1.0,0.5403000000000001,0.0,0.0,0.0,0.0,0.0,0.0,0.0,0.0,1.0,0.0,0.0,0.0,0.0,0.0,0.0,0.0,0.0,0.0,0.0,0.0,0.0,0.0,0.0,0.0,0.0,0.0,0.0,0.0,-6.403768539428711,5.418980598449707,-1.332643866539001,pca,False,train,In-Domain,
CNC(=O)c1cccnc1,10.1235,10.86231481481481,0.1036111111111108,-0.1036111111111108,0.6083249082775422,8.9,136.154,0.2520863510081407,-0.3550632720597682,1.7,3.0,16.1488561560316,10.26256537936237,1.983707258740889,-1.948707955082492,1.92582646304958,-2.17047192092455,5.929901986263772,0.0962506711854395,2.048167390601267,2.852627928819143,220.3075329961489,-1.38,237.587417309747,2.960887569557493,1.312840333432959,5.316788604006331,0.0,0.0,0.0,5.907179729351506,0.0,9.77851570501903,0.0,0.0,0.0,0.0,12.13273413692322,19.44135912590334,5.563451491696996,4.794537184071822,5.907179729351506,0.0,10.30076712495354,0.0,0.0,7.04767198267719,30.08987277184637,0.0,5.316788604006331,0.0,0.0,0.0,17.9388302329759,0.0,10.35798867576882,24.52642128014937,0.0,0.0,41.99,0.0,4.794537184071822,5.907179729351506,5.563451491696996,0.0,6.196843571613076,25.37724969121349,0.0,10.30076712495354,0.0,0.0,0.0,14.65518518518519,2.502314814814815,0.587962962962963,-0.1036111111111108,3.44087962962963,3.158009259259259,0.0,1.592592592592593,0.1428571428571428,1.0,3.0,1.0,1.0,2.0,1.0,3.0,1.0,0.4412,0.0,0.0,0.0,0.0,0.0,0.0,1.0,1.0,1.0,1.0,0.0,0.0,0.0,0.0,0.0,0.0,0.0,0.0,0.0,0.0,0.0,0.0,0.0,0.0,0.0,0.0,0.0,0.0,-6.552411079406738,5.398075580596924,-0.8079501986503601,pca,False,train,In-Domain,
OCCc1cccc2ccccc12,5.472,8.879157218442932,0.2162773998488285,0.2162773998488285,0.7369617453857763,10.53846153846154,172.227,0.0471167746414731,-0.3960309254098146,0.9230769230769232,2.538461538461538,16.24995861494152,10.02773754900964,1.973171075136301,-2.031469543259043,2.178178689991689,-1.90666950534116,5.850974760780758,0.2998191413329604,2.189827491530279,2.613871190454566,401.2897134822693,-1.34,1449.665799393045,3.583946049007838,1.556944664946105,5.106527394840706,0.0,0.0,0.0,0.0,0.0,0.0,0.0,0.0,0.0,42.46456947923127,22.7567215435526,6.606881964512918,0.0,5.106527394840706,10.77244842892959,0.0,0.0,0.0,6.42082162292601,6.606881964512918,48.02802097092827,0.0,0.0,0.0,0.0,0.0,11.71340935935362,6.42082162292601,5.563451491696996,42.46456947923127,0.0,10.77244842892959,20.23,0.0,0.0,6.606881964512918,0.0,6.42082162292601,16.33589992062659,0.0,18.19910120538483,24.26546827384644,5.106527394840706,0.0,0.0,0.0,11.37221277399849,1.222777777777778,0.0,14.4512783446712,0.7374537037037037,0.2162773998488285,0.0,0.1666666666666666,1.0,1.0,0.0,0.0,1.0,1.0,1.0,2.0,2.3746,0.0,1.0,0.0,0.0,0.0,0.0,0.0,0.0,0.0,0.0,0.0,0.0,0.0,0.0,0.0,0.0,0.0,0.0,0.0,0.0,0.0,0.0,0.0,0.0,0.0,0.0,0.0,0.0,7.175955295562744,-1.87871515750885,-1.306119322776794,pca,False,train,In-Domain,
NCCOc1cccc2ccccc12,5.431,5.543425925925926,0.5448622921390779,0.5448622921390779,0.7988810473911021,10.35714285714286,187.242,0.1266818193645596,-0.4916286521838927,1.0,2.642857142857143,16.47756017314105,10.11205469923698,1.98734760673148,-2.069838950375416,2.24185863183972,-2.101147378879849,5.876318042930556,0.33198493991968,2.261019386051472,2.429747226129962,420.0961725957642,-1.54,2437.378898163487,4.113007561711995,1.700818385250983,10.47053043096224,12.35639379779682,0.0,0.0,0.0,0.0,0.0,0.0,0.0,0.0,36.39820241076966,11.45259128292641,11.93098062037737,0.0,4.736862953800049,10.77244842892959,0.0,0.0,5.733667477162185,0.0,13.15163837042549,42.46456947923127,5.749511833283905,10.47053043096224,0.0,5.749511833283905,0.0,13.15163837042549,0.0,0.0,42.46456947923127,0.0,10.77244842892959,35.25,0.0,0.0,0.0,13.15163837042549,11.1357360477487,5.386224214464796,0.0,24.26546827384644,18.19910120538483,10.47053043096224,5.543425925925926,0.0,0.0,2.338399470899472,5.395424540186445,0.9106944444444448,14.20369370433358,0.0,1.108361914210129,0.0,0.1666666666666666,2.0,2.0,0.0,0.0,2.0,1.0,2.0,3.0,2.1773,0.0,0.0,0.0,0.0,0.0,0.0,0.0,0.0,0.0,0.0,0.0,0.0,0.0,0.0,0.0,0.0,0.0,1.0,0.0,0.0,0.0,0.0,0.0,0.0,0.0,0.0,0.0,0.0,-2.949059724807739,-3.240148305892944,-1.245401501655579,pca,False,train,In-Domain,
N#CCOc1cccc2ccccc12,5.349,8.424648211136306,0.0912773998488285,0.0912773998488285,0.7167229012543707,9.642857142857142,183.21,0.1740714935033205,-0.4781063801128198,1.071428571428571,2.714285714285714,16.4767539420883,10.11219891607006,1.988337013859448,-2.046873177555919,2.242008897119784,-1.931383338461122,5.87651604110978,0.3723985892702946,2.261019386051472,2.4925680980532,479.6408657715556,-2.01,2437.378898163487,3.799635276922581,1.52759043069769,4.736862953800049,11.81873314607618,6.606881964512918,0.0,0.0,0.0,0.0,0.0,5.261891554738487,0.0,36.39820241076966,11.45259128292641,5.386224214464796,0.0,4.736862953800049,10.77244842892959,5.261891554738487,0.0,0.0,0.0,6.606881964512918,42.46456947923127,11.81873314607618,4.736862953800049,0.0,5.749511833283905,0.0,6.606881964512918,0.0,0.0,42.46456947923127,0.0,10.77244842892959,33.02,0.0,0.0,6.606881964512918,0.0,16.5219602622135,0.0,0.0,48.53379079202355,0.0,9.998754508538536,5.307314814814815,0.0,0.0,10.59889802217183,0.0,0.7681944444444446,15.73431531872008,0.0,0.0912773998488285,0.0,0.0833333333333333,0.0,2.0,0.0,0.0,2.0,0.0,2.0,2.0,2.742180000000001,0.0,0.0,0.0,0.0,0.0,0.0,0.0,0.0,1.0,0.0,0.0,0.0,0.0,0.0,0.0,0.0,0.0,1.0,0.0,0.0,0.0,0.0,0.0,0.0,0.0,0.0,0.0,0.0,-6.598084449768066,-0.8965102434158325,1.78313946723938,pca,False,train,In-Domain,
OCc1cccc2ccccc12,4.058,9.035614134542708,0.1124537037037034,0.1124537037037034,0.6749317433965362,10.41666666666667,158.2,0.0687379366394059,-0.3916574681144398,0.9166666666666666,2.5,16.25028722039069,10.05708292958399,1.9584414851369,-2.01152156131021,2.172347445253063,-1.835330325168977,5.849452095443455,0.2831303121464973,2.16854290746428,2.790967029739265,387.6311749791205,-1.34,902.1138495051404,2.954128584919971,1.083074988340755,5.106527394840706,0.0,0.0,0.0,0.0,0.0,0.0,0.0,0.0,0.0,42.46456947923127,16.33589992062659,0.0,6.606881964512918,5.106527394840706,10.77244842892959,0.0,0.0,0.0,6.606881964512918,0.0,48.02802097092827,0.0,0.0,0.0,0.0,0.0,5.106527394840706,6.606881964512918,5.563451491696996,42.46456947923127,0.0,10.77244842892959,20.23,0.0,0.0,6.606881964512918,0.0,10.94967570616179,5.386224214464796,0.0,30.33183534230805,12.13273413692322,5.106527394840706,0.0,0.0,0.0,11.36112339380197,0.9936111111111112,0.0,14.03281179138322,0.0,0.1124537037037034,0.0,0.0909090909090909,1.0,1.0,0.0,0.0,1.0,1.0,1.0,1.0,2.332100000000001,0.0,1.0,0.0,0.0,0.0,0.0,0.0,0.0,0.0,0.0,0.0,0.0,0.0,0.0,0.0,0.0,0.0,0.0,0.0,0.0,0.0,0.0,0.0,0.0,0.0,0.0,0.0,0.0,-6.821008205413818,-0.9406394362449646,2.290637731552124,pca,False,train,In-Domain,
CNOCCc1ccccc1,9.7455,4.987417800453515,0.7227314814814815,0.7227314814814815,0.5182277274826815,9.909090909090908,151.209,0.0721888526141388,-0.3017322532477549,1.272727272727273,2.636363636363636,16.64045433939876,10.15974865299887,1.886800281239642,-1.9992210717519,1.978996776965169,-2.093470800517913,5.139569710439172,0.0603586137745623,2.070366610359243,2.275801287367509,186.0140382728128,-0.8600000000000001,414.0733220718486,4.880053956660618,3.161587790983284,4.837588583736633,0.0,0.0,0.0,0.0,0.0,0.0,5.480096598121202,0.0,0.0,30.33183534230805,11.984273114623,7.04767198267719,6.606881964512918,4.837588583736633,0.0,0.0,5.480096598121202,0.0,6.42082162292601,13.65455394719011,35.89528683400505,0.0,5.480096598121202,0.0,0.0,0.0,13.65455394719011,11.25841020666264,5.563451491696996,30.33183534230805,0.0,0.0,21.26,0.0,0.0,0.0,0.0,13.02770358743893,5.563451491696996,7.04767198267719,18.19910120538483,17.61283073504442,4.837588583736633,0.0,0.0,4.987417800453515,0.0,3.94604473733938,0.0,10.2816300547997,0.96,0.7227314814814815,1.768842592592593,0.3333333333333333,1.0,2.0,0.0,0.0,2.0,1.0,2.0,4.0,1.3801,0.0,0.0,0.0,0.0,0.0,0.0,0.0,0.0,0.0,1.0,1.0,0.0,0.0,0.0,0.0,0.0,0.0,0.0,0.0,0.0,0.0,0.0,0.0,0.0,0.0,0.0,0.0,0.0,4.962167739868164,-2.533108234405518,-4.349024772644043,pca,False,train,In-Domain,
Sc1cccnc1,7.237500000000001,4.021882716049383,0.9050925925925928,0.9050925925925928,0.4987923162958087,8.714285714285714,111.169,0.0400805277978791,-0.2635751090310279,1.571428571428571,2.714285714285714,32.11691029961396,10.5079939183544,1.737759554086634,-1.807692548583858,1.975932769184527,-1.647406070773618,7.798837859385175,1.24389398296749,1.685616163320438,3.021465309724086,138.0075042253047,-0.5,47.19725257297226,1.98,1.197777777777778,0.0,0.0,0.0,0.0,0.0,0.0,4.983978520947209,0.0,0.0,12.62878914801299,0.0,12.13273413692322,17.28917061874393,0.0,0.0,12.62878914801299,0.0,4.983978520947209,0.0,4.895483475517775,0.0,24.52642128014937,0.0,0.0,0.0,0.0,12.62878914801299,4.983978520947209,0.0,0.0,29.42190475566714,0.0,0.0,12.89,0.0,0.0,0.0,0.0,4.895483475517775,0.0,12.39368714322615,12.13273413692322,17.6127676689602,0.0,0.0,4.021882716049383,4.712962962962963,0.0,0.0,0.0,3.734567901234568,3.419475308641976,0.0,0.0,0.0,0.0,1.0,0.0,1.0,2.0,1.0,2.0,0.0,1.3703,0.0,0.0,0.0,0.0,0.0,0.0,0.0,0.0,1.0,0.0,0.0,0.0,1.0,0.0,0.0,0.0,0.0,0.0,0.0,0.0,0.0,0.0,0.0,0.0,0.0,0.0,0.0,0.0,-5.195648670196533,-4.10648250579834,-4.760360240936279,pca,False,train,In-Domain,
CCCNC(=O)c1cccc2ccccc12,10.175,11.90643896447468,0.012638888888889,0.012638888888889,0.8339793076486313,10.3125,213.28,0.2514099900922895,-0.3520313784345745,1.125,2.6875,16.14908155588073,10.0416118631729,2.072603053230993,-2.062990908104914,2.175890766044827,-2.235902030396866,6.064591365253716,0.0955093333729706,2.349549895144581,2.400096086851992,499.5664303368614,-1.83,6085.334228424465,4.79463040359227,2.056921168249258,5.316788604006331,0.0,0.0,0.0,5.907179729351506,0.0,4.794537184071822,0.0,0.0,0.0,43.32193961046029,23.25963712031721,12.10820789760957,0.0,4.794537184071822,16.6796281582811,0.0,5.316788604006331,0.0,13.34455882261663,6.544756405912575,48.02802097092827,0.0,5.316788604006331,0.0,0.0,0.0,12.45193613526408,0.0,23.70254749838545,42.46456947923127,0.0,10.77244842892959,29.1,0.0,4.794537184071822,5.907179729351506,0.0,29.30147794946517,0.0,0.0,49.38830667892189,5.316788604006331,0.0,0.0,0.0,11.90643896447468,5.017798091458806,0.756064814814815,0.012638888888889,13.74957797933988,0.9548671737213404,2.769280753968254,0.0,0.2142857142857142,1.0,2.0,1.0,0.0,1.0,1.0,2.0,3.0,2.979600000000001,0.0,0.0,0.0,0.0,0.0,0.0,1.0,1.0,0.0,1.0,0.0,0.0,0.0,0.0,0.0,0.0,0.0,0.0,0.0,0.0,0.0,0.0,0.0,0.0,0.0,0.0,0.0,0.0,-8.819661140441895,-1.144812345504761,-2.176846504211426,pca,False,train,In-Domain,
Clc1cccc2ccccc12,4.888,5.957037037037036,0.8223148148148152,0.8223148148148152,0.5564479696593142,10.27272727272727,162.619,0.048389036452779,-0.0836642186269789,0.8181818181818182,2.363636363636364,35.49569104215541,10.12844457072446,1.934419765834352,-1.96642852063551,2.214722752116632,-1.704476636578734,6.349799888114032,1.748124801473463,2.055950140473121,2.91316116360486,374.0344903986784,-1.01,505.7637345563877,2.554171088486387,1.09922970239497,0.0,0.0,0.0,0.0,0.0,0.0,0.0,0.0,0.0,0.0,47.99914230100217,11.45259128292641,10.40885752820612,0.0,0.0,22.37338831916211,0.0,0.0,0.0,0.0,0.0,47.4872027929726,0.0,0.0,0.0,0.0,11.60093989023252,0.0,0.0,0.0,42.46456947923127,5.022633313741326,10.77244842892959,0.0,0.0,0.0,0.0,0.0,10.40885752820612,5.386224214464796,0.0,30.33183534230805,12.13273413692322,11.60093989023252,0.0,5.957037037037036,0.0,3.138672839506174,0.0,0.0,14.0154012345679,0.0,0.0,0.0,0.0,0.0,0.0,0.0,0.0,0.0,0.0,1.0,0.0,3.493200000000002,0.0,0.0,0.0,0.0,0.0,0.0,0.0,0.0,0.0,0.0,0.0,0.0,0.0,0.0,0.0,0.0,0.0,0.0,1.0,0.0,0.0,0.0,0.0,0.0,0.0,0.0,0.0,0.0,-8.98476505279541,-1.633552074432373,-1.313623309135437,pca,False,train,In-Domain,
CCOCCc1cccnc1,6.5305,5.209640022675737,0.7919267290249433,0.7919267290249433,0.610433464578322,9.909090909090908,151.2089999999999,0.050636750445446,-0.381393361471389,1.545454545454545,3.090909090909091,16.47220139966958,10.20975106787202,1.894125634431125,-1.990575020457018,1.958888826893081,-1.970708450283607,5.076367704855105,0.1505995640500281,2.070366610359243,2.275801287367509,186.0140382728128,-0.89,414.0733220718486,4.854359854527306,3.140286644378089,4.736862953800049,0.0,0.0,0.0,0.0,0.0,4.983978520947209,0.0,0.0,0.0,6.06636706846161,24.97437738277524,19.00056910773907,6.606881964512918,4.736862953800049,0.0,0.0,4.983978520947209,0.0,13.34455882261663,13.21376392902584,30.08987277184637,0.0,0.0,0.0,0.0,0.0,18.19774244997305,11.15768457672606,12.48718869138762,24.52642128014937,0.0,0.0,22.12,0.0,0.0,0.0,0.0,19.63458555195184,5.563451491696996,6.196843571613076,19.18694783976531,11.05034558940882,4.736862953800049,5.209640022675737,0.0,4.00785761526833,0.0,1.236990740740741,0.0,4.00724111866969,4.615950255102041,3.588986914210128,0.0,0.4444444444444444,0.0,2.0,0.0,1.0,2.0,0.0,2.0,4.0,1.6606,0.0,0.0,0.0,0.0,0.0,0.0,0.0,0.0,1.0,0.0,0.0,0.0,0.0,0.0,0.0,0.0,0.0,1.0,0.0,0.0,0.0,0.0,0.0,0.0,0.0,0.0,0.0,0.0,7.713420391082764,4.449352264404297,-4.040071964263916,pca,False,train,In-Domain,
CNNC(=O)c1ccccn1,10.097,11.00856481481482,0.2286111111111108,-0.2286111111111108,0.5823470469312606,9.181818181818182,151.169,0.2834404093044856,-0.2863663656498444,1.545454545454545,2.909090909090909,16.15357997357325,10.33568272780096,2.015200200705851,-1.993030473477026,1.902380173423224,-2.340288714029918,5.911811537058519,0.0932732222995415,2.066172828612932,2.6930079504145,234.7008189726477,-1.42,380.1758004647795,3.676279989619408,2.014371346583059,0.0,5.693927994848461,0.0,0.0,5.907179729351506,0.0,15.20430710212942,5.425791397110385,0.0,0.0,6.06636706846161,12.13273413692322,13.24451555429027,0.0,4.794537184071822,5.907179729351506,0.0,15.83556131516798,0.0,0.0,7.04767198267719,30.08987277184637,0.0,10.85158279422077,0.0,0.0,0.0,17.9388302329759,0.0,10.48846517892028,24.39594477699791,0.0,0.0,54.02,0.0,4.794537184071822,5.907179729351506,5.693927994848461,0.0,0.0,31.44361675967509,0.0,15.83556131516798,0.0,0.0,0.0,14.8537962962963,0.0,5.341268896447468,-0.2286111111111108,5.167064436885865,1.573981481481481,0.0,1.625833333333333,0.1428571428571428,2.0,4.0,1.0,1.0,3.0,2.0,4.0,2.0,-0.0542000000000004,0.0,0.0,0.0,0.0,0.0,0.0,1.0,1.0,1.0,2.0,0.0,0.0,0.0,0.0,0.0,0.0,0.0,0.0,0.0,1.0,0.0,0.0,0.0,0.0,0.0,0.0,0.0,0.0,-2.508821487426758,3.118346452713013,-4.296962261199951,pca,False,train,In-Domain,
NC(=O)NCc1cccc2ccccc12,8.901,10.61981560216679,0.468935185185185,-0.497283163265305,0.765039597114036,10.13333333333333,200.241,0.3119416918378176,-0.3516607691635137,1.133333333333333,2.666666666666667,16.15812159841972,10.04890262057543,1.997347463355587,-2.057915094841222,2.174058224918988,-2.28143472934114,5.855600250303851,0.2483726019972896,2.25934343853336,2.377634119750364,488.4510308012037,-2.03,3375.459097168839,4.002881593971449,2.070848839522495,11.05045608116852,0.0,0.0,0.0,0.0,6.031114512338072,0.0,4.794537184071822,0.0,0.0,42.46456947923127,16.33589992062659,6.544756405912575,0.0,4.794537184071822,16.80356294126766,0.0,5.316788604006331,5.733667477162185,6.544756405912575,0.0,48.02802097092827,0.0,11.05045608116852,4.794537184071822,0.0,0.0,6.031114512338072,6.544756405912575,5.563451491696996,42.46456947923127,0.0,10.77244842892959,55.12,6.031114512338072,4.794537184071822,0.0,6.544756405912575,10.94967570616179,5.386224214464796,0.0,42.46456947923127,5.316788604006331,5.733667477162185,0.0,0.0,10.61981560216679,4.907630385487529,6.110146762408668,0.0,13.56013873141849,0.0,0.468935185185185,0.0,0.0833333333333333,3.0,3.0,2.0,0.0,1.0,2.0,3.0,2.0,2.0081,0.0,0.0,0.0,0.0,0.0,0.0,1.0,1.0,0.0,1.0,0.0,0.0,0.0,0.0,0.0,0.0,0.0,0.0,0.0,0.0,0.0,0.0,0.0,1.0,0.0,0.0,0.0,1.0,-5.687253952026367,5.146267890930176,-1.70012104511261,pca,False,train,In-Domain,
NCNCc1ccccn1,5.616,5.237465986394557,0.4966014739229025,0.4966014739229025,0.5802815710284264,9.7,137.186,0.0541576650740062,-0.3184914441478264,1.5,3.0,14.96008503941736,10.34451274405863,1.870186222972537,-1.97794268283731,1.897482891402934,-2.213686178353087,5.021199817752036,0.6944954933939514,2.029573889867405,2.426522346587954,173.4659104134693,-0.9300000000000002,251.6671623435582,3.977895969524155,2.125697952342366,5.733667477162185,0.0,0.0,0.0,0.0,0.0,10.30076712495354,0.0,0.0,0.0,6.06636706846161,12.13273413692322,19.41029116642479,5.693927994848461,0.0,0.0,0.0,10.30076712495354,5.733667477162185,6.544756405912575,6.668691188899143,30.08987277184637,0.0,11.05045608116852,0.0,0.0,0.0,11.65266970984635,6.544756405912575,5.693927994848461,24.39594477699791,0.0,0.0,50.94,0.0,0.0,0.0,6.668691188899143,12.23868440076104,0.0,6.196843571613076,18.19910120538483,10.30076712495354,5.733667477162185,0.0,0.0,4.098194444444444,2.979814814814815,6.258715986394558,0.0,5.814619236583523,1.771359599395314,1.243962585034014,0.0,0.2857142857142857,3.0,3.0,0.0,1.0,3.0,2.0,3.0,3.0,0.0873999999999992,0.0,0.0,0.0,0.0,0.0,0.0,0.0,0.0,1.0,1.0,0.0,0.0,0.0,0.0,0.0,0.0,0.0,0.0,0.0,0.0,0.0,0.0,0.0,0.0,0.0,0.0,0.0,0.0,-5.970495223999023,4.985166549682617,-1.03328263759613,pca,False,train,In-Domain,
O=C(O)OC(=O)c1ccccc1,6.6955,10.85203703703704,0.22212962962963,-1.593654572940286,0.5070615557532862,9.0,166.132,0.5134039081564565,-0.449343430660616,1.166666666666667,2.25,16.67972971163205,10.2129967709288,2.090643441992951,-1.959399616244449,1.999640956255737,-2.090590096014695,5.942653681568579,0.0509103296374939,2.047189822463458,2.725078186491341,291.1859869704292,-1.84,515.8918352607915,3.52179451409355,2.086362156468448,9.843390348640757,0.0,0.0,0.0,0.0,12.12467091749061,0.0,9.589074368143644,0.0,0.0,18.19910120538483,12.13273413692322,0.0,5.563451491696996,19.4324647167844,12.12467091749061,0.0,0.0,0.0,0.0,0.0,35.89528683400505,0.0,0.0,4.794537184071822,0.0,0.0,17.23119831233132,4.736862953800049,10.35798867576882,30.33183534230805,0.0,0.0,63.6,12.12467091749061,9.589074368143644,5.563451491696996,0.0,0.0,12.13273413692322,18.19910120538483,0.0,4.736862953800049,5.106527394840706,3.913981481481482,0.0,20.79202144746787,8.102154195011337,0.22212962962963,-0.8582407407407409,7.921608560090702,-1.593654572940286,0.0,0.0,0.0,1.0,4.0,0.0,0.0,3.0,1.0,4.0,1.0,1.5214,0.0,0.0,0.0,0.0,0.0,1.0,2.0,1.0,0.0,0.0,0.0,0.0,0.0,0.0,0.0,0.0,1.0,1.0,0.0,0.0,0.0,0.0,0.0,0.0,0.0,0.0,0.0,0.0,9.71650218963623,-1.190707921981812,0.3169001936912537,pca,False,train,In-Domain,
CNCc1ccccn1,8.251000000000001,4.105972222222222,0.8480555555555556,0.8480555555555556,0.6272692040948417,9.444444444444445,122.171,0.0541038411247648,-0.3142447670903719,1.555555555555556,3.0,14.84001331945467,10.34675965624131,1.847710304701845,-1.94252668478574,1.894168912825498,-2.053750478072815,5.019945393158111,0.7911109125896325,1.910086008859914,2.61489994009295,159.8269363112177,-0.8900000000000001,145.1665366733534,3.198271052304978,1.816389947961151,5.316788604006331,0.0,0.0,0.0,0.0,0.0,4.983978520947209,0.0,0.0,0.0,6.06636706846161,19.18040611960041,12.74159997752565,5.693927994848461,0.0,0.0,0.0,10.30076712495354,0.0,6.544756405912575,7.04767198267719,30.08987277184637,0.0,5.316788604006331,0.0,0.0,0.0,12.0316505036244,6.544756405912575,5.693927994848461,24.39594477699791,0.0,0.0,24.92,0.0,0.0,0.0,0.0,12.23868440076104,0.0,6.196843571613076,25.24677318806202,10.30076712495354,0.0,0.0,0.0,4.105972222222222,3.021481481481481,1.083333333333334,0.0,5.898148148148148,1.798287037037037,0.8480555555555556,1.911388888888889,0.2857142857142857,1.0,2.0,0.0,1.0,2.0,1.0,2.0,2.0,0.8009999999999999,0.0,0.0,0.0,0.0,0.0,0.0,0.0,0.0,1.0,1.0,0.0,0.0,0.0,0.0,0.0,0.0,0.0,0.0,0.0,0.0,0.0,0.0,0.0,0.0,0.0,0.0,0.0,0.0,-0.3611823916435242,-2.383281707763672,0.5775609612464905,pca,False,train,In-Domain,
,,,,,,,,,,,,,,,,,,,,,,,,,,,,,,,,,,,,,,,,,,,,,,,,,,,,,,,,,,,,,,,,,,,,,,,,,,,,,,,,,,,,,,,,,,,,,,,,,,,,,,,,,,,,,,,,,,,,,,,-4.084970951080322,-0.2824320495128632,3.695614337921143,pca,False,train,In-Domain,
,,,,,,,,,,,,,,,,,,,,,,,,,,,,,,,,,,,,,,,,,,,,,,,,,,,,,,,,,,,,,,,,,,,,,,,,,,,,,,,,,,,,,,,,,,,,,,,,,,,,,,,,,,,,,,,,,,,,,,,-4.131661415100098,-0.2628204524517059,3.994139671325684,pca,False,train,In-Domain,
,,,,,,,,,,,,,,,,,,,,,,,,,,,,,,,,,,,,,,,,,,,,,,,,,,,,,,,,,,,,,,,,,,,,,,,,,,,,,,,,,,,,,,,,,,,,,,,,,,,,,,,,,,,,,,,,,,,,,,,7.045766353607178,-4.74689245223999,-4.805443286895752,pca,False,train,In-Domain,
,,,,,,,,,,,,,,,,,,,,,,,,,,,,,,,,,,,,,,,,,,,,,,,,,,,,,,,,,,,,,,,,,,,,,,,,,,,,,,,,,,,,,,,,,,,,,,,,,,,,,,,,,,,,,,,,,,,,,,,-3.15446138381958,-6.150664329528809,-5.154355525970459,pca,False,train,In-Domain,
,,,,,,,,,,,,,,,,,,,,,,,,,,,,,,,,,,,,,,,,,,,,,,,,,,,,,,,,,,,,,,,,,,,,,,,,,,,,,,,,,,,,,,,,,,,,,,,,,,,,,,,,,,,,,,,,,,,,,,,-6.702713012695312,-3.468546152114868,-2.350195407867432,pca,False,train,In-Domain,
,,,,,,,,,,,,,,,,,,,,,,,,,,,,,,,,,,,,,,,,,,,,,,,,,,,,,,,,,,,,,,,,,,,,,,,,,,,,,,,,,,,,,,,,,,,,,,,,,,,,,,,,,,,,,,,,,,,,,,,-7.070319652557373,-3.767751932144165,-1.68219518661499,pca,False,train,In-Domain,
,,,,,,,,,,,,,,,,,,,,,,,,,,,,,,,,,,,,,,,,,,,,,,,,,,,,,,,,,,,,,,,,,,,,,,,,,,,,,,,,,,,,,,,,,,,,,,,,,,,,,,,,,,,,,,,,,,,,,,,3.889833211898804,-4.189115047454834,-5.809178829193115,pca,False,train,In-Domain,
,,,,,,,,,,,,,,,,,,,,,,,,,,,,,,,,,,,,,,,,,,,,,,,,,,,,,,,,,,,,,,,,,,,,,,,,,,,,,,,,,,,,,,,,,,,,,,,,,,,,,,,,,,,,,,,,,,,,,,,-6.500981330871582,-5.953569889068604,-6.6340012550354,pca,False,train,In-Domain,
,,,,,,,,,,,,,,,,,,,,,,,,,,,,,,,,,,,,,,,,,,,,,,,,,,,,,,,,,,,,,,,,,,,,,,,,,,,,,,,,,,,,,,,,,,,,,,,,,,,,,,,,,,,,,,,,,,,,,,,-10.14864158630371,-2.920044898986816,-3.723035097122192,pca,False,train,In-Domain,
,,,,,,,,,,,,,,,,,,,,,,,,,,,,,,,,,,,,,,,,,,,,,,,,,,,,,,,,,,,,,,,,,,,,,,,,,,,,,,,,,,,,,,,,,,,,,,,,,,,,,,,,,,,,,,,,,,,,,,,-10.54209232330322,-3.01909613609314,-2.938722133636475,pca,False,train,In-Domain,
,,,,,,,,,,,,,,,,,,,,,,,,,,,,,,,,,,,,,,,,,,,,,,,,,,,,,,,,,,,,,,,,,,,,,,,,,,,,,,,,,,,,,,,,,,,,,,,,,,,,,,,,,,,,,,,,,,,,,,,7.341116905212402,4.826381683349609,-4.0688157081604,pca,False,train,In-Domain,
,,,,,,,,,,,,,,,,,,,,,,,,,,,,,,,,,,,,,,,,,,,,,,,,,,,,,,,,,,,,,,,,,,,,,,,,,,,,,,,,,,,,,,,,,,,,,,,,,,,,,,,,,,,,,,,,,,,,,,,-2.973057985305786,3.742431879043579,-4.295422077178955,pca,False,train,In-Domain,
,,,,,,,,,,,,,,,,,,,,,,,,,,,,,,,,,,,,,,,,,,,,,,,,,,,,,,,,,,,,,,,,,,,,,,,,,,,,,,,,,,,,,,,,,,,,,,,,,,,,,,,,,,,,,,,,,,,,,,,-5.986131191253662,5.541916370391846,-1.606224179267883,pca,False,train,In-Domain,
,,,,,,,,,,,,,,,,,,,,,,,,,,,,,,,,,,,,,,,,,,,,,,,,,,,,,,,,,,,,,,,,,,,,,,,,,,,,,,,,,,,,,,,,,,,,,,,,,,,,,,,,,,,,,,,,,,,,,,,-6.239503383636475,5.461315631866455,-1.048559904098511,pca,False,train,In-Domain,
,,,,,,,,,,,,,,,,,,,,,,,,,,,,,,,,,,,,,,,,,,,,,,,,,,,,,,,,,,,,,,,,,,,,,,,,,,,,,,,,,,,,,,,,,,,,,,,,,,,,,,,,,,,,,,,,,,,,,,,13.64911556243896,3.785612344741821,0.7557451725006104,pca,False,train,In-Domain,
,,,,,,,,,,,,,,,,,,,,,,,,,,,,,,,,,,,,,,,,,,,,,,,,,,,,,,,,,,,,,,,,,,,,,,,,,,,,,,,,,,,,,,,,,,,,,,,,,,,,,,,,,,,,,,,,,,,,,,,3.501169681549072,2.388826608657837,0.9507644176483154,pca,False,train,In-Domain,
,,,,,,,,,,,,,,,,,,,,,,,,,,,,,,,,,,,,,,,,,,,,,,,,,,,,,,,,,,,,,,,,,,,,,,,,,,,,,,,,,,,,,,,,,,,,,,,,,,,,,,,,,,,,,,,,,,,,,,,0.02295722626149654,4.467689514160156,3.97657036781311,pca,False,train,In-Domain,
,,,,,,,,,,,,,,,,,,,,,,,,,,,,,,,,,,,,,,,,,,,,,,,,,,,,,,,,,,,,,,,,,,,,,,,,,,,,,,,,,,,,,,,,,,,,,,,,,,,,,,,,,,,,,,,,,,,,,,,-0.1437702476978302,4.563673973083496,4.287541389465332,pca,False,train,In-Domain,
,,,,,,,,,,,,,,,,,,,,,,,,,,,,,,,,,,,,,,,,,,,,,,,,,,,,,,,,,,,,,,,,,,,,,,,,,,,,,,,,,,,,,,,,,,,,,,,,,,,,,,,,,,,,,,,,,,,,,,,11.26607322692871,3.744827032089233,-1.192565202713013,pca,False,train,In-Domain,
,,,,,,,,,,,,,,,,,,,,,,,,,,,,,,,,,,,,,,,,,,,,,,,,,,,,,,,,,,,,,,,,,,,,,,,,,,,,,,,,,,,,,,,,,,,,,,,,,,,,,,,,,,,,,,,,,,,,,,,1.213504433631897,2.433373689651489,-1.030648469924927,pca,False,train,In-Domain,
,,,,,,,,,,,,,,,,,,,,,,,,,,,,,,,,,,,,,,,,,,,,,,,,,,,,,,,,,,,,,,,,,,,,,,,,,,,,,,,,,,,,,,,,,,,,,,,,,,,,,,,,,,,,,,,,,,,,,,,-2.346293926239014,4.481767177581787,1.958511471748352,pca,False,train,In-Domain,
,,,,,,,,,,,,,,,,,,,,,,,,,,,,,,,,,,,,,,,,,,,,,,,,,,,,,,,,,,,,,,,,,,,,,,,,,,,,,,,,,,,,,,,,,,,,,,,,,,,,,,,,,,,,,,,,,,,,,,,-2.491421937942505,4.551032066345215,2.306317090988159,pca,False,train,In-Domain,
,,,,,,,,,,,,,,,,,,,,,,,,,,,,,,,,,,,,,,,,,,,,,,,,,,,,,,,,,,,,,,,,,,,,,,,,,,,,,,,,,,,,,,,,,,,,,,,,,,,,,,,,,,,,,,,,,,,,,,,9.326805114746094,6.278120994567871,-2.181759119033813,pca,False,train,In-Domain,
,,,,,,,,,,,,,,,,,,,,,,,,,,,,,,,,,,,,,,,,,,,,,,,,,,,,,,,,,,,,,,,,,,,,,,,,,,,,,,,,,,,,,,,,,,,,,,,,,,,,,,,,,,,,,,,,,,,,,,,-0.9622254371643066,5.087988376617432,-2.1891930103302,pca,False,train,In-Domain,
,,,,,,,,,,,,,,,,,,,,,,,,,,,,,,,,,,,,,,,,,,,,,,,,,,,,,,,,,,,,,,,,,,,,,,,,,,,,,,,,,,,,,,,,,,,,,,,,,,,,,,,,,,,,,,,,,,,,,,,-4.229293823242188,7.072865009307861,0.8135191798210144,pca,False,train,In-Domain,
,,,,,,,,,,,,,,,,,,,,,,,,,,,,,,,,,,,,,,,,,,,,,,,,,,,,,,,,,,,,,,,,,,,,,,,,,,,,,,,,,,,,,,,,,,,,,,,,,,,,,,,,,,,,,,,,,,,,,,,-4.318904876708984,6.961819648742676,1.131835103034973,pca,False,train,In-Domain,
,,,,,,,,,,,,,,,,,,,,,,,,,,,,,,,,,,,,,,,,,,,,,,,,,,,,,,,,,,,,,,,,,,,,,,,,,,,,,,,,,,,,,,,,,,,,,,,,,,,,,,,,,,,,,,,,,,,,,,,9.00484848022461,3.794974565505981,-3.284052133560181,pca,False,train,In-Domain,
,,,,,,,,,,,,,,,,,,,,,,,,,,,,,,,,,,,,,,,,,,,,,,,,,,,,,,,,,,,,,,,,,,,,,,,,,,,,,,,,,,,,,,,,,,,,,,,,,,,,,,,,,,,,,,,,,,,,,,,-1.27973198890686,2.608335018157959,-3.466437578201294,pca,False,train,In-Domain,
,,,,,,,,,,,,,,,,,,,,,,,,,,,,,,,,,,,,,,,,,,,,,,,,,,,,,,,,,,,,,,,,,,,,,,,,,,,,,,,,,,,,,,,,,,,,,,,,,,,,,,,,,,,,,,,,,,,,,,,-4.905869483947754,4.884018421173096,-0.4927980601787567,pca,False,train,In-Domain,
,,,,,,,,,,,,,,,,,,,,,,,,,,,,,,,,,,,,,,,,,,,,,,,,,,,,,,,,,,,,,,,,,,,,,,,,,,,,,,,,,,,,,,,,,,,,,,,,,,,,,,,,,,,,,,,,,,,,,,,-4.969222068786621,4.685959815979004,-0.09067943692207336,pca,False,train,In-Domain,
,,,,,,,,,,,,,,,,,,,,,,,,,,,,,,,,,,,,,,,,,,,,,,,,,,,,,,,,,,,,,,,,,,,,,,,,,,,,,,,,,,,,,,,,,,,,,,,,,,,,,,,,,,,,,,,,,,,,,,,10.36431884765625,10.9154806137085,-4.259402275085449,pca,False,train,In-Domain,
,,,,,,,,,,,,,,,,,,,,,,,,,,,,,,,,,,,,,,,,,,,,,,,,,,,,,,,,,,,,,,,,,,,,,,,,,,,,,,,,,,,,,,,,,,,,,,,,,,,,,,,,,,,,,,,,,,,,,,,0.2092757672071457,9.472862243652344,-4.436822891235352,pca,False,train,In-Domain,
,,,,,,,,,,,,,,,,,,,,,,,,,,,,,,,,,,,,,,,,,,,,,,,,,,,,,,,,,,,,,,,,,,,,,,,,,,,,,,,,,,,,,,,,,,,,,,,,,,,,,,,,,,,,,,,,,,,,,,,-3.030615329742432,11.46389579772949,-1.975238680839539,pca,False,train,In-Domain,
,,,,,,,,,,,,,,,,,,,,,,,,,,,,,,,,,,,,,,,,,,,,,,,,,,,,,,,,,,,,,,,,,,,,,,,,,,,,,,,,,,,,,,,,,,,,,,,,,,,,,,,,,,,,,,,,,,,,,,,-3.046943187713623,11.30765342712402,-1.449268579483032,pca,False,train,In-Domain,
,,,,,,,,,,,,,,,,,,,,,,,,,,,,,,,,,,,,,,,,,,,,,,,,,,,,,,,,,,,,,,,,,,,,,,,,,,,,,,,,,,,,,,,,,,,,,,,,,,,,,,,,,,,,,,,,,,,,,,,10.11365699768066,5.57606029510498,-2.296546459197998,pca,False,train,In-Domain,
,,,,,,,,,,,,,,,,,,,,,,,,,,,,,,,,,,,,,,,,,,,,,,,,,,,,,,,,,,,,,,,,,,,,,,,,,,,,,,,,,,,,,,,,,,,,,,,,,,,,,,,,,,,,,,,,,,,,,,,-0.04422947019338608,4.294999122619629,-2.177055835723877,pca,False,train,In-Domain,
,,,,,,,,,,,,,,,,,,,,,,,,,,,,,,,,,,,,,,,,,,,,,,,,,,,,,,,,,,,,,,,,,,,,,,,,,,,,,,,,,,,,,,,,,,,,,,,,,,,,,,,,,,,,,,,,,,,,,,,-3.654993772506714,6.602670192718506,0.5847594141960144,pca,False,train,In-Domain,
,,,,,,,,,,,,,,,,,,,,,,,,,,,,,,,,,,,,,,,,,,,,,,,,,,,,,,,,,,,,,,,,,,,,,,,,,,,,,,,,,,,,,,,,,,,,,,,,,,,,,,,,,,,,,,,,,,,,,,,-3.789612531661987,6.426143646240234,1.134740471839905,pca,False,train,In-Domain,
,,,,,,,,,,,,,,,,,,,,,,,,,,,,,,,,,,,,,,,,,,,,,,,,,,,,,,,,,,,,,,,,,,,,,,,,,,,,,,,,,,,,,,,,,,,,,,,,,,,,,,,,,,,,,,,,,,,,,,,7.686248779296875,5.005910873413086,-5.121785163879395,pca,False,train,In-Domain,
,,,,,,,,,,,,,,,,,,,,,,,,,,,,,,,,,,,,,,,,,,,,,,,,,,,,,,,,,,,,,,,,,,,,,,,,,,,,,,,,,,,,,,,,,,,,,,,,,,,,,,,,,,,,,,,,,,,,,,,-2.666607618331909,3.725219011306763,-5.392370700836182,pca,False,train,In-Domain,
,,,,,,,,,,,,,,,,,,,,,,,,,,,,,,,,,,,,,,,,,,,,,,,,,,,,,,,,,,,,,,,,,,,,,,,,,,,,,,,,,,,,,,,,,,,,,,,,,,,,,,,,,,,,,,,,,,,,,,,-5.88224983215332,5.823899269104004,-2.667573213577271,pca,False,train,In-Domain,
,,,,,,,,,,,,,,,,,,,,,,,,,,,,,,,,,,,,,,,,,,,,,,,,,,,,,,,,,,,,,,,,,,,,,,,,,,,,,,,,,,,,,,,,,,,,,,,,,,,,,,,,,,,,,,,,,,,,,,,-6.03679370880127,5.750126838684082,-2.101603031158447,pca,False,train,In-Domain,
,,,,,,,,,,,,,,,,,,,,,,,,,,,,,,,,,,,,,,,,,,,,,,,,,,,,,,,,,,,,,,,,,,,,,,,,,,,,,,,,,,,,,,,,,,,,,,,,,,,,,,,,,,,,,,,,,,,,,,,10.33541393280029,9.997867584228516,-4.551273345947266,pca,False,train,In-Domain,
,,,,,,,,,,,,,,,,,,,,,,,,,,,,,,,,,,,,,,,,,,,,,,,,,,,,,,,,,,,,,,,,,,,,,,,,,,,,,,,,,,,,,,,,,,,,,,,,,,,,,,,,,,,,,,,,,,,,,,,0.2391982525587082,8.447887420654297,-4.750963687896729,pca,False,train,In-Domain,
,,,,,,,,,,,,,,,,,,,,,,,,,,,,,,,,,,,,,,,,,,,,,,,,,,,,,,,,,,,,,,,,,,,,,,,,,,,,,,,,,,,,,,,,,,,,,,,,,,,,,,,,,,,,,,,,,,,,,,,-2.976684331893921,10.37599563598633,-2.252925872802734,pca,False,train,In-Domain,
,,,,,,,,,,,,,,,,,,,,,,,,,,,,,,,,,,,,,,,,,,,,,,,,,,,,,,,,,,,,,,,,,,,,,,,,,,,,,,,,,,,,,,,,,,,,,,,,,,,,,,,,,,,,,,,,,,,,,,,-2.919601202011108,10.05785465240479,-1.583230137825012,pca,False,train,In-Domain,
,,,,,,,,,,,,,,,,,,,,,,,,,,,,,,,,,,,,,,,,,,,,,,,,,,,,,,,,,,,,,,,,,,,,,,,,,,,,,,,,,,,,,,,,,,,,,,,,,,,,,,,,,,,,,,,,,,,,,,,12.08390617370605,6.042821884155273,-0.6864197254180908,pca,False,train,In-Domain,
,,,,,,,,,,,,,,,,,,,,,,,,,,,,,,,,,,,,,,,,,,,,,,,,,,,,,,,,,,,,,,,,,,,,,,,,,,,,,,,,,,,,,,,,,,,,,,,,,,,,,,,,,,,,,,,,,,,,,,,1.867900013923645,4.741441249847412,-0.4333673715591431,pca,False,train,In-Domain,
,,,,,,,,,,,,,,,,,,,,,,,,,,,,,,,,,,,,,,,,,,,,,,,,,,,,,,,,,,,,,,,,,,,,,,,,,,,,,,,,,,,,,,,,,,,,,,,,,,,,,,,,,,,,,,,,,,,,,,,-1.639253735542297,6.682203769683838,2.472569942474365,pca,False,train,In-Domain,
,,,,,,,,,,,,,,,,,,,,,,,,,,,,,,,,,,,,,,,,,,,,,,,,,,,,,,,,,,,,,,,,,,,,,,,,,,,,,,,,,,,,,,,,,,,,,,,,,,,,,,,,,,,,,,,,,,,,,,,-1.813666582107544,6.836073398590088,2.847102880477905,pca,False,train,In-Domain,
,,,,,,,,,,,,,,,,,,,,,,,,,,,,,,,,,,,,,,,,,,,,,,,,,,,,,,,,,,,,,,,,,,,,,,,,,,,,,,,,,,,,,,,,,,,,,,,,,,,,,,,,,,,,,,,,,,,,,,,9.547391891479492,1.96039867401123,-5.160627841949463,pca,False,train,In-Domain,
,,,,,,,,,,,,,,,,,,,,,,,,,,,,,,,,,,,,,,,,,,,,,,,,,,,,,,,,,,,,,,,,,,,,,,,,,,,,,,,,,,,,,,,,,,,,,,,,,,,,,,,,,,,,,,,,,,,,,,,-0.7053222060203552,0.7629920244216919,-5.337460994720459,pca,False,train,In-Domain,
,,,,,,,,,,,,,,,,,,,,,,,,,,,,,,,,,,,,,,,,,,,,,,,,,,,,,,,,,,,,,,,,,,,,,,,,,,,,,,,,,,,,,,,,,,,,,,,,,,,,,,,,,,,,,,,,,,,,,,,-4.573293685913086,3.650295495986938,-2.774073839187622,pca,False,train,In-Domain,
,,,,,,,,,,,,,,,,,,,,,,,,,,,,,,,,,,,,,,,,,,,,,,,,,,,,,,,,,,,,,,,,,,,,,,,,,,,,,,,,,,,,,,,,,,,,,,,,,,,,,,,,,,,,,,,,,,,,,,,-4.396090984344482,2.938000440597534,-2.06798791885376,pca,False,train,In-Domain,
,,,,,,,,,,,,,,,,,,,,,,,,,,,,,,,,,,,,,,,,,,,,,,,,,,,,,,,,,,,,,,,,,,,,,,,,,,,,,,,,,,,,,,,,,,,,,,,,,,,,,,,,,,,,,,,,,,,,,,,6.629720687866211,3.297218322753906,-5.920920372009277,pca,False,train,In-Domain,
,,,,,,,,,,,,,,,,,,,,,,,,,,,,,,,,,,,,,,,,,,,,,,,,,,,,,,,,,,,,,,,,,,,,,,,,,,,,,,,,,,,,,,,,,,,,,,,,,,,,,,,,,,,,,,,,,,,,,,,-3.744980096817017,2.104281187057495,-6.403362274169922,pca,False,train,In-Domain,
,,,,,,,,,,,,,,,,,,,,,,,,,,,,,,,,,,,,,,,,,,,,,,,,,,,,,,,,,,,,,,,,,,,,,,,,,,,,,,,,,,,,,,,,,,,,,,,,,,,,,,,,,,,,,,,,,,,,,,,-6.877813339233398,4.099897861480713,-3.721991777420044,pca,False,train,In-Domain,
,,,,,,,,,,,,,,,,,,,,,,,,,,,,,,,,,,,,,,,,,,,,,,,,,,,,,,,,,,,,,,,,,,,,,,,,,,,,,,,,,,,,,,,,,,,,,,,,,,,,,,,,,,,,,,,,,,,,,,,-6.962959289550781,3.806083679199219,-3.038851737976074,pca,False,train,In-Domain,
,,,,,,,,,,,,,,,,,,,,,,,,,,,,,,,,,,,,,,,,,,,,,,,,,,,,,,,,,,,,,,,,,,,,,,,,,,,,,,,,,,,,,,,,,,,,,,,,,,,,,,,,,,,,,,,,,,,,,,,7.533317565917969,4.263712882995605,-4.71179723739624,pca,False,train,In-Domain,
,,,,,,,,,,,,,,,,,,,,,,,,,,,,,,,,,,,,,,,,,,,,,,,,,,,,,,,,,,,,,,,,,,,,,,,,,,,,,,,,,,,,,,,,,,,,,,,,,,,,,,,,,,,,,,,,,,,,,,,-2.769968271255493,3.166814088821411,-4.964820384979248,pca,False,train,In-Domain,
,,,,,,,,,,,,,,,,,,,,,,,,,,,,,,,,,,,,,,,,,,,,,,,,,,,,,,,,,,,,,,,,,,,,,,,,,,,,,,,,,,,,,,,,,,,,,,,,,,,,,,,,,,,,,,,,,,,,,,,-5.843047142028809,5.150093555450439,-2.404780149459839,pca,False,train,In-Domain,
,,,,,,,,,,,,,,,,,,,,,,,,,,,,,,,,,,,,,,,,,,,,,,,,,,,,,,,,,,,,,,,,,,,,,,,,,,,,,,,,,,,,,,,,,,,,,,,,,,,,,,,,,,,,,,,,,,,,,,,-5.922132015228271,4.82703685760498,-1.6896812915802,pca,False,train,In-Domain,
,,,,,,,,,,,,,,,,,,,,,,,,,,,,,,,,,,,,,,,,,,,,,,,,,,,,,,,,,,,,,,,,,,,,,,,,,,,,,,,,,,,,,,,,,,,,,,,,,,,,,,,,,,,,,,,,,,,,,,,10.68984222412109,-2.200616836547852,0.262661337852478,pca,False,train,In-Domain,
,,,,,,,,,,,,,,,,,,,,,,,,,,,,,,,,,,,,,,,,,,,,,,,,,,,,,,,,,,,,,,,,,,,,,,,,,,,,,,,,,,,,,,,,,,,,,,,,,,,,,,,,,,,,,,,,,,,,,,,0.653309166431427,-3.432818412780762,0.4651004374027252,pca,False,train,In-Domain,
,,,,,,,,,,,,,,,,,,,,,,,,,,,,,,,,,,,,,,,,,,,,,,,,,,,,,,,,,,,,,,,,,,,,,,,,,,,,,,,,,,,,,,,,,,,,,,,,,,,,,,,,,,,,,,,,,,,,,,,-2.904378652572632,-1.394438505172729,3.584722995758057,pca,False,train,In-Domain,
,,,,,,,,,,,,,,,,,,,,,,,,,,,,,,,,,,,,,,,,,,,,,,,,,,,,,,,,,,,,,,,,,,,,,,,,,,,,,,,,,,,,,,,,,,,,,,,,,,,,,,,,,,,,,,,,,,,,,,,-3.006049871444702,-1.397044777870178,3.858133792877197,pca,False,train,In-Domain,
,,,,,,,,,,,,,,,,,,,,,,,,,,,,,,,,,,,,,,,,,,,,,,,,,,,,,,,,,,,,,,,,,,,,,,,,,,,,,,,,,,,,,,,,,,,,,,,,,,,,,,,,,,,,,,,,,,,,,,,8.31883430480957,-2.105377435684204,-2.024266958236694,pca,False,train,In-Domain,
,,,,,,,,,,,,,,,,,,,,,,,,,,,,,,,,,,,,,,,,,,,,,,,,,,,,,,,,,,,,,,,,,,,,,,,,,,,,,,,,,,,,,,,,,,,,,,,,,,,,,,,,,,,,,,,,,,,,,,,-1.820228934288025,-3.410898685455322,-1.976322889328003,pca,False,train,In-Domain,
,,,,,,,,,,,,,,,,,,,,,,,,,,,,,,,,,,,,,,,,,,,,,,,,,,,,,,,,,,,,,,,,,,,,,,,,,,,,,,,,,,,,,,,,,,,,,,,,,,,,,,,,,,,,,,,,,,,,,,,-5.587671756744385,-1.134740948677063,1.293117642402649,pca,False,train,In-Domain,
,,,,,,,,,,,,,,,,,,,,,,,,,,,,,,,,,,,,,,,,,,,,,,,,,,,,,,,,,,,,,,,,,,,,,,,,,,,,,,,,,,,,,,,,,,,,,,,,,,,,,,,,,,,,,,,,,,,,,,,-5.646172523498535,-1.122917771339417,1.593483328819275,pca,False,train,In-Domain,
,,,,,,,,,,,,,,,,,,,,,,,,,,,,,,,,,,,,,,,,,,,,,,,,,,,,,,,,,,,,,,,,,,,,,,,,,,,,,,,,,,,,,,,,,,,,,,,,,,,,,,,,,,,,,,,,,,,,,,,6.564106464385986,0.4921323359012604,-3.014160871505737,pca,False,train,In-Domain,
,,,,,,,,,,,,,,,,,,,,,,,,,,,,,,,,,,,,,,,,,,,,,,,,,,,,,,,,,,,,,,,,,,,,,,,,,,,,,,,,,,,,,,,,,,,,,,,,,,,,,,,,,,,,,,,,,,,,,,,-3.669903993606567,-0.7318786978721619,-3.041356801986694,pca,False,train,In-Domain,
,,,,,,,,,,,,,,,,,,,,,,,,,,,,,,,,,,,,,,,,,,,,,,,,,,,,,,,,,,,,,,,,,,,,,,,,,,,,,,,,,,,,,,,,,,,,,,,,,,,,,,,,,,,,,,,,,,,,,,,-7.248175144195557,1.519924402236938,0.02925664559006691,pca,False,train,In-Domain,
,,,,,,,,,,,,,,,,,,,,,,,,,,,,,,,,,,,,,,,,,,,,,,,,,,,,,,,,,,,,,,,,,,,,,,,,,,,,,,,,,,,,,,,,,,,,,,,,,,,,,,,,,,,,,,,,,,,,,,,-7.281135082244873,1.388295531272888,0.4564825892448425,pca,False,train,In-Domain,
,,,,,,,,,,,,,,,,,,,,,,,,,,,,,,,,,,,,,,,,,,,,,,,,,,,,,,,,,,,,,,,,,,,,,,,,,,,,,,,,,,,,,,,,,,,,,,,,,,,,,,,,,,,,,,,,,,,,,,,6.188636302947998,-2.418796539306641,-4.296935558319092,pca,False,train,In-Domain,
,,,,,,,,,,,,,,,,,,,,,,,,,,,,,,,,,,,,,,,,,,,,,,,,,,,,,,,,,,,,,,,,,,,,,,,,,,,,,,,,,,,,,,,,,,,,,,,,,,,,,,,,,,,,,,,,,,,,,,,-3.959908246994019,-3.739937543869019,-4.411719799041748,pca,False,train,In-Domain,
,,,,,,,,,,,,,,,,,,,,,,,,,,,,,,,,,,,,,,,,,,,,,,,,,,,,,,,,,,,,,,,,,,,,,,,,,,,,,,,,,,,,,,,,,,,,,,,,,,,,,,,,,,,,,,,,,,,,,,,-7.771144390106201,-1.462120175361633,-1.425478100776672,pca,False,train,In-Domain,
,,,,,,,,,,,,,,,,,,,,,,,,,,,,,,,,,,,,,,,,,,,,,,,,,,,,,,,,,,,,,,,,,,,,,,,,,,,,,,,,,,,,,,,,,,,,,,,,,,,,,,,,,,,,,,,,,,,,,,,-7.88077449798584,-1.460565567016602,-0.8003710508346558,pca,False,train,In-Domain,
,,,,,,,,,,,,,,,,,,,,,,,,,,,,,,,,,,,,,,,,,,,,,,,,,,,,,,,,,,,,,,,,,,,,,,,,,,,,,,,,,,,,,,,,,,,,,,,,,,,,,,,,,,,,,,,,,,,,,,,7.453212261199951,-0.8367919921875,-1.954718351364136,pca,False,train,In-Domain,
,,,,,,,,,,,,,,,,,,,,,,,,,,,,,,,,,,,,,,,,,,,,,,,,,,,,,,,,,,,,,,,,,,,,,,,,,,,,,,,,,,,,,,,,,,,,,,,,,,,,,,,,,,,,,,,,,,,,,,,-2.714950084686279,-2.117691516876221,-1.843247771263123,pca,False,train,In-Domain,
,,,,,,,,,,,,,,,,,,,,,,,,,,,,,,,,,,,,,,,,,,,,,,,,,,,,,,,,,,,,,,,,,,,,,,,,,,,,,,,,,,,,,,,,,,,,,,,,,,,,,,,,,,,,,,,,,,,,,,,-6.275115966796875,-0.102655366063118,1.00822651386261,pca,False,train,In-Domain,
,,,,,,,,,,,,,,,,,,,,,,,,,,,,,,,,,,,,,,,,,,,,,,,,,,,,,,,,,,,,,,,,,,,,,,,,,,,,,,,,,,,,,,,,,,,,,,,,,,,,,,,,,,,,,,,,,,,,,,,-6.533044338226318,0.02913982234895229,1.611867427825928,pca,False,train,In-Domain,
,,,,,,,,,,,,,,,,,,,,,,,,,,,,,,,,,,,,,,,,,,,,,,,,,,,,,,,,,,,,,,,,,,,,,,,,,,,,,,,,,,,,,,,,,,,,,,,,,,,,,,,,,,,,,,,,,,,,,,,5.145318031311035,-1.830010771751404,-4.831190586090088,pca,False,train,In-Domain,
,,,,,,,,,,,,,,,,,,,,,,,,,,,,,,,,,,,,,,,,,,,,,,,,,,,,,,,,,,,,,,,,,,,,,,,,,,,,,,,,,,,,,,,,,,,,,,,,,,,,,,,,,,,,,,,,,,,,,,,-5.178900718688965,-3.151106834411621,-5.361944675445557,pca,False,train,In-Domain,
,,,,,,,,,,,,,,,,,,,,,,,,,,,,,,,,,,,,,,,,,,,,,,,,,,,,,,,,,,,,,,,,,,,,,,,,,,,,,,,,,,,,,,,,,,,,,,,,,,,,,,,,,,,,,,,,,,,,,,,-8.783439636230469,-0.4506350755691528,-2.548229694366455,pca,False,train,In-Domain,
,,,,,,,,,,,,,,,,,,,,,,,,,,,,,,,,,,,,,,,,,,,,,,,,,,,,,,,,,,,,,,,,,,,,,,,,,,,,,,,,,,,,,,,,,,,,,,,,,,,,,,,,,,,,,,,,,,,,,,,-8.867063522338867,-0.8342623710632324,-1.823879837989807,pca,False,train,In-Domain,
,,,,,,,,,,,,,,,,,,,,,,,,,,,,,,,,,,,,,,,,,,,,,,,,,,,,,,,,,,,,,,,,,,,,,,,,,,,,,,,,,,,,,,,,,,,,,,,,,,,,,,,,,,,,,,,,,,,,,,,9.479740142822266,-0.7823390960693359,-0.7270199060440063,pca,False,train,In-Domain,
,,,,,,,,,,,,,,,,,,,,,,,,,,,,,,,,,,,,,,,,,,,,,,,,,,,,,,,,,,,,,,,,,,,,,,,,,,,,,,,,,,,,,,,,,,,,,,,,,,,,,,,,,,,,,,,,,,,,,,,-0.574733555316925,-1.998074412345886,-0.4474852681159973,pca,False,train,In-Domain,
,,,,,,,,,,,,,,,,,,,,,,,,,,,,,,,,,,,,,,,,,,,,,,,,,,,,,,,,,,,,,,,,,,,,,,,,,,,,,,,,,,,,,,,,,,,,,,,,,,,,,,,,,,,,,,,,,,,,,,,-4.297332763671875,0.2597280442714691,2.747025966644287,pca,False,train,In-Domain,
,,,,,,,,,,,,,,,,,,,,,,,,,,,,,,,,,,,,,,,,,,,,,,,,,,,,,,,,,,,,,,,,,,,,,,,,,,,,,,,,,,,,,,,,,,,,,,,,,,,,,,,,,,,,,,,,,,,,,,,-4.460780143737793,0.349063903093338,3.071962594985962,pca,False,train,In-Domain,
,,,,,,,,,,,,,,,,,,,,,,,,,,,,,,,,,,,,,,,,,,,,,,,,,,,,,,,,,,,,,,,,,,,,,,,,,,,,,,,,,,,,,,,,,,,,,,,,,,,,,,,,,,,,,,,,,,,,,,,6.727589130401611,-3.714123725891113,-4.955679416656494,pca,False,train,In-Domain,
,,,,,,,,,,,,,,,,,,,,,,,,,,,,,,,,,,,,,,,,,,,,,,,,,,,,,,,,,,,,,,,,,,,,,,,,,,,,,,,,,,,,,,,,,,,,,,,,,,,,,,,,,,,,,,,,,,,,,,,-3.39385199546814,-5.310137271881104,-5.330116748809814,pca,False,train,In-Domain,
,,,,,,,,,,,,,,,,,,,,,,,,,,,,,,,,,,,,,,,,,,,,,,,,,,,,,,,,,,,,,,,,,,,,,,,,,,,,,,,,,,,,,,,,,,,,,,,,,,,,,,,,,,,,,,,,,,,,,,,-7.213864326477051,-2.142430543899536,-2.724654912948608,pca,False,train,In-Domain,
,,,,,,,,,,,,,,,,,,,,,,,,,,,,,,,,,,,,,,,,,,,,,,,,,,,,,,,,,,,,,,,,,,,,,,,,,,,,,,,,,,,,,,,,,,,,,,,,,,,,,,,,,,,,,,,,,,,,,,,-7.512157917022705,-2.474785327911377,-1.987702250480652,pca,False,train,In-Domain,
,,,,,,,,,,,,,,,,,,,,,,,,,,,,,,,,,,,,,,,,,,,,,,,,,,,,,,,,,,,,,,,,,,,,,,,,,,,,,,,,,,,,,,,,,,,,,,,,,,,,,,,,,,,,,,,,,,,,,,,5.164144515991211,-8.309980392456055,-7.742737293243408,pca,False,train,In-Domain,
,,,,,,,,,,,,,,,,,,,,,,,,,,,,,,,,,,,,,,,,,,,,,,,,,,,,,,,,,,,,,,,,,,,,,,,,,,,,,,,,,,,,,,,,,,,,,,,,,,,,,,,,,,,,,,,,,,,,,,,-5.273730278015137,-9.923494338989258,-8.402356147766113,pca,False,train,In-Domain,
,,,,,,,,,,,,,,,,,,,,,,,,,,,,,,,,,,,,,,,,,,,,,,,,,,,,,,,,,,,,,,,,,,,,,,,,,,,,,,,,,,,,,,,,,,,,,,,,,,,,,,,,,,,,,,,,,,,,,,,-8.853093147277832,-6.978227138519287,-5.291210651397705,pca,False,train,In-Domain,
,,,,,,,,,,,,,,,,,,,,,,,,,,,,,,,,,,,,,,,,,,,,,,,,,,,,,,,,,,,,,,,,,,,,,,,,,,,,,,,,,,,,,,,,,,,,,,,,,,,,,,,,,,,,,,,,,,,,,,,-9.258956909179688,-7.076632499694824,-4.661036968231201,pca,False,train,In-Domain,
